{"presets":{"Genesis":{"password_bg":"no_password_bg","password-background":"#fff","bg":"no_bg","background-position":"left top","background-repeat":"no-repeat","header-wrapper-background":"#ffffff","content-wrapper-background":"#ffffff","logo-color":"#000000","header":"#fafafa","hello-color":"#000000","header-icons":"#444444","header-icons-hover":"#999999","header-color":"#444444","text_color":"#949494","button_color":"#444444","button_hover":"#222222","button_text":"#ffffff","sale-color":"#cc0000","dotted_color":"#f0f0f0","navigation":"#fafafa","nav-border-color":"#dddddd","nav_color":"#444444","nav_hover_color":"#f5f5f5","nav_hover_link_color":"#000000","dropdown-background":"#f0f0f0","dropdown-hover-background":"#f5f5f5","dropdown-link-color":"#444444","dropdown-link-hover-color":"#000000","icons":"#000000","icons-hover":"#000000","footer_border":"#ffffff","footer_background":"#444444","footer_text":"#ffffff","footer_icons_color":"#444444","footer_icons_hover_color":"#000000","footer_input":"#ffffff","footer_input_text":"#000000","footer_button":"#000000","footer_button_text":"#ffffff","font":"'Lucida Grande', 'Lucida Sans Unicode', 'Lucida Sans', Lucida, Helvetica, Arial, sans-serif","font-size":"13px","headings_font":"'Montserrat', sans-serif","h1-size":"18px","h2-size":"16px","h3-size":"14px","h4-size":"13px","h5-size":"13px","heading-weight":"bold","link-decoration":"none","navigation-font":"'Montserrat', sans-serif","nav_size":"13px","nav-weight":"400","navigation-transform":"uppercase","product-title-size":"13px","price-size":"13px","main_nav":"main-menu","nav-style":"full","nav-height":"50px","megadropdown_link":"","nav_promo_image":false,"nav_promo_link":"\/collections\/all","mega_1_show":false,"mega_1_links":"","mega_2_show":false,"mega_2_links":"","mega_3_show":false,"mega_3_links":"","mega_4_show":false,"mega_4_links":"","nav-top-border-height":"1px","nav-bottom-border-height":"1px","breadcrumb":true,"quickview":true,"image-flip":true,"alternate_colors":false,"vendor":true,"product-border-size":"0","product-border":false,"show_twitter":true,"twittername":"","show_facebook":true,"facebook_url":"","show_pinterest":true,"pinterest_url":"","show_tumblr":false,"tumblr_url":"","show_youtube":false,"youtube_url":"","show_googleplus":false,"googleplus_url":"","show_instagram":false,"instagram-id":"","show_snapchat":false,"snapchat-id":"Enter ID only","show_weibo":false,"weibo-id":"Enter ID only","show_rss":false,"popup":false,"email_popup_image":false,"mailchimp":"","footer_signup_text":"","show_multiple_currencies":true,"currency_format":"money_with_currency_format","supported_currencies":"CAD USD","default_currency":"CAD","checkout_header_image":"","checkout_logo_image":"","checkout_logo_position":"left","checkout_logo_size":"medium","checkout_body_background_image":"","checkout_body_background_color":"#fff","checkout_input_background_color_mode":"white","checkout_sidebar_background_image":"","checkout_sidebar_background_color":"#fafafa","checkout_heading_font":"Helvetica Neue","checkout_body_font":"Helvetica Neue","checkout_accent_color":"#1990C6","checkout_button_color":"#1990C6","checkout_error_color":"#ff6d6d","Links and accents":"#444444","sections":{"header":{"type":"header","settings":{"logo":"","logo_max_width":"600","logo-size":"30px","logo-transform":"uppercase","logo-weight":"400","hello":"","cart_icon":"cart","hello-size":"13px","hello-weight":"400"}},"footer":{"type":"footer","blocks":{"1480352627697":{"type":"menu","settings":{"footer_nav":"footer","title":"Explore"}},"1480352634086":{"type":"newsletter","settings":{"title":"connect","mailchimp":""}}},"block_order":["1480352627697","1480352634086"],"settings":{"bottom_logo":"","bottom_logo_max_width":"600","footer_text_align":"left","footer_title_weight":"300","footer_title_transform":"uppercase","footer_title_size":"14px"}},"1480352639511":{"type":"slideshow","blocks":{"1480352639511-0":{"type":"image","settings":{"image":"","title":"Add a title to your image","subheading":"Tell your brand's story through images","button_text":"Add a call to action","link":"","caption_horizontal":"left","caption_vertical":"45%","slide_text_color":"#000000","cta_color":"#ffffff","cta_background":"#000000"}},"1480352639511-1":{"type":"image","settings":{"image":"","title":"Add a title to your image","subheading":"Tell your brand's story through images","button_text":"Add a call to action","link":"","caption_horizontal":"left","caption_vertical":"45%","slide_text_color":"#000000","cta_color":"#ffffff","cta_background":"#000000"}}},"block_order":["1480352639511-0","1480352639511-1"],"settings":{"display-wide":true,"slide-title-size":"22px","slide-title-weight":"700","caption-size":"14px","cta_size":"14px","cta_weight":"400"}},"1480352660966":{"type":"featured-images","blocks":{"1480352660966-0":{"type":"image","settings":{"image_width":"33%","image":"","link":"","title_text":"Our collections","hidden_text":"Shop now","promo_color":"#ffffff","hidden_color":"#ffffff"}},"1480352660966-1":{"type":"image","settings":{"image_width":"33%","image":"","link":"","title_text":"Our collections","hidden_text":"Shop now","promo_color":"#ffffff","hidden_color":"#ffffff"}},"1480352660966-2":{"type":"image","settings":{"image_width":"33%","image":"","link":"","title_text":"Our collections","hidden_text":"Shop now","promo_color":"#ffffff","hidden_color":"#ffffff"}}},"block_order":["1480352660966-0","1480352660966-1","1480352660966-2"],"settings":{"promo_size":"12px","hidden_size":"12px"}},"1480352675242":{"type":"featured-products","settings":{"title":"Featured Products","collection":"","limit":"6"}},"1480352686120":{"type":"featured-images","blocks":{"1480352686120-0":{"type":"image","settings":{"image_width":"50%","image":"","link":"","title_text":"Our collections","hidden_text":"Shop now","promo_color":"#ffffff","hidden_color":"#ffffff"}},"1480352686120-1":{"type":"image","settings":{"image_width":"50%","image":"","link":"","title_text":"Our collections","hidden_text":"Shop now","promo_color":"#ffffff","hidden_color":"#ffffff"}}},"block_order":["1480352686120-0","1480352686120-1"],"settings":{"promo_size":"12px","hidden_size":"12px"}},"1480352707530":{"type":"featured-collections","blocks":{"1480352707530-0":{"type":"featured_collection","settings":{"collection":""}},"1480352707530-1":{"type":"featured_collection","settings":{"collection":""}},"1480352718147":{"type":"featured_collection","settings":{"collection":""}},"1480352719980":{"type":"featured_collection","settings":{"collection":""}}},"block_order":["1480352707530-0","1480352707530-1","1480352718147","1480352719980"],"settings":{"title":"Featured Collections","grid":"4","collection_count":false}},"list-collection-template":{"type":"list-collection-template","settings":{"grid":"3","collection_count":false}},"collection-template":{"type":"collection-template","settings":{"products-per-row":"4","sort-dropdown-a-check":false,"sort_a":"","sort-dropdown-b-check":false,"sort_b":"","sort-dropdown-c-check":false,"sort_c":""}},"product-template":{"type":"product-template","settings":{"product-page-border":"#f0f0f0","product-form-background":"#fff","subtitle":true,"product_quantity":true,"show-sku":false,"product-description":"right","use-swatch-images":false,"popup-one":"","popup-two":"","popup-three":"","popup-4":true}},"blog-template":{"type":"blog-template","settings":{"tiled-blog-layout":true,"show-date":true,"show-author":true,"show-social-icons":false}},"article-template":{"type":"article-template","settings":{"show-date":true,"show-author":true}}},"content_for_index":["1480352639511","1480352660966","1480352675242","1480352686120","1480352707530"]},"Exodus":{"password_bg":"no_password_bg","password-background":"#fff","bg":"no_bg","background-position":"left top","background-repeat":"no-repeat","header-wrapper-background":"#ffffff","content-wrapper-background":"#ffffff","logo-color":"#000000","header":"#fafafa","hello-color":"#000000","header-icons":"#000000","header-icons-hover":"#999999","header-color":"#000000","text_color":"#000000","link_color":"#000000","button_color":"#000000","button_hover":"#222222","button_text":"#ffffff","sale-color":"#cc0000","dotted_color":"#f0f0f0","navigation":"#ffffff","nav-border-color":"#ffffff","nav_color":"#000000","nav_hover_color":"#ffffff","nav_hover_link_color":"#850000","dropdown-background":"#ffffff","dropdown-hover-background":"#ffffff","dropdown-link-color":"#000000","dropdown-link-hover-color":"#850000","icons":"#000000","icons-hover":"#000000","footer_border":"#ffffff","footer_background":"#292929","footer_text":"#ffffff","footer_icons_color":"#ffffff","footer_icons_hover_color":"#fcfcfc","footer_input":"#ffffff","footer_input_text":"#000000","footer_button":"#000000","footer_button_text":"#ffffff","font":"'Roboto', sans-serif;","font-size":"12px","headings_font":"'Roboto', sans-serif;","h1-size":"22px","h2-size":"20px","h3-size":"18px","h4-size":"16px","h5-size":"14px","heading-weight":"bold","link-decoration":"none","navigation-font":"'Roboto', sans-serif;","nav_size":"13px","nav-weight":"700","navigation-transform":"uppercase","product-title-size":"13px","price-size":"13px","main_nav":"main-menu","nav-style":"full","nav-height":"50px","megadropdown_link":"","nav_promo_image":false,"nav_promo_link":"\/collections\/all","mega_1_show":false,"mega_1_links":"","mega_2_show":false,"mega_2_links":"","mega_3_show":false,"mega_3_links":"","mega_4_show":false,"mega_4_links":"","nav-top-border-height":"1px","nav-bottom-border-height":"1px","breadcrumb":true,"quickview":true,"image-flip":true,"alternate_colors":false,"vendor":true,"product-border-size":"0","product-border":false,"show_twitter":true,"twittername":"","show_facebook":true,"facebook_url":"","show_pinterest":true,"pinterest_url":"","show_tumblr":false,"tumblr_url":"","show_youtube":false,"youtube_url":"","show_googleplus":false,"googleplus_url":"","show_instagram":false,"instagram-id":"","show_snapchat":false,"snapchat-id":"Enter ID only","show_weibo":false,"weibo-id":"Enter ID only","show_rss":false,"popup":false,"email_popup_image":false,"mailchimp":"","footer_signup_text":"","show_multiple_currencies":false,"currency_format":"money_with_currency_format","supported_currencies":"CAD USD","default_currency":"CAD","checkout_header_image":"","checkout_logo_image":"","checkout_logo_position":"left","checkout_logo_size":"medium","checkout_body_background_image":"","checkout_body_background_color":"#fff","checkout_input_background_color_mode":"white","checkout_sidebar_background_image":"","checkout_sidebar_background_color":"#fafafa","checkout_heading_font":"Helvetica Neue","checkout_body_font":"Helvetica Neue","checkout_accent_color":"#1990C6","checkout_button_color":"#1990C6","checkout_error_color":"#ff6d6d","Links and accents":"#444444","sections":{"header":{"type":"header","settings":{"logo":"","logo_max_width":"600","logo-size":"30px","logo-transform":"uppercase","logo-weight":"400","hello":"","cart_icon":"cart","hello-size":"13px","hello-weight":"400"}},"footer":{"type":"footer","blocks":{"1480352627697":{"type":"menu","settings":{"footer_nav":"footer","title":"Explore"}},"1480352634086":{"type":"newsletter","settings":{"title":"connect","mailchimp":""}}},"block_order":["1480352627697","1480352634086"],"settings":{"bottom_logo":"","bottom_logo_max_width":"600","footer_text_align":"left","footer_title_weight":"300","footer_title_transform":"uppercase","footer_title_size":"14px"}},"1480352639511":{"type":"slideshow","blocks":{"1480352639511-0":{"type":"image","settings":{"image":"","title":"Add a title to your image","subheading":"Tell your brand's story through images","button_text":"Add a call to action","link":"","caption_horizontal":"left","caption_vertical":"45%","slide_text_color":"#000000","cta_color":"#ffffff","cta_background":"#000000"}},"1480352639511-1":{"type":"image","settings":{"image":"","title":"Add a title to your image","subheading":"Tell your brand's story through images","button_text":"Add a call to action","link":"","caption_horizontal":"left","caption_vertical":"45%","slide_text_color":"#000000","cta_color":"#ffffff","cta_background":"#000000"}}},"block_order":["1480352639511-0","1480352639511-1"],"settings":{"display-wide":true,"slide-title-size":"22px","slide-title-weight":"700","caption-size":"14px","cta_size":"14px","cta_weight":"400"}},"1480352660966":{"type":"featured-images","blocks":{"1480352660966-0":{"type":"image","settings":{"image_width":"33%","image":"","link":"","title_text":"Our collections","hidden_text":"Shop now","promo_color":"#ffffff","hidden_color":"#ffffff"}},"1480352660966-1":{"type":"image","settings":{"image_width":"33%","image":"","link":"","title_text":"Our collections","hidden_text":"Shop now","promo_color":"#ffffff","hidden_color":"#ffffff"}},"1480352660966-2":{"type":"image","settings":{"image_width":"33%","image":"","link":"","title_text":"Our collections","hidden_text":"Shop now","promo_color":"#ffffff","hidden_color":"#ffffff"}}},"block_order":["1480352660966-0","1480352660966-1","1480352660966-2"],"settings":{"promo_size":"12px","hidden_size":"12px"}},"1480352675242":{"type":"featured-products","settings":{"title":"Featured Products","collection":"","limit":"6"}},"1480352686120":{"type":"featured-images","blocks":{"1480352686120-0":{"type":"image","settings":{"image_width":"50%","image":"","link":"","title_text":"Our collections","hidden_text":"Shop now","promo_color":"#ffffff","hidden_color":"#ffffff"}},"1480352686120-1":{"type":"image","settings":{"image_width":"50%","image":"","link":"","title_text":"Our collections","hidden_text":"Shop now","promo_color":"#ffffff","hidden_color":"#ffffff"}}},"block_order":["1480352686120-0","1480352686120-1"],"settings":{"promo_size":"12px","hidden_size":"12px"}},"1480352707530":{"type":"featured-collections","blocks":{"1480352707530-0":{"type":"featured_collection","settings":{"collection":""}},"1480352707530-1":{"type":"featured_collection","settings":{"collection":""}},"1480352718147":{"type":"featured_collection","settings":{"collection":""}},"1480352719980":{"type":"featured_collection","settings":{"collection":""}}},"block_order":["1480352707530-0","1480352707530-1","1480352718147","1480352719980"],"settings":{"title":"Featured Collections","grid":"4","collection_count":false}},"list-collection-template":{"type":"list-collection-template","settings":{"grid":"3","collection_count":false}},"collection-template":{"type":"collection-template","settings":{"products-per-row":"4","sort-dropdown-a-check":false,"sort_a":"","sort-dropdown-b-check":false,"sort_b":"","sort-dropdown-c-check":false,"sort_c":""}},"product-template":{"type":"product-template","settings":{"product-page-border":"#f0f0f0","product-form-background":"#fff","subtitle":true,"product_quantity":true,"show-sku":false,"product-description":"right","use-swatch-images":false,"popup-one":"","popup-two":"","popup-three":"","popup-4":true}},"blog-template":{"type":"blog-template","settings":{"tiled-blog-layout":true,"show-date":true,"show-author":true,"show-social-icons":false}},"article-template":{"type":"article-template","settings":{"show-date":true,"show-author":true}}},"content_for_index":["1480352639511","1480352660966","1480352675242","1480352686120","1480352707530"]},"Revelation":{"password_bg":"no_password_bg","password-background":"#fff","bg":"no_bg","background-position":"left top","background-repeat":"no-repeat","header-wrapper-background":"#ffffff","content-wrapper-background":"#ffffff","logo-color":"#000000","header":"#ffeded","hello-color":"#a86161","header-icons":"#a86161","header-icons-hover":"#a86161","header-color":"#000000","text_color":"#000000","link_color":"#000000","button_color":"#2c2929","button_hover":"#222222","button_text":"#ffffff","sale-color":"#a86161","dotted_color":"#f0f0f0","navigation":"#222222","nav-border-color":"#ffffff","nav_color":"#ffffff","nav_hover_color":"#222222","nav_hover_link_color":"#d4b2b2","dropdown-background":"#ffffff","dropdown-hover-background":"#ffffff","dropdown-link-color":"#000000","dropdown-link-hover-color":"#d4b2b2","icons":"#222222","icons-hover":"#222222","footer_border":"#444444","footer_background":"#292929","footer_text":"#ffffff","footer_icons_color":"#ffffff","footer_icons_hover_color":"#d4b2b2","footer_input":"#ffffff","footer_input_text":"#2c2929","footer_button":"#2c2929","footer_button_text":"#ffffff","font":"'Roboto', sans-serif;","font-size":"12px","headings_font":"'Roboto', sans-serif;","h1-size":"22px","h2-size":"20px","h3-size":"18px","h4-size":"16px","h5-size":"14px","heading-weight":"bold","link-decoration":"none","navigation-font":"'Roboto', sans-serif;","nav_size":"13px","nav-weight":"700","navigation-transform":"uppercase","product-title-size":"13px","price-size":"13px","main_nav":"main-menu","nav-style":"full","nav-height":"50px","megadropdown_link":"","nav_promo_image":false,"nav_promo_link":"\/collections\/all","mega_1_show":false,"mega_1_links":"","mega_2_show":false,"mega_2_links":"","mega_3_show":false,"mega_3_links":"","mega_4_show":false,"mega_4_links":"","nav-top-border-height":"1px","nav-bottom-border-height":"1px","breadcrumb":true,"quickview":true,"image-flip":true,"alternate_colors":false,"vendor":true,"product-border-size":"0","product-border":false,"show_twitter":true,"twittername":"","show_facebook":true,"facebook_url":"","show_pinterest":true,"pinterest_url":"","show_tumblr":false,"tumblr_url":"","show_youtube":false,"youtube_url":"","show_googleplus":false,"googleplus_url":"","show_instagram":false,"instagram-id":"","show_snapchat":false,"snapchat-id":"Enter ID only","show_weibo":false,"weibo-id":"Enter ID only","show_rss":false,"popup":false,"email_popup_image":false,"mailchimp":"","footer_signup_text":"","show_multiple_currencies":false,"currency_format":"money_with_currency_format","supported_currencies":"CAD USD","default_currency":"CAD","checkout_header_image":"","checkout_logo_image":"","checkout_logo_position":"left","checkout_logo_size":"medium","checkout_body_background_image":"","checkout_body_background_color":"#fff","checkout_input_background_color_mode":"white","checkout_sidebar_background_image":"","checkout_sidebar_background_color":"#fafafa","checkout_heading_font":"Helvetica Neue","checkout_body_font":"Helvetica Neue","checkout_accent_color":"#1990C6","checkout_button_color":"#1990C6","checkout_error_color":"#ff6d6d","Links and accents":"#444444","sections":{"header":{"type":"header","settings":{"logo":"","logo_max_width":"600","logo-size":"30px","logo-transform":"uppercase","logo-weight":"400","hello":"","cart_icon":"cart","hello-size":"13px","hello-weight":"400"}},"footer":{"type":"footer","blocks":{"1480352627697":{"type":"menu","settings":{"footer_nav":"footer","title":"Explore"}},"1480352634086":{"type":"newsletter","settings":{"title":"connect","mailchimp":""}}},"block_order":["1480352627697","1480352634086"],"settings":{"bottom_logo":"","bottom_logo_max_width":"600","footer_text_align":"left","footer_title_weight":"500","footer_title_transform":"uppercase","footer_title_size":"14px"}},"1480352639511":{"type":"slideshow","blocks":{"1480352639511-0":{"type":"image","settings":{"image":"","title":"Add a title to your image","subheading":"Tell your brand's story through images","button_text":"Add a call to action","link":"","caption_horizontal":"left","caption_vertical":"45%","slide_text_color":"#000000","cta_color":"#ffffff","cta_background":"#000000"}},"1480352639511-1":{"type":"image","settings":{"image":"","title":"Add a title to your image","subheading":"Tell your brand's story through images","button_text":"Add a call to action","link":"","caption_horizontal":"left","caption_vertical":"45%","slide_text_color":"#000000","cta_color":"#ffffff","cta_background":"#000000"}}},"block_order":["1480352639511-0","1480352639511-1"],"settings":{"display-wide":true,"slide-title-size":"22px","slide-title-weight":"700","caption-size":"14px","cta_size":"14px","cta_weight":"400"}},"1480352660966":{"type":"featured-images","blocks":{"1480352660966-0":{"type":"image","settings":{"image_width":"33%","image":"","link":"","title_text":"Our collections","hidden_text":"Shop now","promo_color":"#ffffff","hidden_color":"#ffffff"}},"1480352660966-1":{"type":"image","settings":{"image_width":"33%","image":"","link":"","title_text":"Our collections","hidden_text":"Shop now","promo_color":"#ffffff","hidden_color":"#ffffff"}},"1480352660966-2":{"type":"image","settings":{"image_width":"33%","image":"","link":"","title_text":"Our collections","hidden_text":"Shop now","promo_color":"#ffffff","hidden_color":"#ffffff"}}},"block_order":["1480352660966-0","1480352660966-1","1480352660966-2"],"settings":{"promo_size":"12px","hidden_size":"12px"}},"1480352675242":{"type":"featured-products","settings":{"title":"Featured Products","collection":"","limit":"6"}},"1480352686120":{"type":"featured-images","blocks":{"1480352686120-0":{"type":"image","settings":{"image_width":"50%","image":"","link":"","title_text":"Our collections","hidden_text":"Shop now","promo_color":"#ffffff","hidden_color":"#ffffff"}},"1480352686120-1":{"type":"image","settings":{"image_width":"50%","image":"","link":"","title_text":"Our collections","hidden_text":"Shop now","promo_color":"#ffffff","hidden_color":"#ffffff"}}},"block_order":["1480352686120-0","1480352686120-1"],"settings":{"promo_size":"12px","hidden_size":"12px"}},"1480352707530":{"type":"featured-collections","blocks":{"1480352707530-0":{"type":"featured_collection","settings":{"collection":""}},"1480352707530-1":{"type":"featured_collection","settings":{"collection":""}},"1480352718147":{"type":"featured_collection","settings":{"collection":""}},"1480352719980":{"type":"featured_collection","settings":{"collection":""}}},"block_order":["1480352707530-0","1480352707530-1","1480352718147","1480352719980"],"settings":{"title":"Featured Collections","grid":"4","collection_count":false}},"list-collection-template":{"type":"list-collection-template","settings":{"grid":"3","collection_count":false}},"collection-template":{"type":"collection-template","settings":{"products-per-row":"3","sort-dropdown-a-check":false,"sort_a":"","sort-dropdown-b-check":false,"sort_b":"","sort-dropdown-c-check":false,"sort_c":""}},"product-template":{"type":"product-template","settings":{"product-page-border":"#f0f0f0","product-form-background":"#fff","subtitle":true,"product_quantity":true,"show-sku":false,"product-description":"right","use-swatch-images":false,"popup-one":"","popup-two":"","popup-three":"","popup-4":true}},"blog-template":{"type":"blog-template","settings":{"tiled-blog-layout":true,"show-date":true,"show-author":true,"show-social-icons":false}},"article-template":{"type":"article-template","settings":{"show-date":true,"show-author":true}},"1480355931824":{"type":"instagram-feed","settings":{"title":"Follow us on Instagram","instagram-access-token":""}}},"content_for_index":["1480352639511","1480352660966","1480352675242","1480352686120","1480352707530","1480355931824"]},"Deliverance":{"password_bg":"no_password_bg","password-background":"#fff","bg":"no_bg","background-position":"left top","background-repeat":"no-repeat","header-wrapper-background":"#ffffff","content-wrapper-background":"#ffffff","logo-color":"#000000","header":"#000000","hello-color":"#ffffff","header-icons":"#ffffff","header-icons-hover":"#ffffff","header-color":"#000000","text_color":"#000000","link_color":"#000000","button_color":"#2c2929","button_hover":"#222222","button_text":"#ffffff","sale-color":"#cc0000","dotted_color":"#f0f0f0","navigation":"#000000","nav-border-color":"#ffffff","nav_color":"#ffffff","nav_hover_color":"#000000","nav_hover_link_color":"#ffffff","dropdown-background":"#ffffff","dropdown-hover-background":"#ffffff","dropdown-link-color":"#000000","dropdown-link-hover-color":"#050000","icons":"#000000","icons-hover":"#000000","footer_border":"#ffffff","footer_background":"#000000","footer_text":"#ffffff","footer_icons_color":"#ffffff","footer_icons_hover_color":"#ffffff","footer_input":"#292929","footer_input_text":"#ffffff","footer_button":"#333333","footer_button_text":"#ffffff","font":"'Open Sans', sans-serif","font-size":"12px","headings_font":"'Lato', sans-serif","h1-size":"28px","h2-size":"24px","h3-size":"20px","h4-size":"16px","h5-size":"14px","heading-weight":"bold","link-decoration":"none","navigation-font":"'Lato', sans-serif","nav_size":"14px","nav-weight":"400","navigation-transform":"uppercase","product-title-size":"13px","price-size":"13px","main_nav":"main-menu","nav-style":"full","nav-height":"50px","megadropdown_link":"","nav_promo_image":false,"nav_promo_link":"\/collections\/all","mega_1_show":false,"mega_1_links":"","mega_2_show":false,"mega_2_links":"","mega_3_show":false,"mega_3_links":"","mega_4_show":false,"mega_4_links":"","nav-top-border-height":"1px","nav-bottom-border-height":"1px","breadcrumb":true,"quickview":true,"image-flip":true,"alternate_colors":false,"vendor":true,"product-border-size":"0","product-border":false,"show_twitter":true,"twittername":"","show_facebook":true,"facebook_url":"","show_pinterest":true,"pinterest_url":"","show_tumblr":false,"tumblr_url":"","show_youtube":false,"youtube_url":"","show_googleplus":false,"googleplus_url":"","show_instagram":false,"instagram-id":"","show_snapchat":false,"snapchat-id":"Enter ID only","show_weibo":false,"weibo-id":"Enter ID only","show_rss":false,"popup":false,"email_popup_image":false,"mailchimp":"","footer_signup_text":"","show_multiple_currencies":false,"currency_format":"money_with_currency_format","supported_currencies":"CAD USD","default_currency":"CAD","checkout_header_image":"","checkout_logo_image":"","checkout_logo_position":"left","checkout_logo_size":"medium","checkout_body_background_image":"","checkout_body_background_color":"#fff","checkout_input_background_color_mode":"white","checkout_sidebar_background_image":"","checkout_sidebar_background_color":"#fafafa","checkout_heading_font":"Helvetica Neue","checkout_body_font":"Helvetica Neue","checkout_accent_color":"#1990C6","checkout_button_color":"#1990C6","checkout_error_color":"#ff6d6d","Links and accents":"#444444","sections":{"header":{"type":"header","settings":{"logo":"","logo_max_width":"600","logo-size":"30px","logo-transform":"uppercase","logo-weight":"400","hello":"","cart_icon":"cart","hello-size":"13px","hello-weight":"400"}},"footer":{"type":"footer","blocks":{"1480352627697":{"type":"menu","settings":{"footer_nav":"footer","title":"Explore"}},"1480352634086":{"type":"newsletter","settings":{"title":"connect","mailchimp":""}}},"block_order":["1480352627697","1480352634086"],"settings":{"bottom_logo":"","bottom_logo_max_width":"600","footer_text_align":"left","footer_title_weight":"500","footer_title_transform":"uppercase","footer_title_size":"14px"}},"1480352639511":{"type":"slideshow","blocks":{"1480352639511-0":{"type":"image","settings":{"image":"","title":"Add a title to your image","subheading":"Tell your brand's story through images","button_text":"Add a call to action","link":"","caption_horizontal":"left","caption_vertical":"45%","slide_text_color":"#000000","cta_color":"#ffffff","cta_background":"#000000"}},"1480352639511-1":{"type":"image","settings":{"image":"","title":"Add a title to your image","subheading":"Tell your brand's story through images","button_text":"Add a call to action","link":"","caption_horizontal":"left","caption_vertical":"45%","slide_text_color":"#000000","cta_color":"#ffffff","cta_background":"#000000"}}},"block_order":["1480352639511-0","1480352639511-1"],"settings":{"display-wide":true,"slide-title-size":"22px","slide-title-weight":"700","caption-size":"14px","cta_size":"14px","cta_weight":"400"}},"1480352660966":{"type":"featured-images","blocks":{"1480352660966-0":{"type":"image","settings":{"image_width":"100%","image":"","link":"","title_text":"Our collections","hidden_text":"Shop now","promo_color":"#ffffff","hidden_color":"#ffffff"}}},"block_order":["1480352660966-0"],"settings":{"promo_size":"12px","hidden_size":"12px"}},"1480352675242":{"type":"featured-products","settings":{"title":"Featured Products","collection":"","limit":"6"}},"1480352686120":{"type":"featured-images","blocks":{"1480352686120-0":{"type":"image","settings":{"image_width":"50%","image":"","link":"","title_text":"Our collections","hidden_text":"Shop now","promo_color":"#ffffff","hidden_color":"#ffffff"}},"1480352686120-1":{"type":"image","settings":{"image_width":"50%","image":"","link":"","title_text":"Our collections","hidden_text":"Shop now","promo_color":"#ffffff","hidden_color":"#ffffff"}}},"block_order":["1480352686120-0","1480352686120-1"],"settings":{"promo_size":"12px","hidden_size":"12px"}},"1480352707530":{"type":"featured-collections","blocks":{"1480352707530-0":{"type":"featured_collection","settings":{"collection":""}},"1480352707530-1":{"type":"featured_collection","settings":{"collection":""}},"1480352718147":{"type":"featured_collection","settings":{"collection":""}},"1480352719980":{"type":"featured_collection","settings":{"collection":""}}},"block_order":["1480352707530-0","1480352707530-1","1480352718147","1480352719980"],"settings":{"title":"Featured Collections","grid":"4","collection_count":false}},"list-collection-template":{"type":"list-collection-template","settings":{"grid":"3","collection_count":false}},"collection-template":{"type":"collection-template","settings":{"products-per-row":"3","sort-dropdown-a-check":false,"sort_a":"","sort-dropdown-b-check":false,"sort_b":"","sort-dropdown-c-check":false,"sort_c":""}},"product-template":{"type":"product-template","settings":{"product-page-border":"#f0f0f0","product-form-background":"#fff","subtitle":true,"product_quantity":true,"show-sku":false,"product-description":"right","use-swatch-images":false,"popup-one":"","popup-two":"","popup-three":"","popup-4":true}},"blog-template":{"type":"blog-template","settings":{"tiled-blog-layout":true,"show-date":true,"show-author":true,"show-social-icons":false}},"article-template":{"type":"article-template","settings":{"show-date":true,"show-author":true}},"1480355931824":{"type":"instagram-feed","settings":{"title":"Follow us on Instagram","instagram-access-token":""}},"1480356235240":{"type":"featured-products","settings":{"title":"Featured Products","collection":"","limit":"6"}},"1480356264603":{"type":"featured-products","settings":{"title":"Featured Products","collection":"","limit":"6"}},"1480356280375":{"type":"featured-images","blocks":{"1480356280375-0":{"type":"image","settings":{"image_width":"50%","image":"","link":"","title_text":"Our collections","hidden_text":"Shop now","promo_color":"#ffffff","hidden_color":"#ffffff"}},"1480356280375-1":{"type":"image","settings":{"image_width":"50%","image":"","link":"","title_text":"Our collections","hidden_text":"Shop now","promo_color":"#ffffff","hidden_color":"#ffffff"}}},"block_order":["1480356280375-0","1480356280375-1"],"settings":{"promo_size":"12px","hidden_size":"12px"}},"1480356301009":{"type":"featured-blog","settings":{"title":"From the blog","blog":"","post_limit":"3"}}},"content_for_index":["1480352639511","1480352707530","1480352675242","1480352660966","1480356235240","1480352686120","1480356264603","1480356280375","1480356301009","1480355931824"]}},"current":{"favicon":"","bg":"no_bg","background-position":"left top","background-repeat":"no-repeat","header-wrapper-background":"#ffffff","content-wrapper-background":"#ffffff","logo-color":"#000000","header":"#fafafa","hello-color":"#000000","header-icons":"#444444","header-icons-hover":"#999999","header-color":"#444444","text_color":"#949494","link_color":"#000000","button_color":"#444444","button_hover":"#222222","button_text":"#ffffff","sale-color":"#cc0000","dotted_color":"#f0f0f0","navigation":"#fafafa","nav-border-color":"#dddddd","nav_color":"#444444","nav_hover_color":"#f5f5f5","nav_hover_link_color":"#000000","dropdown-background":"#f0f0f0","dropdown-hover-background":"#f5f5f5","dropdown-link-color":"#444444","dropdown-link-hover-color":"#000000","icons":"#000000","icons-hover":"#000000","footer_border":"#ffffff","footer_background":"#444444","footer_text":"#ffffff","footer_icons_color":"#444444","footer_icons_hover_color":"#000000","footer_input":"#ffffff","footer_input_text":"#000000","footer_button":"#000000","footer_button_text":"#ffffff","font":"'Lucida Grande', 'Lucida Sans Unicode', 'Lucida Sans', Lucida, Helvetica, Arial, sans-serif","font-size":"13px","headings_font":"'Montserrat', sans-serif","h1-size":"18px","h2-size":"16px","h3-size":"14px","h4-size":"13px","h5-size":"13px","heading-weight":"bold","link-decoration":"none","navigation-font":"'Montserrat', sans-serif","nav_size":"13px","nav-weight":"400","navigation-transform":"uppercase","breadcrumb":true,"product-title-size":"13px","price-size":"13px","quickview":true,"image-flip":true,"alternate_colors":false,"vendor":true,"product-border":false,"twittername":"","facebook_url":"","pinterest_url":"","tumblr_url":"","youtube_url":"","googleplus_url":"","instagram-id":"","snapchat-id":"Enter ID only","weibo-id":"Enter ID only","popup":false,"test-mode":false,"email-image":"","email-popup-title":"","footer_signup_text":"","show_multiple_currencies":true,"currency_format":"money_with_currency_format","supported_currencies":"CAD USD","default_currency":"CAD","checkout_header_image":"","checkout_logo_image":"","checkout_logo_position":"left","checkout_logo_size":"medium","checkout_body_background_image":"","checkout_body_background_color":"#fff","checkout_input_background_color_mode":"white","checkout_sidebar_background_image":"","checkout_sidebar_background_color":"#fafafa","checkout_heading_font":"Helvetica Neue","checkout_body_font":"Helvetica Neue","checkout_accent_color":"#1990C6","checkout_button_color":"#1990C6","checkout_error_color":"#ff6d6d","product-border-size":"0","email_popup_image":false,"show_twitter":true,"show_facebook":true,"show_pinterest":true,"show_tumblr":false,"show_youtube":false,"show_googleplus":false,"show_instagram":false,"show_snapchat":false,"show_weibo":false,"show_rss":false,"mailchimp":"","password_bg":"no_password_bg","password-background":"#fff","main_nav":"main-menu","nav-style":"full","nav-height":"50px","megadropdown_link":"","nav_promo_image":false,"nav_promo_link":"\/collections\/all","mega_1_show":false,"mega_1_links":"","mega_2_show":false,"mega_2_links":"","mega_3_show":false,"mega_3_links":"","mega_4_show":false,"mega_4_links":"","nav-top-border-height":"1px","nav-bottom-border-height":"1px","Links and accents":"#444444","sections":{"header":{"type":"header","blocks":{"1488240219105":{"type":"menu","settings":{"mega-nav":"main-menu","title":"Explore"}}},"block_order":["1488240219105"],"settings":{"logo":"shopify:\/\/shop_images\/logo_final_design_ed59ed37-267e-47de-804e-24e604214d06.png","logo_max_width":"30","logo-size":"13px","logo-transform":"uppercase","logo-weight":"400","hello":"<p>Insert Logo Here<\/p>","cart_icon":"cart","hello-size":"13px","hello-weight":"700","main_nav":"main-menu","nav-style":"full","nav-height":"30px","nav-top-border-height":"0px","nav-bottom-border-height":"0px","megadropdown_link":"Catalog","nav_promo_image":"","nav_promo_link":"\/collections\/all"}},"footer":{"type":"footer","blocks":{"1480352627697":{"type":"menu","settings":{"footer_nav":"footer","title":"Explore"}},"1480352634086":{"type":"newsletter","settings":{"title":"connect","mailchimp":""}}},"block_order":["1480352627697","1480352634086"],"settings":{"bottom_logo":"","bottom_logo_max_width":"600","footer_text_align":"left","footer_title_weight":"300","footer_title_transform":"uppercase","footer_title_size":"14px"}},"1480352639511":{"type":"slideshow","blocks":{"1480352639511-0":{"type":"image","settings":{"image":"","title":"Add a title to your image","subheading":"Tell your brand's story through images","button_text":"Add a call to action","link":"","caption_horizontal":"left","caption_vertical":"45%","slide_text_color":"#000000","cta_color":"#ffffff","cta_background":"#000000"}},"1480352639511-1":{"type":"image","settings":{"image":"","title":"Add a title to your image","subheading":"Tell your brand's story through images","button_text":"Add a call to action","link":"","caption_horizontal":"left","caption_vertical":"45%","slide_text_color":"#000000","cta_color":"#ffffff","cta_background":"#000000"}}},"block_order":["1480352639511-0","1480352639511-1"],"settings":{"display-wide":true,"slider_speed":"6000","slide-title-size":"22px","slide-title-weight":"700","caption-size":"14px","cta_size":"14px","cta_weight":"400"}},"1480352675242":{"type":"featured-products","settings":{"title":"Featured Products","collection":"","limit":"6"}},"1480352686120":{"type":"featured-images","blocks":{"1480352686120-0":{"type":"image","settings":{"image_width":"50%","image":"","link":"","title_text":"Our collections","hidden_text":"Shop now","promo_color":"#ffffff","hidden_color":"#ffffff"}},"1480352686120-1":{"type":"image","settings":{"image_width":"50%","image":"","link":"","title_text":"Our collections","hidden_text":"Shop now","promo_color":"#ffffff","hidden_color":"#ffffff"}}},"block_order":["1480352686120-0","1480352686120-1"],"settings":{"promo_size":"12px","hidden_size":"12px"}},"1480352707530":{"type":"featured-collections","blocks":{"1480352707530-0":{"type":"featured_collection","settings":{"collection":""}},"1480352707530-1":{"type":"featured_collection","settings":{"collection":""}},"1480352718147":{"type":"featured_collection","settings":{"collection":""}},"1480352719980":{"type":"featured_collection","settings":{"collection":""}}},"block_order":["1480352707530-0","1480352707530-1","1480352718147","1480352719980"],"settings":{"title":"Featured Collections","grid":"4","collection_count":false}},"list-collection-template":{"type":"list-collection-template","settings":{"image":"","text":"<p>Add some descriptive text to your all collections page.<\/p>","grid":"3","collection_count":false}},"collection-template":{"type":"collection-template","settings":{"products_per_page":"24","products-per-row":"4","sort-by":true,"sort-dropdown-a-check":false,"filter-1-title":"","sort_a":"","sort-dropdown-b-check":false,"filter-2-title":"","sort_b":"","sort-dropdown-c-check":false,"filter-3-title":"","sort_c":""}},"product-template":{"type":"product-template","settings":{"thumbnail-position":"right","product-page-border":"#f0f0f0","product-form-background":"#fff","subtitle":true,"product_quantity":true,"show-sku":false,"product-description":"right","use-swatch-images":false,"popup-one":"","popup-two":"","popup-three":"","popup-4":true}},"blog-template":{"type":"blog-template","settings":{"image":"","text":"<p>Add some descriptive text to your Blog page.<\/p>","tiled-blog-layout":true,"show-date":true,"show-author":true,"show-social-icons":false}},"article-template":{"type":"article-template","settings":{"show-date":true,"show-author":true}}},"content_for_index":["1480352639511","1480352707530","1480352675242","1480352686120"]}}