{"current":{"heading_font":"Google_Crimson+Text","page_title_font_size":"100px","text_font":"Google_Open+Sans","slideshow_heading_font":"Google_Crimson+Text","slideshow_heading_font_size":"80px","slideshow_subheading_font":"Google_Crimson+Text","slideshow_subheading_font_size":"24px","background":"#ffffff","secondary_background":"#f8f8f8","heading_color":"#161e26","text_color":"#585858","accent_color":"#dc4c40","border_color":"#dddddd","primary_button_color":"#ffffff","primary_button_background":"#dc4c40","secondary_button_color":"#ffffff","secondary_button_background":"#787878","header_color":"#585858","header_background":"#ffffff","header_accent_color":"#dc4c40","header_border_color":"#b7b7b7","navigation_sidebar_color":"#ffffff","navigation_sidebar_background":"#dc4c40","navigation_sidebar_border":"#c14539","newsletter_color":"#ffffff","newsletter_background":"#dc4c40","slideshow_heading_color":"#ffffff","slideshow_subheading_color":"#ffffff","product_label_on_sale_background":"#da2929","product_label_sold_out_background":"#383838","sections":{"announcement":{"type":"announcement","settings":{"announcement_color":"#ffffff","announcement_background":"#f8301f"}},"slideshow":{"type":"slideshow","blocks":{"slideshow-0":{"type":"image","settings":{}},"slideshow-1":{"type":"image","settings":{}}},"block_order":["slideshow-0","slideshow-1"],"settings":{}},"featured-products":{"type":"home_featured_products","settings":{"collection":"frontpage","use_secondary_background":true,"layout_mode":"grid"}},"newsletter":{"type":"home_newsletter","settings":{}},"featured-content":{"type":"home_featured_text","blocks":{"text-0":{"type":"richtext","settings":{}}},"block_order":["text-0"],"settings":{"title":"Rich text"}},"featured-collections":{"type":"home_featured_collections","blocks":{"collection-0":{"type":"collection","settings":{}},"collection-1":{"type":"collection","settings":{}},"collection-2":{"type":"collection","settings":{}},"collection-3":{"type":"collection","settings":{}},"collection-4":{"type":"collection","settings":{}},"collection-5":{"type":"collection","settings":{}},"collection-6":{"type":"collection","settings":{}},"collection-7":{"type":"collection","settings":{}}},"block_order":["collection-0","collection-1","collection-2","collection-3","collection-4","collection-5","collection-6","collection-7"],"settings":{"layout_mode":"grid"}},"featured-blog":{"type":"home_featured_blog","settings":{"blog":"news"}}},"content_for_index":["slideshow","featured-content","featured-products","newsletter","featured-collections","featured-blog"]},"presets":{"Kyoto":{"heading_font":"Google_Crimson+Text","page_title_font_size":"100px","text_font":"Google_Open+Sans","slideshow_heading_font":"Google_Crimson+Text","slideshow_heading_font_size":"80px","slideshow_subheading_font":"Google_Crimson+Text","slideshow_subheading_font_size":"24px","background":"#ffffff","secondary_background":"#f8f8f8","heading_color":"#161e26","text_color":"#585858","accent_color":"#dc4c40","border_color":"#dddddd","primary_button_color":"#ffffff","primary_button_background":"#dc4c40","secondary_button_color":"#ffffff","secondary_button_background":"#787878","header_color":"#585858","header_background":"#ffffff","header_accent_color":"#dc4c40","header_border_color":"#b7b7b7","navigation_sidebar_color":"#ffffff","navigation_sidebar_background":"#dc4c40","navigation_sidebar_border":"#c14539","newsletter_color":"#ffffff","newsletter_background":"#dc4c40","slideshow_heading_color":"#ffffff","slideshow_subheading_color":"#ffffff","product_label_on_sale_background":"#da2929","product_label_sold_out_background":"#383838","sections":{"announcement":{"type":"announcement","settings":{"announcement_color":"#ffffff","announcement_background":"#f8301f"}},"slideshow":{"type":"slideshow","blocks":{"slideshow-0":{"type":"image","settings":{}},"slideshow-1":{"type":"image","settings":{}}},"block_order":["slideshow-0","slideshow-1"],"settings":{}},"featured-products":{"type":"home_featured_products","settings":{"collection":"frontpage","use_secondary_background":true,"layout_mode":"grid"}},"newsletter":{"type":"home_newsletter","settings":{}},"featured-content":{"type":"home_featured_text","blocks":{"text-0":{"type":"richtext","settings":{}}},"block_order":["text-0"],"settings":{"title":"Rich text"}},"featured-collections":{"type":"home_featured_collections","blocks":{"collection-0":{"type":"collection","settings":{}},"collection-1":{"type":"collection","settings":{}},"collection-2":{"type":"collection","settings":{}},"collection-3":{"type":"collection","settings":{}},"collection-4":{"type":"collection","settings":{}},"collection-5":{"type":"collection","settings":{}},"collection-6":{"type":"collection","settings":{}},"collection-7":{"type":"collection","settings":{}}},"block_order":["collection-0","collection-1","collection-2","collection-3","collection-4","collection-5","collection-6","collection-7"],"settings":{"layout_mode":"grid"}},"featured-blog":{"type":"home_featured_blog","settings":{"blog":"news"}}},"content_for_index":["slideshow","featured-content","featured-products","newsletter","featured-collections","featured-blog"]},"Baptiste":{"heading_font":"Google_Montserrat","page_title_font_size":"70px","text_font":"Google_Montserrat","slideshow_heading_font":"Google_Montserrat","slideshow_heading_font_size":"80px","slideshow_subheading_font":"Google_Montserrat","slideshow_subheading_font_size":"16px","background":"#ffffff","secondary_background":"#f8f8f8","heading_color":"#383838","text_color":"#a5a5a5","accent_color":"#1473fb","border_color":"#dddddd","primary_button_color":"#ffffff","primary_button_background":"#1473fb","secondary_button_color":"#ffffff","secondary_button_background":"#a5a5a5","header_color":"#c1c0c0","header_background":"#ffffff","header_accent_color":"#1473fb","header_border_color":"#dddddd","navigation_sidebar_color":"#ffffff","navigation_sidebar_background":"#1473fb","navigation_sidebar_border":"#0b5dd3","newsletter_color":"#ffffff","newsletter_background":"#1473fb","slideshow_heading_color":"#ffffff","slideshow_subheading_color":"#ffffff","product_label_on_sale_background":"#da2929","product_label_sold_out_background":"#383838","sections":{"announcement":{"type":"announcement","settings":{"announcement_color":"#ffffff","announcement_background":"#1473fb"}},"slideshow":{"type":"slideshow","blocks":{"slideshow-0":{"type":"image","settings":{}},"slideshow-1":{"type":"image","settings":{}}},"block_order":["slideshow-0","slideshow-1"],"settings":{}},"featured-products":{"type":"home_featured_products","settings":{"title":"","collection":"frontpage","use_secondary_background":false,"layout_mode":"grid","grid_remove_spacing":true}},"newsletter":{"type":"home_newsletter","settings":{}},"featured-content":{"type":"home_featured_text","blocks":{"text-0":{"type":"richtext","settings":{}}},"block_order":["text-0"],"settings":{"title":"Rich text"}},"featured-collections":{"type":"home_featured_collections","blocks":{"collection-0":{"type":"collection","settings":{}},"collection-1":{"type":"collection","settings":{}},"collection-2":{"type":"collection","settings":{}},"collection-3":{"type":"collection","settings":{}},"collection-4":{"type":"collection","settings":{}},"collection-5":{"type":"collection","settings":{}},"collection-6":{"type":"collection","settings":{}},"collection-7":{"type":"collection","settings":{}}},"block_order":["collection-0","collection-1","collection-2","collection-3","collection-4","collection-5","collection-6","collection-7"],"settings":{"layout_mode":"grid"}},"featured-blog":{"type":"home_featured_blog","settings":{"blog":"news"}}},"content_for_index":["slideshow","featured-content","featured-products","newsletter","featured-collections","featured-blog"]},"Geneve":{"heading_font":"Google_Josefin+Sans","page_title_font_size":"100px","text_font":"Google_Maven+Pro","slideshow_heading_font":"Google_Josefin+Sans","slideshow_heading_font_size":"80px","slideshow_subheading_font":"Google_Josefin+Sans","slideshow_subheading_font_size":"24px","background":"#464646","secondary_background":"#222222","heading_color":"#eaeaea","text_color":"#eaeaea","accent_color":"#c5997c","border_color":"#858585","primary_button_color":"#222222","primary_button_background":"#eaeaea","secondary_button_color":"#eaeaea","secondary_button_background":"#c5997c","header_color":"#919191","header_background":"#222222","header_accent_color":"#ffffff","header_border_color":"#858585","navigation_sidebar_color":"#222222","navigation_sidebar_background":"#f3f4f4","navigation_sidebar_border":"#cccccc","newsletter_color":"#222222","newsletter_background":"#eaeaea","slideshow_heading_color":"#ffffff","slideshow_subheading_color":"#ffffff","product_label_on_sale_background":"#da2929","product_label_sold_out_background":"#222222","sections":{"announcement":{"type":"announcement","settings":{"announcement_color":"#ffffff","announcement_background":"#7b7976"}},"slideshow":{"type":"slideshow","blocks":{"slideshow-0":{"type":"image","settings":{}},"slideshow-1":{"type":"image","settings":{}}},"block_order":["slideshow-0","slideshow-1"],"settings":{}},"featured-products":{"type":"home_featured_products","settings":{"title":"","collection":"frontpage","use_secondary_background":false,"layout_mode":"grid","grid_remove_spacing":true}},"newsletter":{"type":"home_newsletter","settings":{}},"featured-content":{"type":"home_featured_text","blocks":{"text-0":{"type":"richtext","settings":{}}},"block_order":["text-0"],"settings":{"title":"Rich text"}},"featured-collections":{"type":"home_featured_collections","blocks":{"collection-0":{"type":"collection","settings":{}},"collection-1":{"type":"collection","settings":{}},"collection-2":{"type":"collection","settings":{}},"collection-3":{"type":"collection","settings":{}},"collection-4":{"type":"collection","settings":{}},"collection-5":{"type":"collection","settings":{}},"collection-6":{"type":"collection","settings":{}},"collection-7":{"type":"collection","settings":{}}},"block_order":["collection-0","collection-1","collection-2","collection-3","collection-4","collection-5","collection-6","collection-7"],"settings":{"layout_mode":"grid"}},"featured-blog":{"type":"home_featured_blog","settings":{"blog":"news"}}},"content_for_index":["slideshow","featured-content","featured-products","newsletter","featured-collections","featured-blog"]}}}