[{"name":"theme_info","theme_name":"Icon","theme_author":"Underground","theme_version":"5.1.2","theme_documentation_url":"https:\/\/\/\/www.weareunderground.com\/products\/icon","theme_support_url":"http:\/\/support.undergroundmedia.co.uk\/"},{"name":"Colors","settings":[{"type":"header","content":"Header"},{"type":"color","id":"banner_background","label":"Message bar background","default":"#000000"},{"type":"color","id":"banner_color","label":"Message bar text","default":"#000000"},{"type":"header","content":"Navigation"},{"type":"color","id":"pre-scroll-background","label":"Pre-scroll background","default":"#000000"},{"type":"color","id":"pre-scroll-navigation","label":"Pre-scroll text","default":"#fff"},{"type":"color","id":"pre-scroll-navigation-hover","label":"Pre-scroll text hover","default":"#fff"},{"type":"color","id":"scroll-background","label":"When scrolling background","default":"#000000"},{"type":"color","id":"scroll-navigation-color","label":"When scrolling text","default":"#fff"},{"type":"color","id":"scroll-navigation-hover","label":"When scrolling link hover","default":"#fff"},{"type":"header","content":"General"},{"type":"color","id":"background","label":"Background","default":"#000000"},{"type":"color","id":"header-color","label":"Headings","default":"#000000"},{"type":"color","id":"text_color","label":"Text","default":"#000000"},{"type":"color","id":"link_color","label":"Links and accents","default":"#000000"},{"type":"color","id":"button_color","label":"Buttons","default":"#000000"},{"type":"color","id":"button_hover","label":"Button hover","default":"#000000"},{"type":"color","id":"button_text","label":"Button text","default":"#000000"},{"type":"color","id":"sale-color","label":"Sale tags","default":"#d5d5d5"},{"type":"color","id":"dotted_color","label":"Borders and lines","default":"#d5d5d5"},{"type":"header","content":"Product icons"},{"type":"color","id":"new-background","label":"New icon background","default":"#000000"},{"type":"color","id":"new-color","label":"New icon text","default":"#fff"},{"type":"color","id":"sale-icon-background","label":"Sale icon background","default":"#000000"},{"type":"color","id":"sale-icon-color","label":"Sale icon text","default":"#fff"},{"type":"color","id":"so-background","label":"Sold out icon background","default":"#000000"},{"type":"color","id":"so-color","label":"Sold out icon text","default":"#fff"},{"type":"header","content":"Product page"},{"type":"color","id":"product-note-color","label":"Product note text color","default":"#000000"},{"type":"color","id":"product-note-background","label":"Product note background","default":"#f8f8f8"},{"type":"header","content":"Footer"},{"type":"color","id":"footer_border","label":"Footer border","default":"#ffffff"},{"type":"color","id":"footer_background","label":"Footer background","default":"#ffffff"},{"type":"color","id":"footer_text","label":"Footer text","default":"#ffffff"},{"type":"color","id":"footer_icons_color","label":"Icons","default":"#ffffff"},{"type":"color","id":"footer_icons_hover","label":"Icon hover","default":"#ffffff"},{"type":"color","id":"footer_input","label":"Newsletter input background","default":"#ffffff"},{"type":"color","id":"footer_input_text","label":"Newsletter input text","default":"#ffffff"},{"type":"color","id":"footer_button","label":"Submit button background","default":"#ffffff"},{"type":"color","id":"footer_button_text","label":"Submit button text","default":"#ffffff"}]},{"name":"Typography","settings":[{"type":"header","content":"Font families"},{"type":"select","id":"font","label":"Body text","options":[{"value":"'Century Gothic', Helvetica, Arial, sans-serif","label":"Century Gothic","group":"Sans-serif"},{"value":"'Helvetica Neue', Helvetica, Arial, sans-serif","label":"Helvetica\/Arial","group":"Sans-serif"},{"value":"Impact, Charcoal, Helvetica, Arial, sans-serif","label":"Impact","group":"Sans-serif"},{"value":"'Lucida Grande', 'Lucida Sans Unicode', 'Lucida Sans', Lucida, Helvetica, Arial, sans-serif","label":"Lucida Grande","group":"Sans-serif"},{"value":"Trebuchet MS, sans-serif","label":"Trebuchet MS","group":"Sans-serif"},{"value":"Verdana, Helvetica, Arial, sans-serif","label":"Verdana","group":"Sans-serif"},{"value":"Garamond, Baskerville, Caslon, serif","label":"Garamond","group":"Serif"},{"value":"Georgia, Utopia, 'Times New Roman', Times, serif","label":"Georgia","group":"Serif"},{"value":"Palatino, 'Palatino Linotype', 'Book Antiqua', serif","label":"Palatino","group":"Serif"},{"value":"'Times New Roman', Times, serif","label":"Times New Roman","group":"Serif"},{"value":"'Courier New', Courier, monospace","label":"Courier New","group":"Monospace"},{"value":"Monaco, 'Lucida Console', 'DejaVu Sans Mono', monospace","label":"Monaco\/Lucida Console","group":"Monospace"},{"value":"'Arvo', serif","label":"Arvo","group":"Google Web Fonts"},{"value":"'Glegoo', serif","label":"Glegoo","group":"Google Web Fonts"},{"value":"'Josefin Sans', sans-serif","label":"Josefin Sans","group":"Google Web Fonts"},{"value":"'Lato', sans-serif","label":"Lato","group":"Google Web Fonts"},{"value":"'Lobster', cursive","label":"Lobster","group":"Google Web Fonts"},{"value":"'Lobster Two', cursive","label":"Lobster Two","group":"Google Web Fonts"},{"value":"'Montserrat', sans-serif","label":"Monserrat","group":"Google Web Fonts"},{"value":"'Noticia Text', serif","label":"Noticia Text","group":"Google Web Fonts"},{"value":"'Open Sans', sans-serif","label":"Open Sans","group":"Google Web Fonts"},{"value":"'Open Sans Condensed', sans-serif","label":"Open Sans Condensed","group":"Google Web Fonts"},{"value":"'Oswald', sans-serif","label":"Oswald","group":"Google Web Fonts"},{"value":"'PT Sans', sans-serif","label":"PT Sans","group":"Google Web Fonts"},{"value":"'PT Sans Narrow', sans-serif","label":"PT Sans Narrow","group":"Google Web Fonts"},{"value":"'Questrial', sans-serif","label":"Questrial","group":"Google Web Fonts"},{"value":"'Raleway', sans-serif","label":"Raleway","group":"Google Web Fonts"},{"value":"'Roboto', sans-serif;","label":"Roboto","group":"Google Web Fonts"},{"value":"'Source Sans Pro', sans-serif","label":"Source Sans","group":"Google Web Fonts"}],"default":"'Helvetica Neue', Helvetica, Arial, sans-serif"},{"type":"select","id":"headings_font","label":"Headings","options":[{"value":"'Century Gothic', Helvetica, Arial, sans-serif","label":"Century Gothic","group":"Sans-serif"},{"value":"'Helvetica Neue', Helvetica, Arial, sans-serif","label":"Helvetica\/Arial","group":"Sans-serif"},{"value":"Impact, Charcoal, Helvetica, Arial, sans-serif","label":"Impact","group":"Sans-serif"},{"value":"'Lucida Grande', 'Lucida Sans Unicode', 'Lucida Sans', Lucida, Helvetica, Arial, sans-serif","label":"Lucida Grande","group":"Sans-serif"},{"value":"Trebuchet MS, sans-serif","label":"Trebuchet MS","group":"Sans-serif"},{"value":"Verdana, Helvetica, Arial, sans-serif","label":"Verdana","group":"Sans-serif"},{"value":"Garamond, Baskerville, Caslon, serif","label":"Garamond","group":"Serif"},{"value":"Georgia, Utopia, 'Times New Roman', Times, serif","label":"Georgia","group":"Serif"},{"value":"Palatino, 'Palatino Linotype', 'Book Antiqua', serif","label":"Palatino","group":"Serif"},{"value":"'Times New Roman', Times, serif","label":"Times New Roman","group":"Serif"},{"value":"'Courier New', Courier, monospace","label":"Courier New","group":"Monospace"},{"value":"Monaco, 'Lucida Console', 'DejaVu Sans Mono', monospace","label":"Monaco\/Lucida Console","group":"Monospace"},{"value":"'Arvo', serif","label":"Arvo","group":"Google Web Fonts"},{"value":"'Glegoo', serif","label":"Glegoo","group":"Google Web Fonts"},{"value":"'Josefin Sans', sans-serif","label":"Josefin Sans","group":"Google Web Fonts"},{"value":"'Lato', sans-serif","label":"Lato","group":"Google Web Fonts"},{"value":"'Lobster', cursive","label":"Lobster","group":"Google Web Fonts"},{"value":"'Lobster Two', cursive","label":"Lobster Two","group":"Google Web Fonts"},{"value":"'Montserrat', sans-serif","label":"Monserrat","group":"Google Web Fonts"},{"value":"'Noticia Text', serif","label":"Noticia Text","group":"Google Web Fonts"},{"value":"'Open Sans', sans-serif","label":"Open Sans","group":"Google Web Fonts"},{"value":"'Open Sans Condensed', sans-serif","label":"Open Sans Condensed","group":"Google Web Fonts"},{"value":"'Oswald', sans-serif","label":"Oswald","group":"Google Web Fonts"},{"value":"'PT Sans', sans-serif","label":"PT Sans","group":"Google Web Fonts"},{"value":"'PT Sans Narrow', sans-serif","label":"PT Sans Narrow","group":"Google Web Fonts"},{"value":"'Questrial', sans-serif","label":"Questrial","group":"Google Web Fonts"},{"value":"'Raleway', sans-serif","label":"Raleway","group":"Google Web Fonts"},{"value":"'Roboto', sans-serif;","label":"Roboto","group":"Google Web Fonts"},{"value":"'Source Sans Pro', sans-serif","label":"Source Sans","group":"Google Web Fonts"}],"default":"'Helvetica Neue', Helvetica, Arial, sans-serif"},{"type":"select","id":"navigation-font","label":"Navigation","options":[{"value":"'Century Gothic', Helvetica, Arial, sans-serif","label":"Century Gothic","group":"Sans-serif"},{"value":"'Helvetica Neue', Helvetica, Arial, sans-serif","label":"Helvetica\/Arial","group":"Sans-serif"},{"value":"Impact, Charcoal, Helvetica, Arial, sans-serif","label":"Impact","group":"Sans-serif"},{"value":"'Lucida Grande', 'Lucida Sans Unicode', 'Lucida Sans', Lucida, Helvetica, Arial, sans-serif","label":"Lucida Grande","group":"Sans-serif"},{"value":"Trebuchet MS, sans-serif","label":"Trebuchet MS","group":"Sans-serif"},{"value":"Verdana, Helvetica, Arial, sans-serif","label":"Verdana","group":"Sans-serif"},{"value":"Garamond, Baskerville, Caslon, serif","label":"Garamond","group":"Serif"},{"value":"Georgia, Utopia, 'Times New Roman', Times, serif","label":"Georgia","group":"Serif"},{"value":"Palatino, 'Palatino Linotype', 'Book Antiqua', serif","label":"Palatino","group":"Serif"},{"value":"'Times New Roman', Times, serif","label":"Times New Roman","group":"Serif"},{"value":"'Courier New', Courier, monospace","label":"Courier New","group":"Monospace"},{"value":"Monaco, 'Lucida Console', 'DejaVu Sans Mono', monospace","label":"Monaco\/Lucida Console","group":"Monospace"},{"value":"'Arvo', serif","label":"Arvo","group":"Google Web Fonts"},{"value":"'Glegoo', serif","label":"Glegoo","group":"Google Web Fonts"},{"value":"'Josefin Sans', sans-serif","label":"Josefin Sans","group":"Google Web Fonts"},{"value":"'Lato', sans-serif","label":"Lato","group":"Google Web Fonts"},{"value":"'Lobster', cursive","label":"Lobster","group":"Google Web Fonts"},{"value":"'Lobster Two', cursive","label":"Lobster Two","group":"Google Web Fonts"},{"value":"'Montserrat', sans-serif","label":"Monserrat","group":"Google Web Fonts"},{"value":"'Noticia Text', serif","label":"Noticia Text","group":"Google Web Fonts"},{"value":"'Open Sans', sans-serif","label":"Open Sans","group":"Google Web Fonts"},{"value":"'Open Sans Condensed', sans-serif","label":"Open Sans Condensed","group":"Google Web Fonts"},{"value":"'Oswald', sans-serif","label":"Oswald","group":"Google Web Fonts"},{"value":"'PT Sans', sans-serif","label":"PT Sans","group":"Google Web Fonts"},{"value":"'PT Sans Narrow', sans-serif","label":"PT Sans Narrow","group":"Google Web Fonts"},{"value":"'Questrial', sans-serif","label":"Questrial","group":"Google Web Fonts"},{"value":"'Raleway', sans-serif","label":"Raleway","group":"Google Web Fonts"},{"value":"'Roboto', sans-serif;","label":"Roboto","group":"Google Web Fonts"},{"value":"'Source Sans Pro', sans-serif","label":"Source Sans","group":"Google Web Fonts"}],"default":"'Helvetica Neue', Helvetica, Arial, sans-serif"},{"type":"header","content":"Sizes"},{"type":"select","id":"font-size","label":"Body text","options":[{"value":"11px","label":"11px"},{"value":"12px","label":"12px"},{"value":"13px","label":"13px"},{"value":"14px","label":"14px"},{"value":"15px","label":"15px"},{"value":"16px","label":"16px"},{"value":"18px","label":"18px"},{"value":"20px","label":"20px"},{"value":"22px","label":"22px"},{"value":"24px","label":"24px"}]},{"type":"select","id":"h1-size","label":"H1","options":[{"value":"36","label":"36px"},{"value":"34","label":"34px"},{"value":"32","label":"32px"},{"value":"30","label":"30px"},{"value":"28","label":"28px"},{"value":"26","label":"26px"},{"value":"24","label":"24px"},{"value":"22","label":"22px"},{"value":"20","label":"20px"},{"value":"18","label":"18px"},{"value":"16","label":"16px"},{"value":"14","label":"14px"},{"value":"12","label":"12px"}]},{"type":"select","id":"h2-size","label":"H2","options":[{"value":"36px","label":"36px"},{"value":"34px","label":"34px"},{"value":"32px","label":"32px"},{"value":"30px","label":"30px"},{"value":"28px","label":"28px"},{"value":"26px","label":"26px"},{"value":"24px","label":"24px"},{"value":"22px","label":"22px"},{"value":"20px","label":"20px"},{"value":"18px","label":"18px"},{"value":"16px","label":"16px"},{"value":"14px","label":"14px"},{"value":"12px","label":"12px"}]},{"type":"select","id":"h3-size","label":"H3","options":[{"value":"36px","label":"36px"},{"value":"34px","label":"34px"},{"value":"32px","label":"32px"},{"value":"30px","label":"30px"},{"value":"28px","label":"28px"},{"value":"26px","label":"26px"},{"value":"24px","label":"24px"},{"value":"22px","label":"22px"},{"value":"20px","label":"20px"},{"value":"18px","label":"18px"},{"value":"16px","label":"16px"},{"value":"14px","label":"14px"},{"value":"12px","label":"12px"}]},{"type":"select","id":"h4-size","label":"H4","options":[{"value":"36px","label":"36px"},{"value":"34px","label":"34px"},{"value":"32px","label":"32px"},{"value":"30px","label":"30px"},{"value":"28px","label":"28px"},{"value":"26px","label":"26px"},{"value":"24px","label":"24px"},{"value":"22px","label":"22px"},{"value":"20px","label":"20px"},{"value":"18px","label":"18px"},{"value":"16px","label":"16px"},{"value":"14px","label":"14px"},{"value":"12px","label":"12px"}]},{"type":"select","id":"h5-size","label":"H5","options":[{"value":"36px","label":"36px"},{"value":"34px","label":"34px"},{"value":"32px","label":"32px"},{"value":"30px","label":"30px"},{"value":"28px","label":"28px"},{"value":"26px","label":"26px"},{"value":"24px","label":"24px"},{"value":"22px","label":"22px"},{"value":"20px","label":"20px"},{"value":"18px","label":"18px"},{"value":"16px","label":"16px"},{"value":"14px","label":"14px"},{"value":"12px","label":"12px"}]},{"type":"select","id":"nav_size","label":"Navigation","options":[{"value":"11px","label":"11px"},{"value":"12px","label":"12px"},{"value":"13px","label":"13px"},{"value":"14px","label":"14px"},{"value":"15px","label":"15px"},{"value":"16px","label":"16px"},{"value":"18px","label":"18px"},{"value":"20px","label":"20px"}]},{"type":"header","content":"Decoration"},{"type":"select","id":"heading-weight","label":"Heading weight","options":[{"value":"700","label":"Bold"},{"value":"400","label":"Normal"},{"value":"300","label":"Light"}]},{"type":"select","id":"nav-weight","label":"Navigation weight","options":[{"value":"400","label":"Normal"},{"value":"300","label":"Light"},{"value":"700","label":"Bold"}]},{"type":"header","content":"Home page section titles"},{"type":"select","id":"section-title-border","label":"Border size","options":[{"value":"none","label":"none"},{"value":"1px","label":"1px"},{"value":"2px","label":"2px"},{"value":"3px","label":"3px"},{"value":"4px","label":"4px"},{"value":"5px","label":"5px"}]},{"type":"select","id":"section-title-align","label":"Alignment","options":[{"value":"left","label":"Left"},{"value":"center","label":"Center"},{"value":"right","label":"Right"}]},{"type":"checkbox","id":"breadcrumb","label":"Show breadcrumb navigation"}]},{"name":"Product grid","settings":[{"type":"paragraph","content":"Shared content for global controls where lists of products are visible like home page featured products and collection pages"},{"type":"checkbox","id":"image-flip","label":"Switch product images on hover"},{"type":"checkbox","id":"vendor","label":"Show vendor on product lists"},{"type":"checkbox","id":"quickview","label":"Enable Quick view"},{"type":"select","id":"details-align","label":"Product detail text alignment","options":[{"value":"left","label":"Left"},{"value":"center","label":"Center"},{"value":"right","label":"Right"}]},{"type":"checkbox","id":"max-height","label":"Use max height to align images"},{"type":"text","id":"desktop-image-height","label":"Max height px desktop only"},{"type":"text","id":"tablet-image-height","label":"Max height px tablet only"},{"type":"text","id":"mobile-image-height","label":"Max height px mobile only"}]},{"name":"Cart page","settings":[{"type":"checkbox","id":"cart_notes_enable","label":"Enable cart notes"},{"type":"select","id":"ajax_cart_method","label":"Cart type","options":[{"value":"drawer","label":"Drawer"},{"value":"page","label":"Page"}]}]},{"name":"Social media","settings":[{"type":"text","id":"twittername","label":"Twitter","info":"https:\/\/twitter.com\/shopify"},{"type":"text","id":"facebook_url","label":"Facebook","info":"https:\/\/www.facebook.com\/shopify"},{"type":"text","id":"pinterest_url","label":"Pinterest","info":"https:\/\/www.pinterest.com\/shopify"},{"type":"text","id":"tumblr_url","label":"Tumblr","info":"http:\/\/shopify.tumblr.com"},{"type":"text","id":"youtube_url","label":"YouTube","info":"https:\/\/www.youtube.com\/user\/shopify"},{"type":"text","id":"googleplus_url","label":"Goolge+","info":"https:\/\/plus.google.com\/+shopify"},{"type":"text","id":"instagram-id","label":"Instagram ID","info":"shopify"},{"type":"text","id":"snapchat-id","label":"Snapchat ID","info":"shopify"},{"type":"text","id":"weibo-id","label":"Weibo ID","info":"shopify"}]},{"name":"Popup","settings":[{"type":"paragraph","content":"Subscribing customers will be added to your shopify customer accounts page."},{"type":"checkbox","id":"popup","label":"Enable popup","info":"Shows once every 7 days per customer"},{"type":"image_picker","id":"email-image","label":"Email popup image","info":"Max width 480px. For best results, use landscape orientation."}]},{"name":"Favicon","settings":[{"type":"image_picker","id":"favicon","label":"Favicon image","info":"Will be scaled down to 32 x 32px"}]},{"name":"Currency","settings":[{"type":"paragraph","content":"To offer multiple currencies on your online store, you must first [edit your store's currency formatting](https:\/\/docs.shopify.com\/support\/settings\/general\/tell-my-script-where-to-find-money-formats)."},{"type":"checkbox","id":"show_multiple_currencies","label":"Enable currency conversion","default":true,"info":"Even though prices are displayed in different currencies, orders will still be processed in your store's currency."},{"type":"select","id":"currency_format","label":"Format","options":[{"value":"money_format","label":"Without currency ($10.00)"},{"value":"money_with_currency_format","label":"With currency ($10.00 CAD)"}],"default":"money_with_currency_format"},{"type":"text","id":"supported_currencies","label":"Supported currencies","default":"INR GBP CAD USD AUD EUR JPY","info":"Use the country's ISO [currency code](http:\/\/www.xe.com\/iso4217.php). Separate your currency codes with a space."},{"type":"text","id":"default_currency","label":"Default currency","default":"USD"}]}]