{"presets":{"Dolce":{"password_bg":"yes","banner_background":"#3f3f3f","banner_color":"#ffffff","background":"#ffffff","header-color":"#000000","text_color":"#000000","link_color":"#000000","button_color":"#000000","button_hover":"#000000","button_text":"#ffffff","sale-color":"#c50000","dotted_color":"#e5e5e5","pre-scroll-background":"#ffffff","pre-scroll-navigation":"#000000","pre-scroll-navigation-hover":"#000000","scroll-background":"#ffffff","scroll-navigation-color":"#000000","scroll-navigation-hover":"#000000","new-background":"#c50000","new-color":"#ffffff","sale-icon-background":"#000000","sale-icon-color":"#000000","so-background":"#000000","so-color":"#000000","product-note-color":"#000000","product-note-background":"#f8f8f8","footer_border":"#dddddd","footer_background":"#eeeeee","footer_text":"#000000","footer_icons_color":"#000000","footer_icons_hover":"#be8080","footer_input":"#ffffff","footer_input_text":"#000000","footer_button":"#000000","footer_button_text":"#ffffff","font":"'Roboto', sans-serif;","font-size":"12px","headings_font":"'Roboto', sans-serif;","h1-size":"22","h2-size":"18px","h3-size":"16px","h4-size":"16px","h5-size":"14px","h6-size":"14px","heading-transform":"uppercase","heading-weight":"700","link-decoration":"underline","navigation-font":"'Roboto', sans-serif;","nav_size":"14px","nav-weight":"400","navigation-transform":"uppercase","section-title-border":"1px","section-title-align":"center","main_nav":"main-menu","megadropdown_link":"","nav_promo_image":false,"nav_promo_link":"\/collections\/all","mega_1_show":false,"mega_1_links":"footer","mega_2_show":false,"mega_2_links":"","mega_3_show":false,"mega_3_links":"","mega_4_show":false,"mega_4_links":"","breadcrumb":true,"image-flip":true,"vendor":false,"quickview":true,"details-align":"center","max-height":false,"desktop-image-height":"","tablet-image-height":"","mobile-image-height":"","pagelist":"","page-sidebar-title":"Sidebar title","show-map":false,"map":"","cart_notes_enable":false,"ajax_cart_method":"drawer","show_twitter":true,"twittername":"","show_facebook":true,"facebook_url":"","show_pinterest":true,"pinterest_url":"","show_tumblr":false,"tumblr_url":"","show_youtube":false,"youtube_url":"","show_googleplus":false,"googleplus_url":"","show_instagram":true,"instagram-id":"Enter ID only","show_snapchat":true,"snapchat-id":"Enter ID only","show_weibo":false,"weibo-id":"Enter ID only","show_rss":true,"popup":false,"email_popup_image":false,"show_multiple_currencies":false,"currency_format":"money_with_currency_format","supported_currencies":"INR GBP CAD AUD EUR JPY","default_currency":"USD","checkout_header_image":"","checkout_logo_image":"","checkout_logo_position":"left","checkout_logo_size":"medium","checkout_body_background_image":"","checkout_body_background_color":"#ffffff","checkout_input_background_color_mode":"white","checkout_sidebar_background_image":"","checkout_sidebar_background_color":"#fafafa","checkout_heading_font":"Helvetica Neue","checkout_body_font":"Helvetica Neue","checkout_accent_color":"#1990c6","checkout_button_color":"#1990c6","checkout_error_color":"#ff6d6d","bg":"no_bg","background-position":"left top","background-repeat":"no-repeat","logo-color":"#000000","homepage-header-pre-scroll-background":"rgba(0,0,0,0)","homepage-header-background":"#ffffff","homepage-pre-scroll-navigation-color":"#000000","homepage-pre-scroll-navigation-color-hover":"#000000","homepage-navigation-color":"#000000","homepage-navigation-color-hover":"#000000","homepage-header-pre-scroll-background-ros":"#ffffff","homepage-header-background-ros":"#ffffff","homepage-pre-scroll-navigation-color-ros":"#000000","homepage-pre-scroll-navigation-color-hover-ros":"#000000","homepage-pre-scroll-navigation-active-ros":"#000000","homepage-navigation-color-ros":"#000000","homepage-navigation-color-hover-ros":"#000000","link_hover_color":"#000000","read-more-background":"#000000","read-more-hover-background":"#000000","read-more-link-color":"#ffffff","read-more-link-hover-color":"#ffffff","icons":"#000000","icons-hover":"#000000","prod-qv-background":"#000000","prod-qv-text":"#ffffff","prod-qv-background-hover":"#000000","prod-qv-text-hover":"#ffffff","footer_title_color":"#000000","footer_link_color":"#000000","footer_link_hover":"#000000","footer_icons_hover_color":"#000000","footer_button_hover":"#000000","footer_button_text_hover":"#ffffff","icon-font-size":"12px","footer_text_align":"left","footer_title_weight":"500","footer_title_transform":"uppercase","footer_title_size":"14px","promo-text-weight":"normal","promo-text-size":"18px","banner_size":"13px","logo-size":"20px","logo-transform":"uppercase","logo-weight":"700","dropdown-transform":"uppercase","dropdown-size":"13px","slide-title-size":"22px","slide-title-weight":"700","caption-size":"16px","cta_size":"16px","cta_weight":"400","banner_font":"'Helvetica Neue', Helvetica, Arial, sans-serif","logo-font":"'Helvetica Neue', Helvetica, Arial, sans-serif","icon-font":"'Helvetica Neue', Helvetica, Arial, sans-serif","slide-title-font":"'Roboto', sans-serif;","caption-font":"'Roboto', sans-serif;","parallax-font":"'Helvetica Neue', Helvetica, Arial, sans-serif","promo-font":"'Helvetica Neue', Helvetica, Arial, sans-serif","mailchimp":"","show-facebook-like":true,"show_product_sidebar":false,"enable-zoom":true,"thumbnails":"right","product-vendor":false,"show-sku":true,"product-note":"","checkout_use_header_image":false,"checkout_logo":"","checkout_use_body_background_image":false,"checkout_use_sidebar_background_image":false,"all-collections":"","products_per_row":"4","products_per_page":"24","show_collection_sidebar":false,"sticky-sidebar":false,"collection_links_1":false,"collection_side_1":"main-menu","collection_links_2":false,"collection_side_2":"","collection_links_3":false,"collection_side_3":"","collection_links_4":false,"collection_side_4":"","shop_by_designer":false,"shop_by_designer_title":"Shop by Designer","show-twitter-feed":"1","twitter-widget":"","sections":{"header":{"type":"header","settings":{"full-width-header":false,"banner_message":"Add a message for your customers","banner_size":"13px","logo":"","logo_max_width":"180","logo-align":"left","logo-size":"22px","logo-transform":"uppercase","logo-weight":"700","cart-position":"top-bar","cart_icon":"cart","header_cover":false,"header_border":false,"nav-style":"full"}},"footer":{"type":"footer","blocks":{"1479846461263":{"type":"menu","settings":{"footer_nav":"footer","title":"Explore"}},"1479499878046":{"type":"newsletter","settings":{"title":"Connect"}}},"block_order":["1479846461263","1479499878046"],"settings":{"footer_text_align":"left","footer_title_weight":"700","footer_title_transform":"uppercase","footer_title_size":"14px"}},"1478800373635":{"type":"slideshow","blocks":{"1478800373635-0":{"type":"image","settings":{"image":"","title":"Add a title to your image","subheading":"Tell your brand's story through images","button_text":"Add a call to action","link":"","caption_horizontal":"left","caption_vertical":"45%","slide_text_color":"#000000","caption_rgba":false,"caption_rgba_color":"255,255,255,0.4","caption_background":"rgba(0,0,0,0)","cta_color":"#ffffff","cta_background":"#000000"}},"1478800373635-1":{"type":"image","settings":{"image":"","title":"Add a title to your image","subheading":"Tell your brand's story through images","button_text":"Add a call to action","link":"","caption_horizontal":"left","caption_vertical":"45%","slide_text_color":"#000000","caption_rgba":false,"caption_rgba_color":"255,255,255,0.4","caption_background":"rgba(0,0,0,0)","cta_color":"#ffffff","cta_background":"#000000"}}},"block_order":["1478800373635-0","1478800373635-1"],"settings":{"slideshow":"content","slide-title-size":"22px","slide-title-weight":"700","caption-size":"14px","cta_size":"14px","cta_weight":"400"}},"1478800447615":{"type":"parallax-image","settings":{"image":"","page-content":"text","page":"","page-text":"Parallax image section","link":"","page-height":"500","page-text-color":"#000000","parallax-font-size":"26px","parallax-font-weight":"700"}},"1478800474714":{"type":"featured-products","settings":{"title":"Featured Products","collection":"","homepage-product-layout":"carousel","limit":"6","grid":"3","homepage-collection-title-color":"#000000","homepage-collection-background":"#fff"}},"1478800501773":{"type":"featured-images","blocks":{"1478800501773-0":{"type":"image","settings":{"image_width":"33%","image":"","link":"","title_text":"Our collections","promo_color":"#000000"}},"1478800501773-1":{"type":"image","settings":{"image_width":"33%","image":"","link":"","title_text":"Our collections","promo_color":"#000000"}},"1478800501773-2":{"type":"image","settings":{"image_width":"33%","image":"","link":"","title_text":"Our collections","promo_color":"#000000"}}},"block_order":["1478800501773-0","1478800501773-1","1478800501773-2"],"settings":{"promo-background-color":"#ffffff","promo-text-weight":"bold","promo-text-size":"18px"}},"1478800523878":{"type":"parallax-image","settings":{"image":"","page-content":"text","page":"","page-text":"","link":"","page-height":"500","page-text-color":"#fff","parallax-font-size":"36px","parallax-font-weight":"400"}},"1478800534081":{"type":"instagram","settings":{"title":"Follow us on Instagram","instagram-access-token":"","instagram-title-color":"#000000","instagram-background-color":"#fff"}},"collection-template":{"type":"collection-template","blocks":{"1479321332335":{"type":"menu","settings":{"side_nav":"main-menu","title":"Explore"}}},"block_order":["1479321332335"],"settings":{"products_per_row":"3","products_per_page":"24","show_collection_sidebar":true,"sticky-sidebar":false}},"product-template":{"type":"product-template","settings":{"enable-zoom":true,"thumbnails":"right","product-vendor":true,"show-sku":false,"product-note":"Add a note to encourage purchase"}},"blog-template":{"type":"blog-template","settings":{"blog-sidebar":true,"recent-posts":true,"recent-title":"Explore","post-tags":true,"tags-title":"Categories","show-facebook-like":true,"facebook-title":"Connect"}}},"content_for_index":["1478800373635","1478800501773","1478800447615","1478800474714","1478800523878","1478800534081"]},"Christian":{"password_bg":"yes","banner_background":"#000000","banner_color":"#ffffff","background":"#ffffff","header-color":"#000000","text_color":"#000000","link_color":"#000000","button_color":"#000000","button_hover":"#000000","button_text":"#ffffff","sale-color":"#c50000","dotted_color":"#e5e5e5","pre-scroll-background":"#ffffff","pre-scroll-navigation":"#000000","pre-scroll-navigation-hover":"#000000","scroll-background":"#ffffff","scroll-navigation-color":"#000000","scroll-navigation-hover":"#000000","new-background":"#c50000","new-color":"#ffffff","sale-icon-background":"#000000","sale-icon-color":"#000000","so-background":"#000000","so-color":"#000000","product-note-color":"#000000","product-note-background":"#f8f8f8","footer_border":"#dddddd","footer_background":"#f5f5f5","footer_text":"#000000","footer_icons_color":"#000000","footer_icons_hover":"#000000","footer_input":"#ffffff","footer_input_text":"#000000","footer_button":"#000000","footer_button_text":"#ffffff","font":"'Helvetica Neue', Helvetica, Arial, sans-serif","font-size":"14px","headings_font":"'Helvetica Neue', Helvetica, Arial, sans-serif","h1-size":"22","h2-size":"18px","h3-size":"16px","h4-size":"16px","h5-size":"14px","h6-size":"14px","heading-transform":"none","heading-weight":"700","link-decoration":"underline","navigation-font":"'Helvetica Neue', Helvetica, Arial, sans-serif","nav_size":"14px","nav-weight":"400","navigation-transform":"none","section-title-border":"1px","section-title-align":"center","main_nav":"main-menu","megadropdown_link":"","nav_promo_image":false,"nav_promo_link":"\/collections\/all","mega_1_show":false,"mega_1_links":"footer","mega_2_show":false,"mega_2_links":"","mega_3_show":false,"mega_3_links":"","mega_4_show":false,"mega_4_links":"","breadcrumb":true,"image-flip":true,"vendor":false,"quickview":true,"details-align":"center","max-height":false,"desktop-image-height":"","tablet-image-height":"","mobile-image-height":"","pagelist":"","page-sidebar-title":"Sidebar title","show-map":false,"map":"","cart_notes_enable":false,"ajax_cart_method":"drawer","show_twitter":true,"twittername":"","show_facebook":true,"facebook_url":"","show_pinterest":true,"pinterest_url":"","show_tumblr":false,"tumblr_url":"","show_youtube":false,"youtube_url":"","show_googleplus":false,"googleplus_url":"","show_instagram":true,"instagram-id":"Enter ID only","show_snapchat":true,"snapchat-id":"Enter ID only","show_weibo":false,"weibo-id":"Enter ID only","show_rss":true,"popup":false,"email_popup_image":false,"show_multiple_currencies":false,"currency_format":"money_with_currency_format","supported_currencies":"INR GBP CAD AUD EUR JPY","default_currency":"USD","checkout_header_image":"","checkout_logo_image":"","checkout_logo_position":"left","checkout_logo_size":"medium","checkout_body_background_image":"","checkout_body_background_color":"#ffffff","checkout_input_background_color_mode":"white","checkout_sidebar_background_image":"","checkout_sidebar_background_color":"#fafafa","checkout_heading_font":"Helvetica Neue","checkout_body_font":"Helvetica Neue","checkout_accent_color":"#1990c6","checkout_button_color":"#1990c6","checkout_error_color":"#ff6d6d","bg":"no_bg","background-position":"left top","background-repeat":"no-repeat","logo-color":"#000000","homepage-header-pre-scroll-background":"rgba(0,0,0,0)","homepage-header-background":"#ffffff","homepage-pre-scroll-navigation-color":"#000000","homepage-pre-scroll-navigation-color-hover":"#000000","homepage-navigation-color":"#000000","homepage-navigation-color-hover":"#000000","homepage-header-pre-scroll-background-ros":"#ffffff","homepage-header-background-ros":"#ffffff","homepage-pre-scroll-navigation-color-ros":"#000000","homepage-pre-scroll-navigation-color-hover-ros":"#000000","homepage-pre-scroll-navigation-active-ros":"#000000","homepage-navigation-color-ros":"#000000","homepage-navigation-color-hover-ros":"#000000","link_hover_color":"#000000","read-more-background":"#000000","read-more-hover-background":"#000000","read-more-link-color":"#ffffff","read-more-link-hover-color":"#ffffff","icons":"#000000","icons-hover":"#000000","prod-qv-background":"#000000","prod-qv-text":"#ffffff","prod-qv-background-hover":"#000000","prod-qv-text-hover":"#ffffff","footer_title_color":"#000000","footer_link_color":"#000000","footer_link_hover":"#000000","footer_icons_hover_color":"#000000","footer_button_hover":"#000000","footer_button_text_hover":"#ffffff","icon-font-size":"12px","footer_text_align":"left","footer_title_weight":"500","footer_title_transform":"uppercase","footer_title_size":"14px","promo-text-weight":"normal","promo-text-size":"18px","banner_size":"13px","logo-size":"20px","logo-transform":"uppercase","logo-weight":"700","dropdown-transform":"uppercase","dropdown-size":"13px","slide-title-size":"22px","slide-title-weight":"700","caption-size":"16px","cta_size":"16px","cta_weight":"400","banner_font":"'Helvetica Neue', Helvetica, Arial, sans-serif","logo-font":"'Helvetica Neue', Helvetica, Arial, sans-serif","icon-font":"'Helvetica Neue', Helvetica, Arial, sans-serif","slide-title-font":"'Roboto', sans-serif;","caption-font":"'Roboto', sans-serif;","parallax-font":"'Helvetica Neue', Helvetica, Arial, sans-serif","promo-font":"'Helvetica Neue', Helvetica, Arial, sans-serif","mailchimp":"","show-facebook-like":true,"show_product_sidebar":false,"enable-zoom":true,"thumbnails":"right","product-vendor":false,"show-sku":true,"product-note":"","checkout_use_header_image":false,"checkout_logo":"","checkout_use_body_background_image":false,"checkout_use_sidebar_background_image":false,"all-collections":"","products_per_row":"4","products_per_page":"24","show_collection_sidebar":false,"sticky-sidebar":false,"collection_links_1":false,"collection_side_1":"main-menu","collection_links_2":false,"collection_side_2":"","collection_links_3":false,"collection_side_3":"","collection_links_4":false,"collection_side_4":"","shop_by_designer":false,"shop_by_designer_title":"Shop by Designer","show-twitter-feed":"1","twitter-widget":"","sections":{"header":{"type":"header","settings":{"full-width-header":true,"banner_message":"Add a message for your customers","banner_size":"13px","logo":"","logo_max_width":"180","logo-align":"left","logo-size":"22px","logo-transform":"uppercase","logo-weight":"700","cart-position":"top-bar","cart_icon":"cart","header_cover":false,"header_border":false,"nav-style":"full"}},"footer":{"type":"footer","blocks":{"1479846461263":{"type":"menu","settings":{"footer_nav":"footer","title":"Explore"}},"1479499878046":{"type":"newsletter","settings":{"title":"Connect"}}},"block_order":["1479846461263","1479499878046"],"settings":{"footer_text_align":"left","footer_title_weight":"700","footer_title_transform":"uppercase","footer_title_size":"14px"}},"1478800373635":{"type":"slideshow","blocks":{"1478800373635-0":{"type":"image","settings":{"image":"","title":"Add a title to your image","subheading":"Tell your brand's story through images","button_text":"Add a call to action","link":"","caption_horizontal":"left","caption_vertical":"45%","slide_text_color":"#000000","caption_rgba":false,"caption_rgba_color":"255,255,255,0.4","caption_background":"rgba(0,0,0,0)","cta_color":"#ffffff","cta_background":"#000000"}},"1478800373635-1":{"type":"image","settings":{"image":"","title":"Add a title to your image","subheading":"Tell your brand's story through images","button_text":"Add a call to action","link":"","caption_horizontal":"left","caption_vertical":"45%","slide_text_color":"#000000","caption_rgba":false,"caption_rgba_color":"255,255,255,0.4","caption_background":"rgba(0,0,0,0)","cta_color":"#ffffff","cta_background":"#000000"}}},"block_order":["1478800373635-0","1478800373635-1"],"settings":{"slideshow":"content","slide-title-size":"22px","slide-title-weight":"700","caption-size":"14px","cta_size":"14px","cta_weight":"400"}},"1478800447615":{"type":"parallax-image","settings":{"image":"","page-content":"text","page":"","page-text":"Parallax image section","link":"","page-height":"500","page-text-color":"#000000","parallax-font-size":"26px","parallax-font-weight":"700"}},"1478800474714":{"type":"featured-products","settings":{"title":"Featured Products","collection":"","homepage-product-layout":"carousel","limit":"6","grid":"3","homepage-collection-title-color":"#000000","homepage-collection-background":"#fff"}},"1478800501773":{"type":"featured-images","blocks":{"1478800501773-0":{"type":"image","settings":{"image_width":"33%","image":"","link":"","title_text":"Our collections","promo_color":"#000000"}},"1478800501773-1":{"type":"image","settings":{"image_width":"33%","image":"","link":"","title_text":"Our collections","promo_color":"#000000"}},"1478800501773-2":{"type":"image","settings":{"image_width":"33%","image":"","link":"","title_text":"Our collections","promo_color":"#000000"}}},"block_order":["1478800501773-0","1478800501773-1","1478800501773-2"],"settings":{"promo-background-color":"#ffffff","promo-text-weight":"bold","promo-text-size":"18px"}},"1478800523878":{"type":"parallax-image","settings":{"image":"","page-content":"text","page":"","page-text":"","link":"","page-height":"500","page-text-color":"#fff","parallax-font-size":"36px","parallax-font-weight":"400"}},"1478800534081":{"type":"instagram","settings":{"title":"Follow us on Instagram","instagram-access-token":"","instagram-title-color":"#000000","instagram-background-color":"#fff"}},"collection-template":{"type":"collection-template","blocks":{"1479321332335":{"type":"menu","settings":{"side_nav":"main-menu","title":"Explore"}}},"block_order":["1479321332335"],"settings":{"products_per_row":"3","products_per_page":"24","show_collection_sidebar":true,"sticky-sidebar":false}},"product-template":{"type":"product-template","settings":{"enable-zoom":true,"thumbnails":"right","product-vendor":true,"show-sku":false,"product-note":"Add a note to encourage purchase"}},"blog-template":{"type":"blog-template","settings":{"blog-sidebar":true,"recent-posts":true,"recent-title":"Explore","post-tags":true,"tags-title":"Categories","show-facebook-like":true,"facebook-title":"Connect"}}},"content_for_index":["1478800373635","1478800501773","1478800447615","1478800474714","1478800523878","1478800534081"]},"Yves":{"password_bg":"yes","banner_background":"#000000","banner_color":"#ffffff","background":"#ffffff","header-color":"#000000","text_color":"#000000","link_color":"#000000","button_color":"#000000","button_hover":"#000000","button_text":"#ffffff","sale-color":"#c50000","dotted_color":"#e5e5e5","pre-scroll-background":"#ffffff","pre-scroll-navigation":"#000000","pre-scroll-navigation-hover":"#000000","scroll-background":"#ffffff","scroll-navigation-color":"#000000","scroll-navigation-hover":"#000000","new-background":"#c50000","new-color":"#ffffff","sale-icon-background":"#000000","sale-icon-color":"#000000","so-background":"#000000","so-color":"#000000","product-note-color":"#000000","product-note-background":"#f8f8f8","footer_border":"#dddddd","footer_background":"#f5f5f5","footer_text":"#000000","footer_icons_color":"#000000","footer_icons_hover":"#000000","footer_input":"#ffffff","footer_input_text":"#000000","footer_button":"#000000","footer_button_text":"#ffffff","font":"'Lato', sans-serif","font-size":"13px","headings_font":"'Open Sans', sans-serif","h1-size":"22","h2-size":"18px","h3-size":"16px","h4-size":"16px","h5-size":"14px","h6-size":"14px","heading-transform":"none","heading-weight":"700","link-decoration":"underline","navigation-font":"'Open Sans', sans-serif","nav_size":"14px","nav-weight":"400","navigation-transform":"none","section-title-border":"1px","section-title-align":"center","main_nav":"main-menu","megadropdown_link":"","nav_promo_image":false,"nav_promo_link":"\/collections\/all","mega_1_show":false,"mega_1_links":"footer","mega_2_show":false,"mega_2_links":"","mega_3_show":false,"mega_3_links":"","mega_4_show":false,"mega_4_links":"","breadcrumb":true,"image-flip":true,"vendor":true,"quickview":true,"details-align":"center","max-height":false,"desktop-image-height":"","tablet-image-height":"","mobile-image-height":"","pagelist":"","page-sidebar-title":"Sidebar title","show-map":false,"map":"","cart_notes_enable":false,"ajax_cart_method":"drawer","show_twitter":true,"twittername":"","show_facebook":true,"facebook_url":"","show_pinterest":true,"pinterest_url":"","show_tumblr":false,"tumblr_url":"","show_youtube":false,"youtube_url":"","show_googleplus":false,"googleplus_url":"","show_instagram":true,"instagram-id":"Enter ID only","show_snapchat":true,"snapchat-id":"Enter ID only","show_weibo":false,"weibo-id":"Enter ID only","show_rss":true,"popup":false,"email_popup_image":false,"show_multiple_currencies":false,"currency_format":"money_with_currency_format","supported_currencies":"INR GBP CAD AUD EUR JPY","default_currency":"USD","checkout_header_image":"","checkout_logo_image":"","checkout_logo_position":"left","checkout_logo_size":"medium","checkout_body_background_image":"","checkout_body_background_color":"#ffffff","checkout_input_background_color_mode":"white","checkout_sidebar_background_image":"","checkout_sidebar_background_color":"#fafafa","checkout_heading_font":"Helvetica Neue","checkout_body_font":"Helvetica Neue","checkout_accent_color":"#1990c6","checkout_button_color":"#1990c6","checkout_error_color":"#ff6d6d","bg":"no_bg","background-position":"left top","background-repeat":"no-repeat","logo-color":"#000000","homepage-header-pre-scroll-background":"rgba(0,0,0,0)","homepage-header-background":"#ffffff","homepage-pre-scroll-navigation-color":"#000000","homepage-pre-scroll-navigation-color-hover":"#000000","homepage-navigation-color":"#000000","homepage-navigation-color-hover":"#000000","homepage-header-pre-scroll-background-ros":"#ffffff","homepage-header-background-ros":"#ffffff","homepage-pre-scroll-navigation-color-ros":"#000000","homepage-pre-scroll-navigation-color-hover-ros":"#000000","homepage-pre-scroll-navigation-active-ros":"#000000","homepage-navigation-color-ros":"#000000","homepage-navigation-color-hover-ros":"#000000","link_hover_color":"#000000","read-more-background":"#000000","read-more-hover-background":"#000000","read-more-link-color":"#ffffff","read-more-link-hover-color":"#ffffff","icons":"#000000","icons-hover":"#000000","prod-qv-background":"#000000","prod-qv-text":"#ffffff","prod-qv-background-hover":"#000000","prod-qv-text-hover":"#ffffff","footer_title_color":"#000000","footer_link_color":"#000000","footer_link_hover":"#000000","footer_icons_hover_color":"#000000","footer_button_hover":"#000000","footer_button_text_hover":"#ffffff","icon-font-size":"12px","footer_text_align":"left","footer_title_weight":"500","footer_title_transform":"uppercase","footer_title_size":"14px","promo-text-weight":"normal","promo-text-size":"18px","banner_size":"13px","logo-size":"20px","logo-transform":"uppercase","logo-weight":"700","dropdown-transform":"uppercase","dropdown-size":"13px","slide-title-size":"22px","slide-title-weight":"700","caption-size":"16px","cta_size":"16px","cta_weight":"400","banner_font":"'Helvetica Neue', Helvetica, Arial, sans-serif","logo-font":"'Helvetica Neue', Helvetica, Arial, sans-serif","icon-font":"'Helvetica Neue', Helvetica, Arial, sans-serif","slide-title-font":"'Roboto', sans-serif;","caption-font":"'Roboto', sans-serif;","parallax-font":"'Helvetica Neue', Helvetica, Arial, sans-serif","promo-font":"'Helvetica Neue', Helvetica, Arial, sans-serif","mailchimp":"","show-facebook-like":true,"show_product_sidebar":false,"enable-zoom":true,"thumbnails":"right","product-vendor":false,"show-sku":true,"product-note":"","checkout_use_header_image":false,"checkout_logo":"","checkout_use_body_background_image":false,"checkout_use_sidebar_background_image":false,"all-collections":"","products_per_row":"4","products_per_page":"24","show_collection_sidebar":false,"sticky-sidebar":false,"collection_links_1":false,"collection_side_1":"main-menu","collection_links_2":false,"collection_side_2":"","collection_links_3":false,"collection_side_3":"","collection_links_4":false,"collection_side_4":"","shop_by_designer":false,"shop_by_designer_title":"Shop by Designer","show-twitter-feed":"1","twitter-widget":"","sections":{"header":{"type":"header","settings":{"full-width-header":false,"banner_message":"Add a message for your customers","banner_size":"12px","logo":"","logo_max_width":"180","logo-align":"left","logo-size":"22px","logo-transform":"uppercase","logo-weight":"700","cart-position":"top-bar","cart_icon":"cart","header_cover":false,"header_border":false,"nav-style":"full"}},"footer":{"type":"footer","blocks":{"1479846461263":{"type":"menu","settings":{"footer_nav":"footer","title":"Explore"}},"1479499878046":{"type":"newsletter","settings":{"title":"Connect"}}},"block_order":["1479846461263","1479499878046"],"settings":{"footer_text_align":"left","footer_title_weight":"700","footer_title_transform":"uppercase","footer_title_size":"14px"}},"1478800373635":{"type":"slideshow","blocks":{"1478800373635-0":{"type":"image","settings":{"image":"","title":"Add a title to your image","subheading":"Tell your brand's story through images","button_text":"Add a call to action","link":"","caption_horizontal":"left","caption_vertical":"45%","slide_text_color":"#000000","caption_rgba":false,"caption_rgba_color":"255,255,255,0.4","caption_background":"rgba(0,0,0,0)","cta_color":"#ffffff","cta_background":"#000000"}},"1478800373635-1":{"type":"image","settings":{"image":"","title":"Add a title to your image","subheading":"Tell your brand's story through images","button_text":"Add a call to action","link":"","caption_horizontal":"left","caption_vertical":"45%","slide_text_color":"#000000","caption_rgba":false,"caption_rgba_color":"255,255,255,0.4","caption_background":"rgba(0,0,0,0)","cta_color":"#ffffff","cta_background":"#000000"}}},"block_order":["1478800373635-0","1478800373635-1"],"settings":{"slideshow":"content","slide-title-size":"22px","slide-title-weight":"700","caption-size":"14px","cta_size":"14px","cta_weight":"400"}},"1478800447615":{"type":"parallax-image","settings":{"image":"","page-content":"text","page":"","page-text":"Parallax image section","link":"","page-height":"500","page-text-color":"#000000","parallax-font-size":"26px","parallax-font-weight":"700"}},"1478800474714":{"type":"featured-products","settings":{"title":"Featured Products","collection":"","homepage-product-layout":"carousel","limit":"6","grid":"3","homepage-collection-title-color":"#000000","homepage-collection-background":"#fff"}},"1478800501773":{"type":"featured-images","blocks":{"1478800501773-0":{"type":"image","settings":{"image_width":"33%","image":"","link":"","title_text":"Our collections","promo_color":"#000000"}},"1478800501773-1":{"type":"image","settings":{"image_width":"33%","image":"","link":"","title_text":"Our collections","promo_color":"#000000"}},"1478800501773-2":{"type":"image","settings":{"image_width":"33%","image":"","link":"","title_text":"Our collections","promo_color":"#000000"}}},"block_order":["1478800501773-0","1478800501773-1","1478800501773-2"],"settings":{"promo-background-color":"#ffffff","promo-text-weight":"bold","promo-text-size":"18px"}},"1478800523878":{"type":"parallax-image","settings":{"image":"","page-content":"text","page":"","page-text":"","link":"","page-height":"500","page-text-color":"#fff","parallax-font-size":"36px","parallax-font-weight":"400"}},"1478800534081":{"type":"instagram","settings":{"title":"Follow us on Instagram","instagram-access-token":"","instagram-title-color":"#000000","instagram-background-color":"#fff"}},"collection-template":{"type":"collection-template","blocks":{"1479321332335":{"type":"menu","settings":{"side_nav":"main-menu","title":"Explore"}}},"block_order":["1479321332335"],"settings":{"products_per_row":"3","products_per_page":"24","show_collection_sidebar":true,"sticky-sidebar":false}},"product-template":{"type":"product-template","settings":{"enable-zoom":true,"thumbnails":"left","product-vendor":true,"show-sku":false,"product-note":"Add a note to encourage purchase"}},"blog-template":{"type":"blog-template","settings":{"blog-sidebar":true,"recent-posts":true,"recent-title":"Explore","post-tags":true,"tags-title":"Categories","show-facebook-like":true,"facebook-title":"Connect"}},"1479856136521":{"type":"social-links","settings":{"title":"Connect with us","show-mailchimp":false,"homepage-social-color":"#000","homepage-social-background":"#fff"}},"1479856147659":{"type":"featured-blog","settings":{"title":"From the blog","blog":"news","post_limit":"2","homepage-blog-color":"#000","homepage-blog-background":"#fff"}},"1479856158223":{"type":"parallax-image","settings":{"image":"","page-content":"text","page":"","page-text":"Parallax image section","link":"","page-height":"500","page-text-color":"#000000","parallax-font-size":"26px","parallax-font-weight":"700"}},"1479856171082":{"type":"parallax-image","settings":{"image":"","page-content":"text","page":"","page-text":"Parallax image section","link":"","page-height":"500","page-text-color":"#000000","parallax-font-size":"26px","parallax-font-weight":"700"}},"1479856182592":{"type":"featured-collections","blocks":{"1479856182592-1":{"type":"featured_collection","settings":{"collection":""}},"1479856182592-2":{"type":"featured_collection","settings":{"collection":""}},"1479856347054":{"type":"featured_collection","settings":{"collection":""}}},"block_order":["1479856182592-1","1479856182592-2","1479856347054"],"settings":{"title":"Featured Collections","collection_layout":"grid","grid":"3","homepage-collect-title-color":"#000000","homepage-collect-background":"#fff"}},"1479856192098":{"type":"parallax-image","settings":{"image":"","page-content":"text","page":"","page-text":"Parallax image section","link":"","page-height":"500","page-text-color":"#000000","parallax-font-size":"26px","parallax-font-weight":"700"}}},"content_for_index":["1478800373635","1478800501773","1478800447615","1478800474714","1478800523878","1479856136521","1479856158223","1479856147659","1479856171082","1479856182592","1479856192098","1478800534081"]}},"current":{"checkout_header_image":"","checkout_logo_image":"","checkout_logo_position":"left","checkout_logo_size":"medium","checkout_body_background_image":"","checkout_body_background_color":"#ffffff","checkout_input_background_color_mode":"white","checkout_sidebar_background_image":"","checkout_sidebar_background_color":"#fafafa","checkout_heading_font":"Helvetica Neue","checkout_body_font":"Helvetica Neue","checkout_accent_color":"#1990c6","checkout_button_color":"#1990c6","checkout_error_color":"#ff6d6d","banner_background":"#3f3f3f","banner_color":"#ffffff","background":"#ffffff","header-color":"#000000","text_color":"#000000","link_color":"#000000","button_color":"#000000","button_hover":"#000000","button_text":"#ffffff","sale-color":"#c50000","dotted_color":"#e5e5e5","pre-scroll-background":"#ffffff","pre-scroll-navigation":"#000000","pre-scroll-navigation-hover":"#000000","scroll-background":"#ffffff","scroll-navigation-color":"#000000","scroll-navigation-hover":"#000000","new-background":"#c50000","new-color":"#ffffff","sale-icon-background":"#000000","sale-icon-color":"#000000","so-background":"#000000","so-color":"#000000","product-note-color":"#000000","product-note-background":"#f8f8f8","footer_border":"#dddddd","footer_background":"#eeeeee","footer_text":"#000000","footer_icons_color":"#000000","footer_icons_hover":"#be8080","footer_input":"#ffffff","footer_input_text":"#000000","footer_button":"#000000","footer_button_text":"#ffffff","font":"'Roboto', sans-serif;","font-size":"12px","headings_font":"'Roboto', sans-serif;","h1-size":"22","h2-size":"18px","h3-size":"16px","h4-size":"16px","h5-size":"14px","h6-size":"14px","heading-transform":"uppercase","heading-weight":"700","link-decoration":"underline","navigation-font":"'Roboto', sans-serif;","nav_size":"14px","nav-weight":"400","navigation-transform":"uppercase","section-title-border":"1px","section-title-align":"center","breadcrumb":true,"image-flip":true,"vendor":false,"quickview":true,"details-align":"center","max-height":false,"desktop-image-height":"","tablet-image-height":"","mobile-image-height":"","cart_notes_enable":false,"ajax_cart_method":"drawer","twittername":"","facebook_url":"","pinterest_url":"","tumblr_url":"","youtube_url":"","googleplus_url":"","instagram-id":"Enter ID only","snapchat-id":"Enter ID only","weibo-id":"Enter ID only","popup":false,"email_popup_image":false,"email-image":"","favicon":"","show_multiple_currencies":false,"currency_format":"money_with_currency_format","supported_currencies":"INR GBP CAD AUD EUR JPY","default_currency":"USD","main_nav":"main-menu","megadropdown_link":"","nav_promo_image":false,"nav_promo":"shopify:\/\/shop_images\/slide2_1a52b8ec-7d4f-4072-9e61-09036ce937cd.jpg","nav_promo_link":"\/collections\/all","mega_1_links":"footer","mega_2_links":"","mega_3_links":"","mega_4_links":"","mega_1_show":false,"mega_2_show":false,"mega_3_show":false,"mega_4_show":false,"pagelist":"","page-sidebar-title":"Sidebar title","show-map":false,"map":"","password_bg":"yes","show_twitter":true,"show_facebook":true,"show_pinterest":true,"show_tumblr":false,"show_youtube":false,"show_googleplus":false,"show_instagram":true,"show_snapchat":true,"show_weibo":false,"show_rss":true,"bg":"no_bg","background-position":"left top","background-repeat":"no-repeat","logo-color":"#000000","homepage-header-pre-scroll-background":"rgba(0,0,0,0)","homepage-header-background":"#ffffff","homepage-pre-scroll-navigation-color":"#000000","homepage-pre-scroll-navigation-color-hover":"#000000","homepage-navigation-color":"#000000","homepage-navigation-color-hover":"#000000","homepage-header-pre-scroll-background-ros":"#ffffff","homepage-header-background-ros":"#ffffff","homepage-pre-scroll-navigation-color-ros":"#000000","homepage-pre-scroll-navigation-color-hover-ros":"#000000","homepage-pre-scroll-navigation-active-ros":"#000000","homepage-navigation-color-ros":"#000000","homepage-navigation-color-hover-ros":"#000000","link_hover_color":"#000000","read-more-background":"#000000","read-more-hover-background":"#000000","read-more-link-color":"#ffffff","read-more-link-hover-color":"#ffffff","icons":"#000000","icons-hover":"#000000","prod-qv-background":"#000000","prod-qv-text":"#ffffff","prod-qv-background-hover":"#000000","prod-qv-text-hover":"#ffffff","footer_title_color":"#000000","footer_link_color":"#000000","footer_link_hover":"#000000","footer_icons_hover_color":"#000000","footer_button_hover":"#000000","footer_button_text_hover":"#ffffff","icon-font-size":"12px","footer_text_align":"left","footer_title_weight":"500","footer_title_transform":"uppercase","footer_title_size":"14px","promo-text-weight":"normal","promo-text-size":"18px","banner_size":"13px","logo-size":"20px","logo-transform":"uppercase","logo-weight":"700","dropdown-transform":"uppercase","dropdown-size":"13px","slide-title-size":"22px","slide-title-weight":"700","caption-size":"16px","cta_size":"16px","cta_weight":"400","banner_font":"'Helvetica Neue', Helvetica, Arial, sans-serif","logo-font":"'Helvetica Neue', Helvetica, Arial, sans-serif","icon-font":"'Helvetica Neue', Helvetica, Arial, sans-serif","slide-title-font":"'Roboto', sans-serif;","caption-font":"'Roboto', sans-serif;","parallax-font":"'Helvetica Neue', Helvetica, Arial, sans-serif","promo-font":"'Helvetica Neue', Helvetica, Arial, sans-serif","mailchimp":"","show-facebook-like":true,"show_product_sidebar":false,"enable-zoom":true,"thumbnails":"right","product-vendor":false,"show-sku":true,"product-note":"","checkout_use_header_image":false,"checkout_logo":"","checkout_use_body_background_image":false,"checkout_use_sidebar_background_image":false,"all-collections":"","products_per_row":"4","products_per_page":"24","show_collection_sidebar":false,"sticky-sidebar":false,"collection_links_1":false,"collection_side_1":"main-menu","collection_links_2":false,"collection_side_2":"","collection_links_3":false,"collection_side_3":"","collection_links_4":false,"collection_side_4":"","shop_by_designer":false,"shop_by_designer_title":"Shop by Designer","show-twitter-feed":"1","twitter-widget":"","sections":{"header":{"type":"header","settings":{"full-width-header":false,"banner_message":"Add a message for your customers","banner_size":"13px","logo":"","logo_max_width":"180","logo-align":"left","logo-size":"22px","logo-transform":"uppercase","logo-weight":"700","cart-position":"top-bar","cart_icon":"cart","header_cover":false,"header_border":false,"nav-style":"full"}},"footer":{"type":"footer","blocks":{"1479846461263":{"type":"menu","settings":{"footer_nav":"footer","title":"Explore"}},"1479499878046":{"type":"newsletter","settings":{"title":"Connect"}}},"block_order":["1479846461263","1479499878046"],"settings":{"footer_text_align":"left","footer_title_weight":"700","footer_title_transform":"uppercase","footer_title_size":"14px"}},"1478800373635":{"type":"slideshow","blocks":{"1478800373635-0":{"type":"image","settings":{"image":"","title":"Add a title to your image","subheading":"Tell your brand's story through images","button_text":"Add a call to action","link":"","caption_horizontal":"left","caption_vertical":"45%","slide_text_color":"#000000","caption_rgba":false,"caption_rgba_color":"255,255,255,0.4","caption_background":"rgba(0,0,0,0)","cta_color":"#ffffff","cta_background":"#000000"}},"1478800373635-1":{"type":"image","settings":{"image":"","title":"Add a title to your image","subheading":"Tell your brand's story through images","button_text":"Add a call to action","link":"","caption_horizontal":"left","caption_vertical":"45%","slide_text_color":"#000000","caption_rgba":false,"caption_rgba_color":"255,255,255,0.4","caption_background":"rgba(0,0,0,0)","cta_color":"#ffffff","cta_background":"#000000"}}},"block_order":["1478800373635-0","1478800373635-1"],"settings":{"slideshow":"content","slide-title-size":"22px","slide-title-weight":"700","caption-size":"14px","cta_size":"14px","cta_weight":"400"}},"1478800447615":{"type":"parallax-image","settings":{"image":"","page-content":"text","page":"","page-text":"Parallax image section","link":"","page-height":"500","page-text-color":"#000000","parallax-font-size":"26px","parallax-font-weight":"700"}},"1478800474714":{"type":"featured-products","settings":{"title":"Featured Products","collection":"","homepage-product-layout":"carousel","limit":"6","grid":"3","homepage-collection-title-color":"#000000","homepage-collection-background":"#fff"}},"1478800501773":{"type":"featured-images","blocks":{"1478800501773-0":{"type":"image","settings":{"image_width":"33%","image":"","link":"","title_text":"Our collections","promo_color":"#000000"}},"1478800501773-1":{"type":"image","settings":{"image_width":"33%","image":"","link":"","title_text":"Our collections","promo_color":"#000000"}},"1478800501773-2":{"type":"image","settings":{"image_width":"33%","image":"","link":"","title_text":"Our collections","promo_color":"#000000"}}},"block_order":["1478800501773-0","1478800501773-1","1478800501773-2"],"settings":{"promo-background-color":"#ffffff","promo-text-weight":"bold","promo-text-size":"18px"}},"1478800523878":{"type":"parallax-image","settings":{"image":"","page-content":"text","page":"","page-text":"","link":"","page-height":"500","page-text-color":"#fff","parallax-font-size":"36px","parallax-font-weight":"400"}},"1478800534081":{"type":"instagram","settings":{"title":"Follow us on Instagram","instagram-access-token":"","instagram-title-color":"#000000","instagram-background-color":"#fff"}},"collection-template":{"type":"collection-template","blocks":{"1479321332335":{"type":"menu","settings":{"side_nav":"main-menu","title":"Explore"}}},"block_order":["1479321332335"],"settings":{"products_per_row":"3","products_per_page":"24","show_collection_sidebar":true,"sticky-sidebar":false}},"product-template":{"type":"product-template","settings":{"enable-zoom":true,"thumbnails":"right","product-vendor":true,"show-sku":false,"product-note":"Add a note to encourage purchase"}},"blog-template":{"type":"blog-template","settings":{"blog-sidebar":true,"recent-posts":true,"recent-title":"Explore","post-tags":true,"tags-title":"Categories","show-facebook-like":true,"facebook-title":"Connect"}}},"content_for_index":["1478800373635","1478800501773","1478800447615","1478800474714","1478800523878","1478800534081"]}}