{
  "current": {
    "performance": "ludicrous",
    "image_loading_style": "blur-up",
    "custom_scripts": "",
    "logo_color": "#ffffff",
    "regular_color": "#ffffff",
    "banner_color": "#ffffff",
    "headline_color": "#c7c4c4",
    "headline_footer_text_color": "#797777",
    "sub_footer_text_color": "#797777",
    "sale_color": "#a70b0b",
    "was_price_color": "#8c8b8b",
    "product_hover_text_color": "#ffffff",
    "promo_text_color": "#ffffff",
    "shop_home_page_content_text_color": "#ffffff",
    "newsletter_popup_color": "#fffdfd",
    "newsletter_section_color": "#ffffff",
    "collection_filter_color": "#ffffff",
    "top_bar_color": "#ffffff",
    "top_bar_color_hover": "#6554b8",
    "nav_color": "#ffffff",
    "nav_color_home": "#ffffff",
    "nav_color_hover": "#bd1c01",
    "link_color": "#a70b0b",
    "link_hover_color": "#bd1c01",
    "sidebar_nav_color": "#bd1c01",
    "sidebar_nav_color_hover": "#ffffff",
    "sub_footer_link_color": "#797777",
    "sub_footer_link_color_hover": "#ffffff",
    "btn_color": "#a70b0b",
    "banner_button_color": "#a70b0b",
    "btn_hover_color": "#bd1c01",
    "btn_text_color": "#ffffff",
    "button_style": "rounded",
    "read_more_style": "button",
    "swatch_style": "square",
    "table_styles_enabled": true,
    "slideshow_arrow_size": "light",
    "arrow_color": "#bbbaba",
    "slideshow_button_style": false,
    "slideshow_nav_buttons": true,
    "border_color": "#000000",
    "headline_border_color": "#b1b0b0",
    "headline_border": "1",
    "divider_style": "dashed",
    "sub_footer_border_color": "#000000",
    "sale_banner_color": "#000000",
    "new_banner_color": "#382386",
    "banner_style": "square",
    "search_section_color": "#ffffff",
    "search_section_bg_color": "#414141",
    "testimonial_color": "#ffffff",
    "testimonial_bg_color": "#323232",
    "featured_promotions_color": "#fff",
    "featured_promotions_color_hover": "#ffffff",
    "featured_promotions_background": "#000000",
    "featured_promotions_mobile_background": true,
    "modal_background_color": "#000000",
    "modal_text_color": "#ffffff",
    "shop_bg_color": "#202020",
    "custom_bg": "",
    "repeat_bg": "repeat",
    "bg_fixed": false,
    "bg_stretched": false,
    "top_bar_bg_color": "#000000",
    "top_bar_cart_bg_color": "rgba(0,0,0,0)",
    "minicart_bg_color": "#202020",
    "banner_placeholder_background_color": "#000000",
    "banner_background_color": "#000000",
    "header_bg_color": "#000000",
    "header_background": false,
    "transparent_header": false,
    "promo_bg_color": "#bd1c01",
    "shop_home_page_content_bg_color": "#202020",
    "featured_links_background": "#a70b0b",
    "product_hover_bg_color": "#202020",
    "sub_footer_color": "#000000",
    "footer_bg": "",
    "footer_bg_stretched": false,
    "newsletter_popup_background_color": "#000000",
    "newsletter_section_background_color": "#414141",
    "password_page_text_color": "#ffffff",
    "password_page_background_color": "#000000",
    "logo__font": "maven_pro_n5",
    "logo_font_style": "uppercase",
    "logo_font_size": 18,
    "top_bar_font_size": 12,
    "top_bar_letter_spacing": 1,
    "nav__font": "maven_pro_n5",
    "nav_font_style": "uppercase",
    "nav_font_size": 13,
    "nav_letter_spacing": 1,
    "nav_shadow": true,
    "button_weight": "normal",
    "button_font_style": "uppercase",
    "button_font_size": 14,
    "mega_text_font_size": 14,
    "mega_text_letter_spacing": 1,
    "headline__font": "maven_pro_n5",
    "headline_font_style": "uppercase",
    "headline_font_size": 27,
    "headline_letter_spacing": 0,
    "slideshow_headline__font": "maven_pro_n7",
    "slideshow_headline_font_style": "uppercase",
    "slideshow_headline_size": 53,
    "slideshow_headline_letter_spacing": 0,
    "slideshow_headline_shadow": true,
    "slideshow_subtitle__font": "maven_pro_n4",
    "slideshow_subtitle_font_style": "none",
    "slideshow_subtitle_size": 19,
    "slideshow_subtitle_letter_spacing": 1,
    "slideshow_shadow": true,
    "regular__font": "maven_pro_n4",
    "regular_font_style": "none",
    "regular_font_size": 16,
    "footer_logo_font_size": 20,
    "footer_heading_font_size": 18,
    "footer_font_size": 13,
    "mega_menu_1": true,
    "mega_menu_2": false,
    "mega_menu_3": false,
    "mega_menu_4": false,
    "mega_menu_5": false,
    "search_option": "everything",
    "search_pagination_type": "basic_pagination",
    "enable_autocomplete": true,
    "search_to_display": 5,
    "thumbnail_hover_enabled": false,
    "display_vendor": false,
    "collection_secondary_image": false,
    "sale_banner_enabled": true,
    "collection_swatches": false,
    "mobile_products_per_row": "2",
    "pagination_type": "basic_pagination",
    "align_height": false,
    "collection_height": 200,
    "notify_me_form": true,
    "notify_me_richtext": "<p>Notify me when this product is available:<\/p>",
    "product_form_style": "swatches",
    "display_product_quantity": false,
    "limit_quantity": false,
    "display_inventory_left": true,
    "inventory_threshold": 10,
    "display_price": false,
    "sold_out_text": "Sold Out",
    "free_price_text": "Free",
    "size_chart": "",
    "enable_shopify_review_comments": false,
    "enable_shopify_collection_badges": false,
    "quick_shop_enabled": true,
    "quick_shop_style": "popup",
    "show_payment_button": false,
    "quick_shop_display_vendor": false,
    "quick_shop_display_savings": true,
    "quick_shop_zoom": false,
    "quick_shop_full_description": false,
    "description_words": 25,
    "quick_shop_product_description_position": "bottom",
    "quick_shop_gallery_arrows": false,
    "quick_shop_slideshow_animation": "slide",
    "quick_shop_product_images_position": "left",
    "quick_shop_product_thumbs": true,
    "quick_shop_thumbnail_position": "left-thumbnails",
    "cart_action": "ajax",
    "show_lock_icon": true,
    "display_tos_checkbox": true,
    "tos_page": "",
    "go_to_checkout": true,
    "display_special_instructions": true,
    "display_savings": false,
    "cart_message": "",
    "show_shipping_calculator": false,
    "shipping_calculator_default_country": "United States",
    "show_multiple_currencies": true,
    "currency_format": "money_format",
    "supported_currencies": "USD CAD AUD GBP EUR JPY",
    "default_currency": "USD",
    "mailchimp_link": "",
    "secondary_newsletter_banner": true,
    "newsletter_popup": true,
    "newsletter_popup_close": false,
    "newsletter_popup_mobile": false,
    "newsletter_popup_form": false,
    "display_first_name": false,
    "display_last_name": false,
    "use_newsletter_border": false,
    "newsletter_bg": "shopify:\/\/shop_images\/guy-age.jpg",
    "image_crop": "none",
    "newsletter_popup_image_align": "left",
    "newsletter_popup_title": "Age Verification",
    "newsletter_popup_text": "<p>You can use this popup as an age&nbsp;gate, to control access to content.&nbsp;<a href=\"https:\/\/help.outofthesandbox.com\/hc\/en-us\/articles\/115014370088\" title=\"https:\/\/help.outofthesandbox.com\/hc\/en-us\/articles\/115014370088\">More details<\/a><\/p>\n<p><\/p>",
    "newsletter_popup_text_align": "center",
    "popup_button1": "Under 21",
    "popup_button1_link": "https:\/\/outofthesandbox.com\/",
    "popup_button1_highlight": false,
    "popup_button2": "21+ (enter)",
    "popup_button2_link": "",
    "popup_button2_highlight": true,
    "newsletter_popup_seconds": 8,
    "newsletter_popup_days": "30",
    "twitter_link": "https:\/\/twitter.com\/ootsb",
    "facebook_link": "https:\/\/facebook.com\/outofthesandbox",
    "youtube_link": "",
    "vimeo_link": "",
    "pinterest_link": "",
    "tumblr_link": "",
    "instagram_link": "https:\/\/instagram.com\/outofthesandboxshopify",
    "snapchat_link": "https:\/\/www.snapchat.com\/add\/shopify",
    "houzz_link": "",
    "linkedin_link": "",
    "email_link": "",
    "og_image_fallback": "",
    "favicon": "shopify:\/\/shop_images\/chicago-c_c4599582-8acc-476d-a437-0731bb0d7947.png",
    "disqus_enabled": false,
    "disqus_shortname": "",
    "checkout_header_image": "shopify:\/\/shop_images\/test-banner2.jpg",
    "checkout_logo_image": "shopify:\/\/shop_images\/chicago.png",
    "checkout_logo_position": "left",
    "checkout_logo_size": "medium",
    "checkout_body_background_image": "",
    "checkout_body_background_color": "#232323",
    "checkout_input_background_color_mode": "white",
    "checkout_sidebar_background_image": "",
    "checkout_sidebar_background_color": "#353536",
    "checkout_heading_font": "Helvetica Neue",
    "checkout_body_font": "Helvetica Neue",
    "checkout_accent_color": "#af0808",
    "checkout_button_color": "#363674",
    "checkout_error_color": "#f6de00",
    "google_link": "",
    "review_position": "below_product_details",
    "enable_shopify_product_badges": false,
    "logo_font": "Google_Rubik",
    "logo_weight": "normal",
    "nav_font": "Google_Rubik",
    "nav_weight": "normal",
    "headline_font": "Google_Rubik",
    "headline_weight": "bold",
    "headline_font_text": "normal",
    "slideshow_headline_font": "Google_Rubik",
    "slideshow_headline_weight": "bold",
    "slideshow_headline_font_text": "normal",
    "slideshow_subtitle_font": "Google_'Roboto+Mono'",
    "slideshow_subtitle_weight": "normal",
    "slideshow_subtitle_font_text": "normal",
    "regular_font": "Google_'Roboto+Mono'",
    "regular_weight": "normal",
    "custom_logo": "shopify:\/\/shop_images\/chicago.png",
    "password-page-background": "shopify:\/\/shop_images\/hat_366c6fe3-ebb2-4e80-a86e-ca45d3739c19.jpg",
    "pagework_page_bg_stretched": true,
    "featured_promos_text_color": "#ffffff",
    "use_custom_bg_image": false,
    "use_custom_footer_image": false,
    "use_password_bg_image": "1",
    "use_logo": false,
    "logo_alignment": "center",
    "logo_position": "center",
    "use_logo_home": false,
    "use_logo_mobile": false,
    "logo_width": 160,
    "promo_text": "",
    "phone_number": "",
    "top_bar_menu": "",
    "main_linklist": "main-menu",
    "main_linklist2": "",
    "menu_position": "inline",
    "menu_alignment": "align_left",
    "fixed_header": true,
    "logo_top_padding": "15",
    "menu_top_padding": "10",
    "cart_icon": "cart",
    "search_enabled": true,
    "collection_sidebar": false,
    "product_sidebar": false,
    "collection_top_sidebar_page": "",
    "collection_sidebar_linklist": "",
    "collection_sidebar_linklist2": "",
    "filter_by_category": false,
    "filter_by_tag": true,
    "collection_sidebar_products": true,
    "collection_sidebar_vendors": false,
    "collection_sidebar_page": "",
    "footer_logo": false,
    "footer_linklist_1": "footer",
    "footer_linklist_2": "main-menu",
    "footer_linklist_3": "",
    "footer_content_page": "",
    "copyright_text": "",
    "display_designed_by": true,
    "display_payment_methods": true,
    "behind_menu": true,
    "position_1": "1",
    "position_2": "12",
    "position_3": "7",
    "position_4": "9",
    "position_5": "16",
    "position_6": "15",
    "position_7": "0",
    "position_8": "0",
    "position_9": "0",
    "position_10": "0",
    "position_11": "0",
    "position_12": "0",
    "position_13": "0",
    "position_14": "0",
    "position_15": "0",
    "position_16": "0",
    "position_17": "0",
    "position_18": "0",
    "caption_background": false,
    "image_1_pretext": "Introducing the",
    "image_1_headline": "Turbo Shopify theme",
    "image_1_subtitle": "from Out of the Sandbox",
    "image_1_text_position": "center",
    "image_1_text_align": "center",
    "image_1_button1_text": "",
    "image_1_button1_link": "",
    "image_1_button1_highlight": false,
    "image_1_button2_text": "",
    "image_1_button2_link": "",
    "image_1_button2_highlight": false,
    "image_2_pretext": "",
    "image_2_headline": "",
    "image_2_subtitle": "",
    "image_2_text_position": "left",
    "image_2_text_align": "center",
    "image_2_button1_text": "",
    "image_2_button1_link": "",
    "image_2_button1_highlight": false,
    "image_2_button2_text": "",
    "image_2_button2_link": "",
    "image_2_button2_highlight": false,
    "image_3_pretext": "",
    "image_3_headline": "",
    "image_3_subtitle": "",
    "image_3_text_position": "left",
    "image_3_text_align": "center",
    "image_3_button1_text": "",
    "image_3_button1_link": "",
    "image_3_button1_highlight": false,
    "image_3_button2_text": "",
    "image_3_button2_link": "",
    "image_3_button2_highlight": false,
    "image_4_pretext": "",
    "image_4_headline": "",
    "image_4_subtitle": "",
    "image_4_text_position": "left",
    "image_4_text_align": "center",
    "image_4_button1_text": "",
    "image_4_button1_link": "",
    "image_4_button1_highlight": false,
    "image_4_button2_text": "",
    "image_4_button2_link": "",
    "image_4_button2_highlight": false,
    "image_5_pretext": "",
    "image_5_headline": "",
    "image_5_subtitle": "",
    "image_5_text_position": "left",
    "image_5_text_align": "center",
    "image_5_button1_text": "",
    "image_5_button1_link": "",
    "image_5_button1_highlight": false,
    "image_5_button2_text": "",
    "image_5_button2_link": "",
    "image_5_button2_highlight": false,
    "image_6_pretext": "",
    "image_6_headline": "",
    "image_6_subtitle": "",
    "image_6_text_position": "left",
    "image_6_text_align": "left",
    "image_6_button1_text": "",
    "image_6_button1_link": "",
    "image_6_button1_highlight": false,
    "image_6_button2_text": "",
    "image_6_button2_link": "",
    "image_6_button2_highlight": false,
    "featured_promos_per_row": "4",
    "featured_promos_grid": "full_width",
    "feature_title_on_image_enabled": true,
    "featured_links_style": "",
    "feature1_enabled": true,
    "feature1_link": "",
    "feature1_title": "Promo 1",
    "feature1_description": "Optional description can go here",
    "feature1_button": "",
    "feature2_enabled": true,
    "feature2_link": "http:\/\/help.outofthesandbox.com\/",
    "feature2_title": "Promo 2",
    "feature2_description": "Visit the Out of the Sandbox Support Center for Turbo-related articles and how-tos",
    "feature2_button": "",
    "feature3_enabled": true,
    "feature3_link": "",
    "feature3_title": "Promo 3",
    "feature3_description": "Publish Turbo as your main theme when you're ready to launch!",
    "feature3_button": "",
    "feature4_enabled": true,
    "feature4_link": "https:\/\/twitter.com\/outofthesandbox",
    "feature4_title": "Promo 4",
    "feature4_description": "Let us know when your new shop launches on Twitter",
    "feature4_button": "",
    "feature5_enabled": false,
    "feature5_link": "",
    "feature5_title": "",
    "feature5_description": "",
    "feature5_button": "",
    "feature6_enabled": false,
    "feature6_link": "",
    "feature6_title": "",
    "feature6_description": "",
    "feature6_button": "",
    "feature7_enabled": false,
    "feature7_link": "",
    "feature7_title": "",
    "feature7_description": "",
    "feature7_button": "",
    "feature8_enabled": false,
    "feature8_link": "",
    "feature8_title": "",
    "feature8_description": "",
    "feature8_button": "",
    "frontpage_linklist": "",
    "frontpage_collections_per_row": "1",
    "frontpage_text_align": "left",
    "frontpage_collection": "frontpage",
    "frontpage_collection_style": "slider",
    "frontpage_products_per_row": "4",
    "frontpage_collection2": "",
    "frontpage_collection_style2": "grid",
    "frontpage_products_per_row2": "4",
    "frontpage_collection_full": "",
    "frontpage_display_description": false,
    "frontpage_product_stagger": true,
    "homepage1": "frontpage",
    "homepage2": "",
    "homepage3": "",
    "blog_widget_select": "news",
    "home_page_articles": "4",
    "slideshow_text_animation": "fadeIn",
    "slideshow_text_background": false,
    "slidespeed": "6000",
    "slide1_enabled": true,
    "slide1_alt_text": "",
    "slide1_pretext": "A full-width slideshow",
    "slide1_headline": "This is a big heading",
    "slide1_subtitle": "This is a subheading where you can include more text if you wish",
    "slide1_text_position": "right",
    "slide1_text_align": "right",
    "slide1_button1_text": "",
    "slide1_button1_link": "",
    "slide1_button1_highlight": false,
    "slide1_button2_text": "",
    "slide1_button2_link": "",
    "slide1_button2_highlight": false,
    "slide2_enabled": true,
    "slide2_alt_text": "",
    "slide2_pretext": "",
    "slide2_headline": "Just a banner heading here",
    "slide2_subtitle": "",
    "slide2_text_position": "center",
    "slide2_text_align": "center",
    "slide2_button1_text": "Button 1",
    "slide2_button1_link": "",
    "slide2_button1_highlight": true,
    "slide2_button2_text": "Button 2",
    "slide2_button2_link": "",
    "slide2_button2_highlight": false,
    "slide3_enabled": false,
    "slide3_alt_text": "",
    "slide3_pretext": "",
    "slide3_headline": "",
    "slide3_subtitle": "",
    "slide3_text_position": "left",
    "slide3_text_align": "left",
    "slide3_button1_text": "",
    "slide3_button1_link": "",
    "slide3_button1_highlight": false,
    "slide3_button2_text": "",
    "slide3_button2_link": "",
    "slide3_button2_highlight": false,
    "slide4_enabled": false,
    "slide4_alt_text": "",
    "slide4_pretext": "",
    "slide4_headline": "",
    "slide4_subtitle": "",
    "slide4_text_position": "left",
    "slide4_text_align": "left",
    "slide4_button1_text": "",
    "slide4_button1_link": "",
    "slide4_button1_highlight": false,
    "slide4_button2_text": "",
    "slide4_button2_link": "",
    "slide4_button2_highlight": false,
    "slide5_enabled": false,
    "slide5_alt_text": "",
    "slide5_pretext": "",
    "slide5_headline": "",
    "slide5_subtitle": "",
    "slide5_text_position": "left",
    "slide5_text_align": "left",
    "slide5_button1_text": "",
    "slide5_button1_link": "",
    "slide5_button1_highlight": false,
    "slide5_button2_text": "",
    "slide5_button2_link": "",
    "slide5_button2_highlight": false,
    "slide6_enabled": false,
    "slide6_alt_text": "",
    "slide6_pretext": "",
    "slide6_headline": "",
    "slide6_subtitle": "",
    "slide6_text_position": "left",
    "slide6_text_align": "left",
    "slide6_button1_text": "",
    "slide6_button1_link": "",
    "slide6_button1_highlight": false,
    "slide6_button2_text": "",
    "slide6_button2_link": "",
    "slide6_button2_highlight": false,
    "banner_video_source": "youtube",
    "aspect_ratio": "16:9",
    "banner_video_autoloop": false,
    "banner_video_autoplay": false,
    "banner_video_text": false,
    "video_dark_overlay": false,
    "banner_video_id": "eGyhA-DIYvg",
    "banner_video_mp4": "",
    "banner_video_ogv": "",
    "video_pretext": "Full-width video section",
    "video_headline": "Optional heading here",
    "video_subtitle": "",
    "video_text_position": "center",
    "video_text_align": "center",
    "video_button1_text": "Play Video",
    "video_button1_link": "",
    "video_button1_highlight": true,
    "video_button2_text": "",
    "video_button2_link": "",
    "video_button2_highlight": false,
    "twitter_widget": false,
    "twitter_username": "",
    "twitter_theme": "light",
    "tweet_count": "3",
    "instagram_widget": false,
    "instagram_client_id": "",
    "instagram_title": "Instagram",
    "instagram_count": "4",
    "product_breadcrumb": true,
    "display_tags": true,
    "display_type": true,
    "display_sku": false,
    "display_collections": true,
    "display_related_products": true,
    "products_per_slide": "3",
    "gallery_arrows": true,
    "product_thumbs": true,
    "activate_zoom": true,
    "activate_autoplay": false,
    "product_images_position": "left",
    "thumbnail_position": "left-thumbnails",
    "product_description_position": "bottom",
    "products_per_row": "4",
    "pagination_limit": "24",
    "collection_breadcrumb": true,
    "collection_tags": true,
    "collection_sort": true,
    "display_collection_title": true,
    "display_vendor_collection": false,
    "collection_banner_enabled": false,
    "display_collection_header_title": false,
    "contact_address": "",
    "zoom_level": "15",
    "contact_banner_enabled": true,
    "image_contact_headline": "",
    "image_contact_subtitle": "",
    "blog_posts_per_page": "6",
    "blog_articles_per_row": "3",
    "blog_breadcrumb": true,
    "blog_tags": true,
    "blog_author": true,
    "blog_date": true,
    "blog_comment_count": true,
    "read_more_link": true,
    "blog_additional_articles": true,
    "sidebar_enabled": false,
    "blog_search": true,
    "blog_newsletter": true,
    "display_recent_articles": false,
    "blog_sidebar_tags": true,
    "blog_content_page": "",
    "article_banner_enabled": false,
    "article_banner_darken": true,
    "blog_banner_enabled": false,
    "image_blog_headline": "",
    "image_blog_subtitle": "",
    "use_newsletter_image": true,
    "newsletter_img_alt_text": "",
    "newsletter_banner": true,
    "use_newsletter_section_bg_image": false,
    "newsletter_section_text_align": "center",
    "display_social_buttons": true,
    "social_icons_header": true,
    "social_icons_footer": true,
    "checkout_use_header_image": false,
    "checkout_logo": "",
    "checkout_use_body_background_image": false,
    "checkout_use_sidebar_background_image": false,
    "icon_btn_color": "#969696",
    "icon_btn_text_color": "#FFFFFF",
    "quick_shop_color": "#000000",
    "slideshow_arrows": "0",
    "home_blog_slider": "0",
    "promo_banner_global": false,
    "side_cart_position": "right",
    "slideshow_subtitle_typeface_method": "google_webfonts",
    "headline_animation": "fadeIn",
    "share_banner_color": "#007a87",
    "dropdown_column_links": "10",
    "content_top_padding": "100",
    "tab_background_color": "#ffffff",
    "mobile_header_bg_color": "#666666",
    "mobile_menu_color": "black",
    "shop_use_content_bg_color": false,
    "shop_content_bg_color": "",
    "shop_use_home_page_content_bg_color": true,
    "logo_typeface_method": "google_webfonts",
    "logo_websafe_font": "Helvetica, Arial, sans-serif",
    "logo_color_home": "#ffffff",
    "headline_typeface_method": "google_webfonts",
    "headline_websafe_font": "'HelveticaNeue-Light', 'Helvetica Neue Light', 'Helvetica Neue', Helvetica, Arial, sans-serif",
    "nav_typeface_method": "google_webfonts",
    "nav_websafe_font": "'Lucida Grande', 'Lucida Sans Unicode', 'Lucida Sans', Lucida, Helvetica, Arial, sans-serif",
    "regular_typeface_method": "websafe",
    "regular_websafe_font": "'HelveticaNeue-Light', 'Helvetica Neue Light', 'Helvetica Neue', Helvetica, Arial, sans-serif",
    "slideshow_1_enabled": true,
    "homepage_arrow": true,
    "image_1_height": "550",
    "image_1_alt_text": "",
    "image_1_text_color": "#ffffff",
    "image_1_button_text": "",
    "image_1_link": "",
    "slideshow_2_enabled": false,
    "image_2_position": "3",
    "image_2_height": "550",
    "image_2_alt_text": "",
    "image_2_text_color": "#ffffff",
    "image_2_button_text": "",
    "image_2_link": "",
    "slideshow_3_enabled": false,
    "image_3_position": "5",
    "image_3_height": "550",
    "image_3_alt_text": "",
    "image_3_text_color": "#ffffff",
    "image_3_button_text": "",
    "image_3_link": "",
    "slideshow_4_enabled": false,
    "image_4_position": "7",
    "image_4_height": "600",
    "image_4_alt_text": "",
    "image_4_text_color": "#ffffff",
    "image_4_button_text": "",
    "image_4_link": "",
    "slideshow_5_enabled": false,
    "image_5_position": "10",
    "image_5_height": "550",
    "image_5_alt_text": "",
    "image_5_text_color": "#ffffff",
    "image_5_button_text": "",
    "image_5_link": "",
    "slideshow_6_enabled": false,
    "image_6_position": "2",
    "image_6_height": "550",
    "image_6_alt_text": "",
    "image_6_text_color": "#ffffff",
    "image_6_button_text": "",
    "image_6_link": "",
    "content_1_position": "4",
    "content_2_position": "6",
    "content_3_position": "10",
    "featured_links_position": "2",
    "featured_links": true,
    "featured_links_count": "3",
    "featured_collections_position": "15",
    "featured_products_position": "8",
    "featured_product_position": "9",
    "featured_blog_position": "13",
    "featured_social_position": "14",
    "instagram_username": "",
    "product_slideshow_animation": "slide",
    "add_to_cart_text": "Add to Cart",
    "related_products_title": "Related Items",
    "inventory_left_text": "items left",
    "homepage_sidebar": false,
    "collection_sidebar_vendor_text": "Vendors",
    "tags_text": "Filter",
    "side_cart_enabled": true,
    "tax_included": false,
    "shipping_calculator_heading": "Shipping rates calculator",
    "shipping_calculator_submit_button_label": "Calculate shipping rates",
    "shipping_calculator_submit_button_label_disabled": "Calculating...",
    "constrain_logo": true,
    "total_text": "TOTAL",
    "display_social_buttons_blog": true,
    "newsletter_enabled": true,
    "newsletter_description": "Sign up to get the latest on sales, new releases and more …",
    "newsletter_success_text": "Thank you for joining our mailing list!",
    "newsletter_system": "shopify",
    "flickr_link": "",
    "newsletter_popup_page": "",
    "newsletter_popup_max_width": "600",
    "blog_widget": "false",
    "instagram_tag_name": "",
    "slideshow_animation": "fade",
    "slideshow_menu": "true",
    "cart_return": "checkout",
    "side_cart_button_position": "bottom",
    "nav_active_color": "#B8C6C6",
    "quick_shop_text": "Quick View",
    "newsletter_text": "News & Updates",
    "footer_link_color": "#55c0d4",
    "footer_link_color_hover": "#fc4c02",
    "footer_color": "#16161d",
    "footer_text_color": "#ffffff",
    "featured_text": "#ffffff",
    "feature1_text": "420x265",
    "feature2_text": "420x265",
    "feature3_text": "420x265",
    "featured_links_weight": "bold",
    "social_icons_enabled": "true",
    "headline_sub_footer_text_color": "#404040",
    "sections": {
      "header": {
        "type": "header",
        "settings": {
          "promo_text": "",
          "social_icons_header": true,
          "phone_number": "",
          "top_bar_menu": "",
          "show_cart": true,
          "cart_icon": "cart",
          "logo_display_width": 180,
          "logo": "shopify:\/\/shop_images\/chicago.png",
          "logo_home": "",
          "logo_mobile": "shopify:\/\/shop_images\/chicago-c_c4599582-8acc-476d-a437-0731bb0d7947.png",
          "main_linklist": "main-menu",
          "main_linklist2": "",
          "vertical_menu": false,
          "search_enabled": true,
          "fixed_header": true,
          "logo_position": "left",
          "logo_alignment": "center",
          "menu_position": "inline",
          "menu_alignment": "align_right",
          "logo_top_padding": 5,
          "menu_top_padding": 10
        }
      },
      "footer": {
        "type": "footer",
        "blocks": {
          "1507072864587": {
            "type": "logo",
            "settings": {
              "image": "shopify:\/\/shop_images\/chicago.png",
              "text_align": "left",
              "social_icons_footer": false
            }
          },
          "footer-1": {
            "type": "link_list",
            "settings": {
              "menu": "footer",
              "social_icons_footer": false
            }
          },
          "1507655332302": {
            "type": "link_list",
            "settings": {
              "menu": "all-about-us",
              "social_icons_footer": false
            }
          },
          "footer-3": {
            "type": "text",
            "settings": {
              "title": "Disclaimer",
              "content": "<p>This is a demonstration store for the Turbo Shopify Theme. We do not endorse or sell vaping products.<\/p>",
              "social_icons_footer": true
            }
          }
        },
        "block_order": [
          "1507072864587",
          "footer-1",
          "1507655332302",
          "footer-3"
        ],
        "settings": {
          "copyright_text": "",
          "display_designed_by": true,
          "display_payment_methods": false
        }
      },
      "collection-template": {
        "type": "collection-template",
        "settings": {
          "display_collection_title": true,
          "collection_breadcrumb": true,
          "collection_tags": false,
          "collection_sort": false,
          "image": "shopify:\/\/shop_images\/banner-nike.jpg",
          "featured_collection_image": true,
          "image_darken": false,
          "products_per_row": 4,
          "pagination_limit": 48,
          "toggle": false
        }
      },
      "product-template": {
        "type": "product-template",
        "settings": {
          "product_breadcrumb": true,
          "display_vendor": false,
          "display_sku": false,
          "display_savings": true,
          "display_collections": false,
          "display_type": false,
          "display_tags": false,
          "display_social_buttons": true,
          "product_description_position": "bottom",
          "gallery_arrows": true,
          "activate_zoom": false,
          "enable_product_lightbox": false,
          "activate_autoplay": true,
          "slideshow_animation": "slide",
          "product_images_position": "left",
          "product_thumbs": true,
          "thumbnail_position": "left-thumbnails",
          "enable_shopify_product_badges": false,
          "review_position": "next_to_gallery",
          "show_payment_button": false,
          "display_recently_viewed": false,
          "rv_title": "Recently Viewed Items",
          "rv_products_style": "grid",
          "rv_max_display": 4,
          "rv_per": 4,
          "toggle": false
        }
      },
      "page-details-template": {
        "type": "page-details-template",
        "blocks": {
          "page-details-template-0": {
            "type": "image_with_text_overlay",
            "settings": {
              "wide_display": true,
              "image": "shopify:\/\/shop_images\/banner-girl-hat.jpg",
              "pretext": "<p>From humble beginnings...<\/p>",
              "title": "this is us",
              "subtitle": "",
              "caption_background": false,
              "caption_background_transparency": false,
              "text_position": "left",
              "text_align": "left",
              "button1": "Shop Inspo",
              "button1_link": "shopify:\/\/products\/be-free-poster",
              "button1_highlight": false,
              "button2": "Shop Pride",
              "button2_link": "shopify:\/\/products\/vaping-kicks-ash-t-shirt",
              "button2_highlight": false,
              "mobile_image_crop": "none",
              "mobile_text_below_image": true,
              "mobile_text_color": ""
            }
          },
          "page-details-template-3": {
            "type": "divider",
            "settings": {
              "divider_spacing": 30,
              "divider_border": false
            }
          },
          "page-details-template-12": {
            "type": "contact_form",
            "settings": {
              "contact_heading": "",
              "contact_subheading": "Get in touch today",
              "contact_content": "<p>We love to hear from our customers, so send us your questions, concerns and product requests for our upcoming 2018\/19 lineup. We try to respond to all emails within 48 hours. You can also find us on social.<\/p>\n<p><strong>** Please note&nbsp;<\/strong>that this is a demo shop for the Turbo Shopify theme. If you wish to purchase any of the items from this shop, please visit <a href=\"https:\/\/www.paxvapor.com\/\" title=\"https:\/\/www.paxvapor.com\/\">PAX<\/a> and <a href=\"https:\/\/www.davincivaporizer.com\/\" title=\"https:\/\/www.davincivaporizer.com\/\">DaVinci<\/a>.<\/p>",
              "contact_text_position": "left",
              "contact_text_alignment": "left"
            }
          },
          "1507072958558": {
            "type": "divider",
            "settings": {
              "divider_spacing": 20,
              "divider_border": false
            }
          },
          "1505965565857": {
            "type": "image_with_text_overlay",
            "settings": {
              "wide_display": true,
              "image": "shopify:\/\/shop_images\/banner-goldcap2.jpg",
              "pretext": "",
              "title": "Influenced.<br>And influential.",
              "subtitle": "",
              "caption_background": true,
              "caption_background_transparency": false,
              "text_position": "right",
              "text_align": "right",
              "button1": "",
              "button1_link": "",
              "button1_highlight": false,
              "button2": "",
              "button2_link": "",
              "button2_highlight": false,
              "mobile_image_crop": "none",
              "mobile_text_below_image": true,
              "mobile_text_color": ""
            }
          },
          "page-details-template-5": {
            "type": "divider",
            "settings": {
              "divider_spacing": 20,
              "divider_border": false
            }
          },
          "page-details-template-2": {
            "type": "rich_text_and_image",
            "settings": {
              "image": "",
              "title": "",
              "content": "<p>We&nbsp;are workaholics who need to have a work-life balance driven by purpose. We care less about how much money we make and more about what we end up making. We are&nbsp;emboldened by challenges. We&nbsp;are&nbsp;problem solvers who want to find&nbsp;an effective solution, without fear that it isn&rsquo;t the most efficient. Our footprint matters to us and our legacy is shaped from day one.&nbsp;Progress is a right of passage in our world; everything around us is changing constantly. If we just hope the world stays the same, then we&rsquo;ll be left behind.<\/p>",
              "text_size": "regular_text",
              "text_alignment": "center",
              "button_label": "",
              "button_link": ""
            }
          },
          "1571957309575": {
            "type": "divider",
            "settings": {
              "divider_spacing": 20,
              "divider_border": false
            }
          },
          "1505965531476": {
            "type": "map",
            "settings": {
              "wide_display": true,
              "map_address": "west chicago",
              "map_height": 400,
              "zoom_level": 14,
              "map_image": "",
              "api_key": "AIzaSyB5YRYbKL_3UI0TVoI8bBR3_xDzdLiV7Zg",
              "show_pin": false,
              "map_style": "aubergine"
            }
          }
        },
        "block_order": [
          "page-details-template-0",
          "page-details-template-3",
          "page-details-template-12",
          "1507072958558",
          "1505965565857",
          "page-details-template-5",
          "page-details-template-2",
          "1571957309575",
          "1505965531476"
        ],
        "settings": {}
      },
      "blog-template": {
        "type": "blog-template",
        "settings": {
          "image": "shopify:\/\/shop_images\/banner-nike.jpg",
          "image_darken": false,
          "subtitle": "",
          "blog_posts_per_row": 3,
          "blog_posts_per_page": 12,
          "blog_tags": false,
          "blog_author": false,
          "read_time": true,
          "blog_date": true,
          "blog_comment_count": false,
          "read_more_link": false,
          "toggle": true
        }
      },
      "article-template": {
        "type": "article-template",
        "settings": {
          "featured_image": "banner",
          "image_darken": true,
          "blog_breadcrumb": true,
          "blog_pagination": true,
          "blog_tags": true,
          "blog_byline": false,
          "read_time": true,
          "blog_date": true,
          "blog_author": false,
          "display_social_buttons": false,
          "blog_comment_count": true,
          "blog_additional_posts": false,
          "read_more_link": false,
          "toggle": false
        }
      },
      "1504912736759": {
        "type": "search-section",
        "settings": {
          "search_title": "Start your search",
          "search_text": "<p>We've got everything you never thought you'd need.<\/p>",
          "search_section_text_align": "center",
          "search_term": "Find my next obsession",
          "image": ""
        }
      },
      "1505330977909": {
        "type": "featured-products",
        "blocks": {
          "1505330977909-0": {
            "type": "product",
            "settings": {
              "featured_product": "chicago-hoodie"
            }
          },
          "1571943648195": {
            "type": "product",
            "settings": {
              "featured_product": "vape-cap"
            }
          }
        },
        "block_order": [
          "1505330977909-0",
          "1571943648195"
        ],
        "settings": {
          "wide_display": false,
          "frontpage_product_stagger": true,
          "activate_autoplay": false,
          "enable_product_lightbox": true,
          "gallery_arrows": true,
          "activate_zoom": false,
          "slideshow_animation": "slide",
          "display_vendor": false,
          "enable_shopify_product_badges": false,
          "display_savings": true,
          "frontpage_display_description": true,
          "product_description_position": "bottom",
          "show_payment_button": false
        }
      },
      "1505366425064": {
        "type": "logo-bar",
        "blocks": {
          "1505366425064-0": {
            "type": "logo_image",
            "settings": {
              "image": "shopify:\/\/shop_images\/logo-verge-dk.png",
              "link": ""
            }
          },
          "1505368215526": {
            "type": "logo_image",
            "settings": {
              "image": "shopify:\/\/shop_images\/logo-cann-dk.png",
              "link": ""
            }
          },
          "1505368202741": {
            "type": "logo_image",
            "settings": {
              "image": "shopify:\/\/shop_images\/logo-ink-dk.png",
              "link": ""
            }
          },
          "1505366425064-3": {
            "type": "logo_image",
            "settings": {
              "image": "shopify:\/\/shop_images\/logo-rs-dk.png",
              "link": ""
            }
          },
          "1505366425064-1": {
            "type": "logo_image",
            "settings": {
              "image": "shopify:\/\/shop_images\/logo-esquire-dk.png",
              "link": ""
            }
          }
        },
        "block_order": [
          "1505366425064-0",
          "1505368215526",
          "1505368202741",
          "1505366425064-3",
          "1505366425064-1"
        ],
        "settings": {
          "title": ""
        }
      },
      "contact-template": {
        "type": "contact-template",
        "settings": {
          "image": "shopify:\/\/shop_images\/checkout.jpg",
          "image_darken": true,
          "title": "Reach out",
          "subtitle": "Don't be shy, we want to hear from you...",
          "contact_text": "",
          "show_map": false,
          "wide_display": true,
          "map_address": "",
          "map_height": 500,
          "zoom_level": 12,
          "map_image": "",
          "api_key": "",
          "show_pin": true,
          "map_style": "default"
        }
      },
      "search-template": {
        "type": "search-template",
        "settings": {
          "image": "shopify:\/\/shop_images\/chicago-search2a.jpg",
          "image_darken": false,
          "search_breadcrumb": true,
          "search_term": "Search...",
          "products_per_row": 2,
          "pagination_limit": 48,
          "blog_author": false,
          "read_more_link": true,
          "blog_date": true,
          "toggle": false
        }
      },
      "product-details-template": {
        "type": "product-details-template",
        "blocks": {
          "product-details-template-6": {
            "type": "image_with_text",
            "settings": {
              "layout": true,
              "frontpage_text_align": "left",
              "frontpage_image_position": "right",
              "image": "shopify:\/\/shop_images\/pax-group.jpg",
              "image_crop": "none",
              "title": "Remarkable vapor technology",
              "text": "<p>PAX&nbsp;portable vaporizers&nbsp;boast a powerful oven with four temperature settings that evenly heats and preserves your material. Expect pure vapor in less than a minute.<\/p>",
              "link": "",
              "button_label": ""
            }
          },
          "product-details-template-3": {
            "type": "divider",
            "settings": {
              "divider_spacing": 25,
              "divider_border": false
            }
          },
          "product-details-template-0": {
            "type": "rich_text_and_image",
            "settings": {
              "image": "",
              "title": "Make a statement without standing out",
              "content": "<p>PAX 2 comes with the high-quality engineering you can expect from all of our products, and is backed by a reliable 10-year limited warranty.&nbsp;With an easy one-button interface, LED lights communicate status in the most low-key of ways. Green means go.<\/p>",
              "text_size": "featured_text",
              "text_alignment": "center",
              "button_label": "",
              "button_link": ""
            }
          },
          "product-details-template-1": {
            "type": "divider",
            "settings": {
              "divider_spacing": 30,
              "divider_border": false
            }
          },
          "1506123459951": {
            "type": "image_with_text",
            "settings": {
              "layout": true,
              "frontpage_text_align": "left",
              "frontpage_image_position": "left",
              "image": "shopify:\/\/shop_images\/pax-group2.jpg",
              "image_crop": "none",
              "title": "Intuitive design",
              "text": "<p>Easily control your PAX with the press of a single button. Multi-colored LED lights communicate temperature settings and battery life. Green means go.<\/p>",
              "link": "",
              "button_label": ""
            }
          },
          "product-details-template-4": {
            "type": "image_with_text_overlay",
            "settings": {
              "wide_display": true,
              "image": "shopify:\/\/shop_images\/test-banner2.jpg",
              "pretext": "",
              "title": "Built for pleasure.",
              "subtitle": "",
              "caption_background": false,
              "caption_background_transparency": false,
              "text_position": "left",
              "text_align": "left",
              "button1": "get in touch",
              "button1_link": "shopify:\/\/pages\/contact-us",
              "button1_highlight": false,
              "button2": "",
              "button2_link": "",
              "button2_highlight": false,
              "mobile_image_crop": "none",
              "mobile_text_below_image": true,
              "mobile_text_color": ""
            }
          }
        },
        "block_order": [
          "product-details-template-6",
          "product-details-template-3",
          "product-details-template-0",
          "product-details-template-1",
          "1506123459951",
          "product-details-template-4"
        ],
        "settings": {
          "product_breadcrumb": false,
          "display_vendor": false,
          "display_sku": false,
          "display_savings": true,
          "display_collections": false,
          "display_type": false,
          "display_tags": false,
          "display_social_buttons": true,
          "product_description_position": "bottom",
          "gallery_arrows": false,
          "activate_zoom": false,
          "enable_product_lightbox": true,
          "activate_autoplay": false,
          "slideshow_animation": "slide",
          "product_images_position": "left",
          "product_thumbs": true,
          "thumbnail_position": "bottom-slider",
          "enable_shopify_product_badges": false,
          "enable_reviews_in_description": false,
          "show_payment_button": false
        }
      },
      "page-details-template-2": {
        "type": "page-details-template-2",
        "blocks": {
          "page-details-template-2-0": {
            "type": "image_with_text_overlay",
            "settings": {
              "image": "shopify:\/\/shop_images\/theme-info.jpg",
              "pretext": "<p>The One + Only<\/p>",
              "title": "Turbo Shopify Theme",
              "subtitle": "",
              "caption_background": false,
              "caption_background_transparency": false,
              "text_position": "left",
              "text_align": "left",
              "button1": "Buy now",
              "button1_link": "https:\/\/outofthesandbox.com\/products\/turbo-theme-chicago",
              "button1_highlight": false,
              "button2": "",
              "button2_link": "",
              "button2_highlight": false
            }
          },
          "page-details-template-2-1": {
            "type": "divider",
            "settings": {
              "divider_spacing": 25,
              "divider_border": false
            }
          },
          "page-details-template-2-2": {
            "type": "rich_text_and_image",
            "settings": {
              "image": "",
              "title": "Flexible and feature-rich",
              "content": "<p>Turbo is a <strong>highly configurable, blazing fast<\/strong> theme that has been optimized for both speed and mobile experience.&nbsp;Turbo fully supports sections and is packed with features like product row sliders, mega menus, testimonials, homepage image gallery, FAQ template, interactive mini cart and infinite scrolling. It also boasts features like instantaneous page transitions for ultra-fast navigation and two separate speed modes.<\/p>",
              "text_size": "regular_text",
              "text_alignment": "align_left",
              "button_label": "",
              "button_link": ""
            }
          },
          "page-details-template-2-5": {
            "type": "divider",
            "settings": {
              "divider_spacing": 20,
              "divider_border": false
            }
          },
          "page-details-template-2-7": {
            "type": "image_with_text",
            "settings": {
              "layout": false,
              "frontpage_text_align": "left",
              "frontpage_image_position": "left",
              "image": "shopify:\/\/shop_images\/square-girl-lights_1600x_a0e9456c-8e7a-4413-ad95-67d6f924af05.jpg",
              "title": "Turbo is a fully-loaded theme perfect for high volume shops + Shopify Plus merchants",
              "text": "<p>But&nbsp;it's also an excellent choice for any size shop looking for an edge - one that won't sacrifice style and flexibility for performance.<\/p>",
              "link": "https:\/\/help.outofthesandbox.com\/hc\/en-us\/articles\/115006912387-Featured-Shops-using-Turbo",
              "button_label": "featured shops"
            }
          },
          "1524869216389": {
            "type": "divider",
            "settings": {
              "divider_spacing": 15,
              "divider_border": false
            }
          },
          "page-details-template-2-18": {
            "type": "quote",
            "settings": {
              "quote_text": "40% of online shoppers abandon a site that takes more than 3 seconds to load",
              "quote_link": ""
            }
          },
          "page-details-template-2-19": {
            "type": "divider",
            "settings": {
              "divider_spacing": 20,
              "divider_border": false
            }
          },
          "1506546103903": {
            "type": "image_with_text_overlay",
            "settings": {
              "image": "shopify:\/\/shop_images\/laptop.jpg",
              "pretext": "",
              "title": "bursting with Features",
              "subtitle": "",
              "caption_background": false,
              "caption_background_transparency": false,
              "text_position": "center",
              "text_align": "center",
              "button1": "",
              "button1_link": "",
              "button1_highlight": false,
              "button2": "",
              "button2_link": "",
              "button2_highlight": false
            }
          },
          "1507658696443": {
            "type": "page",
            "settings": {
              "content_page": "turbo-styles-2"
            }
          },
          "1506984330394": {
            "type": "divider",
            "settings": {
              "divider_spacing": 10,
              "divider_border": false
            }
          },
          "1506480931831": {
            "type": "page",
            "settings": {
              "content_page": "turbo-features-list-2"
            }
          },
          "page-details-template-2-17": {
            "type": "divider",
            "settings": {
              "divider_spacing": 15,
              "divider_border": false
            }
          },
          "page-details-template-2-6": {
            "type": "featured_video",
            "settings": {
              "source": "youtube",
              "aspect_ratio": "16:9",
              "autoplay": false,
              "autoloop": false,
              "video_dark_overlay": true,
              "video": "https:\/\/www.youtube.com\/watch?v=ETSA944NIXg",
              "mp4": "",
              "ogv": "",
              "image": "shopify:\/\/shop_images\/video.jpg",
              "display_text_over_video": false,
              "pretext": "",
              "title": "Video Guide",
              "subtitle": "<p>Setting up Turbo's home page<\/p>",
              "text_position": "center",
              "text_align": "center",
              "caption_background": false,
              "caption_background_transparency": false,
              "button1_label": "Play Video",
              "button1_link": "",
              "button1_highlight": true,
              "button2_label": "",
              "button2_link": "",
              "button2_highlight": false
            }
          },
          "1506984321226": {
            "type": "divider",
            "settings": {
              "divider_spacing": 30,
              "divider_border": false
            }
          },
          "1506480947171": {
            "type": "page",
            "settings": {
              "content_page": "turbo-support-2"
            }
          },
          "1541109912896": {
            "type": "divider",
            "settings": {
              "divider_spacing": 20,
              "divider_border": false
            }
          }
        },
        "block_order": [
          "page-details-template-2-0",
          "page-details-template-2-1",
          "page-details-template-2-2",
          "page-details-template-2-5",
          "page-details-template-2-7",
          "1524869216389",
          "page-details-template-2-18",
          "page-details-template-2-19",
          "1506546103903",
          "1507658696443",
          "1506984330394",
          "1506480931831",
          "page-details-template-2-17",
          "page-details-template-2-6",
          "1506984321226",
          "1506480947171",
          "1541109912896"
        ],
        "settings": {}
      },
      "page-faq-template": {
        "type": "page-faq-template",
        "blocks": {
          "page-faq-template-0": {
            "type": "Content",
            "settings": {
              "title": "Can I try the Turbo theme before buying it?",
              "subtitle": "<p>Turbo is a premium Shopify theme available directly and exclusively from Out of the Sandbox. As such, there is a slightly different process in order to preview the theme that doesn't require going through the Shopify theme store. Follow <a href=\"https:\/\/help.outofthesandbox.com\/hc\/en-us\/articles\/115007101688-How-to-Preview-the-Turbo-Theme\" title=\"https:\/\/help.outofthesandbox.com\/hc\/en-us\/articles\/115007101688-How-to-Preview-the-Turbo-Theme\">these simple steps<\/a>&nbsp;to&nbsp;preview Turbo in your own shop.<\/p>"
            }
          },
          "page-faq-template-1": {
            "type": "Content",
            "settings": {
              "title": "How do I set up the theme?",
              "subtitle": "<p>You can configure many aspects of your theme (incuding fonts, colors, page layouts, etc.) with the built-in theme settings accessed&nbsp;through the Theme Customizer.&nbsp;We also have many support articles and videos in our extensive&nbsp;<a href=\"https:\/\/help.outofthesandbox.com\/\">Help Center<\/a>&nbsp;that offer detailed instructions on how to configure and set up each theme.<\/p>"
            }
          },
          "1506984414524": {
            "type": "Content",
            "settings": {
              "title": "How do I make an FAQ page like this one?",
              "subtitle": "<p>Turbo 2.2+ comes with a built-in FAQ page template that's easy to use! Simply create a page and&nbsp;set it to use the <strong>page.faq<\/strong> template.&nbsp;Then make sure there's a link to that page in your shop and navigate to that page&nbsp;while you're in the Theme Customizer to configure it. All you have to do is type in the question and answer pairs, and add a top image banner if you wish!<\/p>"
            }
          },
          "page-faq-template-2": {
            "type": "Content",
            "settings": {
              "title": "What other styles does Turbo come with?",
              "subtitle": "<p>Turbo comes with three additional built-in styles: <a href=\"https:\/\/turbo-theme-florence.myshopify.com\/\" title=\"https:\/\/turbo-theme-florence.myshopify.com\/\">Florence<\/a>,&nbsp;<a href=\"https:\/\/turbo-theme.myshopify.com\/\" title=\"https:\/\/turbo-theme.myshopify.com\/\">Portland<\/a>&nbsp;and <a href=\"https:\/\/turbo-theme-seoul.myshopify.com\/\" title=\"https:\/\/turbo-theme-seoul.myshopify.com\/\">Seoul<\/a>.&nbsp;<\/p>"
            }
          },
          "1506983442155": {
            "type": "Content",
            "settings": {
              "title": "What kind of support does Out of the Sandbox provide?",
              "subtitle": "<p>Our support encompasses general questions about theme functionality, help with configuring the theme settings and any observed bugs or theme issues. It does not cover issues such as errors due to third-party plugins or as a result of modifications made to the theme code. For the full details on the scope of our support, please visit our&nbsp;<a href=\"https:\/\/outofthesandbox.com\/pages\/support\">Support Policy<\/a>&nbsp;page.<\/p>"
            }
          },
          "1506984393251": {
            "type": "Content",
            "settings": {
              "title": "How do I upgrade my theme?",
              "subtitle": "<p>The official&nbsp;<a href=\"https:\/\/apps.shopify.com\/theme-updater-by-out-of-the-sandbox\">Theme Updater Shopify App<\/a>&nbsp;by Out of the Sandbox is the easiest, fastest and most convenient way to update your theme.<\/p>"
            }
          },
          "1506984465776": {
            "type": "Content",
            "settings": {
              "title": "Can I use a theme in multiple shops?",
              "subtitle": "<p>All of our themes are subject to a&nbsp;<strong>one-shop license<\/strong>, so if you want to use the same theme in several live shops, you'll need to purchase a separate copy of the theme for each one. You are free to transfer a theme to a different shop of your own if you close the shop you purchased the theme for originally, but you are not permitted to transfer or sell the theme to anyone else.<\/p>"
            }
          }
        },
        "block_order": [
          "page-faq-template-0",
          "page-faq-template-1",
          "1506984414524",
          "page-faq-template-2",
          "1506983442155",
          "1506984393251",
          "1506984465776"
        ],
        "settings": {
          "show_banner": true,
          "image": "shopify:\/\/shop_images\/darjk.jpg",
          "pretext": "",
          "title": "Turbo Theme FAQs",
          "subtitle": "<p>Your questions answered<\/p>",
          "caption_background": false,
          "caption_background_transparency": false,
          "text_position": "center",
          "text_align": "center",
          "button1": "",
          "button1_link": "",
          "button1_highlight": false,
          "button2": "",
          "button2_link": "",
          "button2_highlight": false
        }
      },
      "mega-menu-1": {
        "type": "mega-menu-1",
        "blocks": {
          "1507746346933": {
            "type": "column",
            "settings": {
              "richtext_top": "",
              "image_top": "shopify:\/\/shop_images\/fp1.jpg",
              "image_caption_top": "",
              "image_link_top": "",
              "menu_1": "",
              "menu_1_link": "",
              "menu_2": "",
              "menu_2_link": "",
              "menu_3": "",
              "menu_3_link": "",
              "menu_4": "",
              "menu_4_link": "",
              "image_bottom": "",
              "image_caption_bottom": "",
              "image_link_bottom": "",
              "richtext_bottom": ""
            }
          },
          "1507746322906": {
            "type": "column",
            "settings": {
              "richtext_top": "",
              "image_top": "",
              "image_caption_top": "",
              "image_link_top": "",
              "menu_1": "portable-vaporizers",
              "menu_1_link": "shopify:\/\/collections\/vape-supplies",
              "menu_2": "",
              "menu_2_link": "",
              "menu_3": "",
              "menu_3_link": "",
              "menu_4": "",
              "menu_4_link": "",
              "image_bottom": "",
              "image_caption_bottom": "",
              "image_link_bottom": "",
              "richtext_bottom": ""
            }
          },
          "1507746394108": {
            "type": "column",
            "settings": {
              "richtext_top": "",
              "image_top": "",
              "image_caption_top": "",
              "image_link_top": "",
              "menu_1": "apparel",
              "menu_1_link": "shopify:\/\/collections\/apparel",
              "menu_2": "accessories",
              "menu_2_link": "shopify:\/\/collections\/accessories",
              "menu_3": "",
              "menu_3_link": "",
              "menu_4": "",
              "menu_4_link": "",
              "image_bottom": "",
              "image_caption_bottom": "",
              "image_link_bottom": "",
              "richtext_bottom": ""
            }
          },
          "1507746405188": {
            "type": "column",
            "settings": {
              "richtext_top": "",
              "image_top": "shopify:\/\/shop_images\/MM-shirt.png",
              "image_caption_top": "Limited Edition Pride Tee<br>ON SALE!",
              "image_link_top": "shopify:\/\/products\/vaping-kicks-ash-t-shirt",
              "menu_1": "",
              "menu_1_link": "",
              "menu_2": "",
              "menu_2_link": "",
              "menu_3": "",
              "menu_3_link": "",
              "menu_4": "",
              "menu_4_link": "",
              "image_bottom": "",
              "image_caption_bottom": "",
              "image_link_bottom": "",
              "richtext_bottom": ""
            }
          },
          "1507746713153": {
            "type": "column",
            "settings": {
              "richtext_top": "",
              "image_top": "shopify:\/\/shop_images\/MM-pax2.png",
              "image_caption_top": "The Original PAX2 <br>From $259",
              "image_link_top": "shopify:\/\/products\/pax-2",
              "menu_1": "",
              "menu_1_link": "",
              "menu_2": "",
              "menu_2_link": "",
              "menu_3": "",
              "menu_3_link": "",
              "menu_4": "",
              "menu_4_link": "",
              "image_bottom": "",
              "image_caption_bottom": "",
              "image_link_bottom": "",
              "richtext_bottom": ""
            }
          }
        },
        "block_order": [
          "1507746346933",
          "1507746322906",
          "1507746394108",
          "1507746405188",
          "1507746713153"
        ],
        "settings": {
          "parent": "Shop"
        }
      },
      "1507228016987": {
        "type": "text-columns-with-images",
        "blocks": {
          "1507228026210": {
            "type": "text_block",
            "settings": {
              "enable_image": false,
              "image": "",
              "title": "LIVE YOUR BEST LIFE, ON YOUR OWN TERMS.",
              "heading_size": "large_text",
              "text": "",
              "button_label": "",
              "button_link": "",
              "align_text": "left",
              "border_style": "quote"
            }
          },
          "1507228016987-1": {
            "type": "text_block",
            "settings": {
              "enable_image": false,
              "image": "",
              "title": "",
              "heading_size": "regular_text",
              "text": "<p>This is a new multi-column section on the Turbo theme homepage that can be used to achieve a variety of effects and layouts. It offers an easy way to display text in columns, including editorial style callout text in a larger size with&nbsp;border and image options too.<\/p>",
              "button_label": "",
              "button_link": "",
              "align_text": "left",
              "border_style": "none"
            }
          },
          "1507228023757": {
            "type": "text_block",
            "settings": {
              "enable_image": false,
              "image": "",
              "title": "",
              "heading_size": "regular_text",
              "text": "<p>Share blog posts, products, or promotions with your customers. Use this text to describe products, share details on availability and style, or as a space to display recent reviews or FAQs.<\/p>",
              "button_label": "More info",
              "button_link": "shopify:\/\/blogs\/news",
              "align_text": "left",
              "border_style": "none"
            }
          }
        },
        "block_order": [
          "1507228026210",
          "1507228016987-1",
          "1507228023757"
        ],
        "settings": {
          "title": ""
        }
      },
      "1507229352141": {
        "type": "image-with-text-overlay",
        "settings": {
          "wide_display": true,
          "image": "shopify:\/\/shop_images\/test-gym.jpg",
          "pretext": "",
          "title": "",
          "subtitle": "",
          "caption_background": false,
          "caption_background_transparency": false,
          "button1": "",
          "button1_link": "",
          "button1_highlight": false,
          "button2": "",
          "button2_link": "",
          "button2_highlight": false,
          "text_position": "center",
          "text_align": "center",
          "mobile_image_crop": "none",
          "mobile_text_below_image": true,
          "mobile_text_color": ""
        }
      },
      "1507676387790": {
        "type": "featured-collection",
        "settings": {
          "title": "",
          "collection_description": true,
          "collection": "frontpage",
          "collection_style": "slider",
          "products_per": 5,
          "products_limit": 48
        }
      },
      "newsletter": {
        "type": "newsletter",
        "settings": {
          "wide_display": true,
          "display_first_name": false,
          "display_last_name": false,
          "newsletter_title": "Let's connect",
          "newsletter_text": "<p>Subscribe today and&nbsp;get <strong>15% off<\/strong> your first order<\/p>",
          "newsletter_section_text_align": "center",
          "image": ""
        }
      },
      "cart-template": {
        "type": "cart-template",
        "blocks": {
          "1541110716240": {
            "type": "featured_collection",
            "settings": {
              "title": "last chance to score these best sellers!",
              "collection_description": true,
              "collection": "best-sellers",
              "collection_style": "slider",
              "products_per": 6,
              "products_limit": 6
            }
          }
        },
        "block_order": [
          "1541110716240"
        ],
        "settings": {
          "display_special_instructions": false,
          "display_savings": true,
          "cart_message": ""
        }
      },
      "list-collections-template": {
        "type": "list-collections-template",
        "settings": {
          "image": "",
          "image_darken": false,
          "collection_breadcrumb": true,
          "display_collection_title": false,
          "align_height": false,
          "collection_height": 200,
          "collections_per_row": 3,
          "pagination_limit": 48,
          "toggle": false
        }
      },
      "1508451701401": {
        "type": "image-with-text-overlay",
        "settings": {
          "wide_display": true,
          "image": "shopify:\/\/shop_images\/test-stair.jpg",
          "pretext": "<p>The Turbo Shopify Theme<\/p>",
          "title": "built for speed, infused with style",
          "subtitle": "",
          "caption_background": false,
          "caption_background_transparency": false,
          "button1": "Shop now",
          "button1_link": "shopify:\/\/collections\/all",
          "button1_highlight": true,
          "button2": "",
          "button2_link": "",
          "button2_highlight": false,
          "text_position": "left",
          "text_align": "left",
          "mobile_image_crop": "none",
          "mobile_text_below_image": true,
          "mobile_text_color": ""
        }
      },
      "page-team-template": {
        "type": "page-team-template",
        "blocks": {
          "1541107936790": {
            "type": "employee",
            "settings": {
              "image": "shopify:\/\/shop_images\/pic2.jpg",
              "title": "Johnny K.",
              "job_title": "Founder and CEO",
              "description": "<p>Black Mamba<\/p>",
              "twitter": ""
            }
          },
          "1541107992515": {
            "type": "employee",
            "settings": {
              "image": "shopify:\/\/shop_images\/pic4.jpg",
              "title": "James T. Johnson",
              "job_title": "Culture Lead",
              "description": "<p>Frozen Lime Drop<\/p>",
              "twitter": ""
            }
          },
          "1541108035653": {
            "type": "employee",
            "settings": {
              "image": "shopify:\/\/shop_images\/pic5.jpg",
              "title": "Tyler Mann",
              "job_title": "Technical Account Manager",
              "description": "<p>USA Blend<\/p>",
              "twitter": ""
            }
          },
          "page-team-template-1": {
            "type": "employee",
            "settings": {
              "image": "shopify:\/\/shop_images\/pic8.jpg",
              "title": "ronnie D.",
              "job_title": "Growth Hacker",
              "description": "<p>Blue Raz Cotton Candy<\/p>",
              "twitter": ""
            }
          },
          "page-team-template-2": {
            "type": "employee",
            "settings": {
              "image": "shopify:\/\/shop_images\/pic1.jpg",
              "title": "Vince McFee",
              "job_title": "Product Specialist",
              "description": "<p>Swagger<\/p>",
              "twitter": ""
            }
          },
          "page-team-template-0": {
            "type": "employee",
            "settings": {
              "image": "shopify:\/\/shop_images\/pic9.jpg",
              "title": "Staci B.",
              "job_title": "Social Media Manager",
              "description": "<p>Watermelon Wave<\/p>",
              "twitter": ""
            }
          },
          "1541107973183": {
            "type": "employee",
            "settings": {
              "image": "shopify:\/\/shop_images\/pic7.jpg",
              "title": "\"Mad Dog\" Nielson",
              "job_title": "DevOps Manager",
              "description": "<p>Rip Tide<\/p>",
              "twitter": ""
            }
          },
          "1541108071219": {
            "type": "employee",
            "settings": {
              "image": "shopify:\/\/shop_images\/pic3.jpg",
              "title": "C.J. Tucker",
              "job_title": "Researcher",
              "description": "<p>Gummi Bear<\/p>",
              "twitter": ""
            }
          }
        },
        "block_order": [
          "1541107936790",
          "1541107992515",
          "1541108035653",
          "page-team-template-1",
          "page-team-template-2",
          "page-team-template-0",
          "1541107973183",
          "1541108071219"
        ],
        "settings": {
          "image": "",
          "image_position": "left",
          "title": "",
          "text": "<p>&nbsp;We are an awesome team of&nbsp;big goal-setters,&nbsp;tireless workers and fearless experimenters. We know how to work hard and play even harder. You'll never find a tighter crew that cares so much about both their products and customers. Quality above all.<\/p>",
          "text_position": "center",
          "employee_per_row": 3,
          "member_color": "#fff",
          "member_accent_color": "#d54d4d",
          "member_overlay_color": "#000"
        }
      },
      "1571943083763": {
        "type": "divider",
        "settings": {
          "divider_spacing": 25,
          "divider_border": false
        }
      },
      "1571943237992": {
        "type": "divider",
        "settings": {
          "divider_spacing": 20,
          "divider_border": false
        }
      },
      "1571945962327": {
        "type": "divider",
        "settings": {
          "divider_spacing": 15,
          "divider_border": false
        }
      },
      "product-recommendations": {
        "type": "product-recommendations",
        "settings": {
          "show_product_recommendations": true,
          "product_recommendations_style": "grid",
          "product_recommendations_heading": "You may also like",
          "products_per_row": 4,
          "recommended_products_limit": 4
        }
      }
    },
    "content_for_index": [
      "1508451701401",
      "1505366425064",
      "1505330977909",
      "1571945962327",
      "1507229352141",
      "1571943083763",
      "1507228016987",
      "1507676387790",
      "1571943237992",
      "1504912736759"
    ]
  }
}