[
  {
    "name": "theme_info",
    "theme_name": "Ecom Turbo",
    "theme_author": "Shopify",
    "theme_version": "1.0.0",
    "theme_documentation_url": "https:\/\/help.shopify.com\/manual\/using-themes\/sections",
    "theme_support_url": "https:\/\/ecomturbo.com\/support\/"
  },
  {
    "name": "Product Grid",
    "settings": [
      {
        "type": "header",
        "content": "Collection Style"
      },
      {
        "type": "radio",
        "id": "collection_style_1",
        "options": [
          {
            "value": "collectionstyleone",
            "label": "Style 1"
          },
          {
            "value": "collectionstyletwo",
            "label": "Style 2"
          },
          {
            "value": "collectionstylethree",
            "label": "Style 3"
          }
        ],
        "default": "collectionstyleone"
      },
      {
        "type": "select",
        "id": "grid",
        "label": "Products per row",
        "default": "4",
        "options": [
          {
            "value": "2",
            "label": "2"
          },
          {
            "value": "3",
            "label": "3"
          },
          {
            "value": "4",
            "label": "4"
          },
          {
            "value": "5",
            "label": "5"
          }
        ]
      },
      {
        "type": "select",
        "id": "rows",
        "label": "Rows per page",
        "default": "6",
        "options": [
          {
            "value": "3",
            "label": "3"
          },
          {
            "value": "4",
            "label": "4"
          },
          {
            "value": "5",
            "label": "5"
          },
          {
            "value": "6",
            "label": "6"
          },
          {
            "value": "7",
            "label": "7"
          },
          {
            "value": "8",
            "label": "8"
          }
        ]
      },
      {
        "type": "text",
        "id": "button_text",
        "label": "Button (Style 3)"
      },
      {
        "type": "text",
        "id": "button_border_radius",
        "label": "Enter the Border Radius for the button in px"
      },
      {
        "type": "color",
        "id": "button_text_color",
        "label": "Select Font Color"
      },
      {
        "type": "color",
        "id": "button_background_color",
        "label": "Select Background Color"
      },
      {
        "type": "header",
        "content": "Sale Tag Style"
      },
      {
        "type": "checkbox",
        "id": "show_sale_tag",
        "label": "Show Sale Tag",
        "default": true
      },
      {
        "type": "color",
        "id": "sale_text_color",
        "label": "Select Sale Tag Color"
      },
      {
        "type": "radio",
        "id": "sale_style_1",
        "label": "Sale Style",
        "options": [
          {
            "value": "salestyleone",
            "label": "Style 1"
          },
          {
            "value": "salestyletwo",
            "label": "Style 2"
          },
          {
            "value": "salestylethree",
            "label": "Style 3"
          },
          {
            "value": "salestylefour",
            "label": "Style 4"
          }
        ],
        "default": "salestyleone"
      },
      {
        "type": "checkbox",
        "id": "show_vendor",
        "label": "Show product vendors",
        "default": false
      },
      {
        "type": "checkbox",
        "id": "sort_enable",
        "label": "Enable sorting (Collection page)",
        "default": true
      }
    ]
  },
  {
    "name": "Cookie Notification",
    "settings": [
      {
        "type": "checkbox",
        "id": "heading_text_checkbox",
        "label": "Enable Notification Bar"
      },
      {
        "type": "header",
        "content": "Heading"
      },
      {
        "type": "text",
        "id": "heading_text",
        "label": "Enter Text"
      },
      {
        "type": "text",
        "id": "heading_font",
        "label": "Font Size"
      },
      {
        "type": "color",
        "id": "heading_color",
        "label": "Select Font Color"
      },
      {
        "type": "header",
        "content": "Sub Heading"
      },
      {
        "type": "text",
        "id": "sub_heading_text",
        "label": "Enter Text"
      },
      {
        "type": "text",
        "id": "sub_heading_font",
        "label": "Font Size"
      },
      {
        "type": "color",
        "id": "sub_heading_color",
        "label": "Select Font Color"
      },
      {
        "type": "header",
        "content": "Link Text"
      },
      {
        "type": "text",
        "id": "link_heading_text",
        "label": "Enter Text"
      },
      {
        "type": "text",
        "id": "link_heading_text_link",
        "label": "Enter Link"
      },
      {
        "type": "text",
        "id": "link_heading_font",
        "label": "Font Size"
      },
      {
        "type": "color",
        "id": "link_heading_color",
        "label": "Select Font Color"
      },
      {
        "type": "header",
        "content": "Button"
      },
      {
        "type": "text",
        "id": "button_heading_text",
        "label": "Enter Text"
      },
      {
        "type": "text",
        "id": "button_heading_font",
        "label": "Font Size"
      },
      {
        "type": "color",
        "id": "button_heading_color",
        "label": "Select Font Color"
      },
      {
        "type": "color",
        "id": "button_heading_color_background",
        "label": "Select Button Color"
      },
      {
        "type": "header",
        "content": "Cookie Bar Color"
      },
      {
        "type": "color",
        "id": "background_color_background",
        "label": "Select Background Color"
      }
    ]
  },
  {
    "name": "Coupon",
    "settings": [
      {
        "type": "header",
        "content": "Colors"
      },
      {
        "type": "color",
        "id": "coupon_bg",
        "label": "Background Color",
        "default": "#fff"
      },
      {
        "type": "color",
        "id": "coupon_code_bg",
        "label": "Coupon Background Color",
        "default": "#fff"
      },
      {
        "type": "color",
        "id": "button_checkout_color",
        "label": "Checkout Button color For Popup"
      },
      {
        "type": "header",
        "content": "Typography"
      },
      {
        "type": "select",
        "id": "coupon_title",
        "label": "Heading",
        "default": "Georgia,serif",
        "options": [
          {
            "value": "Georgia,serif",
            "label": "Georgia,serif"
          },
          {
            "value": "'Avant Garde', Avantgarde, 'Century Gothic', CenturyGothic, 'AppleGothic', sans-serif",
            "label": "Avant Garde",
            "group": "Sans-serif"
          },
          {
            "value": "'Gill Sans', 'Gill Sans MT', Calibri, sans-serif",
            "label": "Gill Sans",
            "group": "Sans-serif"
          },
          {
            "value": "'HelveticaNeue', 'Helvetica Neue', Helvetica, Arial, sans-serif",
            "label": "Helvetica Neue",
            "group": "Sans-serif"
          },
          {
            "value": "Arial, 'Helvetica Neue', Helvetica, sans-serif",
            "label": "Arial",
            "group": "Sans-serif"
          },
          {
            "value": "Candara, Calibri, Segoe, 'Segoe UI', Optima, Arial, sans-serif",
            "label": "Candara",
            "group": "Sans-serif"
          },
          {
            "value": "Geneva, Tahoma, Verdana, sans-serif",
            "label": "Geneva",
            "group": "Sans-serif"
          },
          {
            "value": "Google_Droid+Sans_400_sans",
            "label": "Droid Sans",
            "group": "Sans-serif | Google Web Fonts"
          },
          {
            "value": "Google_Droid+Sans_700_sans",
            "label": "Droid Sans Bold",
            "group": "Sans-serif | Google Web Fonts"
          },
          {
            "value": "Google_Lato_400_sans",
            "label": "Lato",
            "group": "Sans-serif | Google Web Fonts"
          },
          {
            "value": "Google_Lato_700_sans",
            "label": "Lato Bold",
            "group": "Sans-serif | Google Web Fonts"
          },
          {
            "value": "Google_Montserrat_400_sans",
            "label": "Montserrat",
            "group": "Sans-serif | Google Web Fonts"
          },
          {
            "value": "Google_Montserrat_700_sans",
            "label": "Montserrat Bold",
            "group": "Sans-serif | Google Web Fonts"
          },
          {
            "value": "Google_Open+Sans_400_sans",
            "label": "Open Sans",
            "group": "Sans-serif | Google Web Fonts"
          },
          {
            "value": "Google_Open+Sans_700_sans",
            "label": "Open Sans Bold",
            "group": "Sans-serif | Google Web Fonts"
          },
          {
            "value": "Google_PT+Sans_400_sans",
            "label": "PT Sans",
            "group": "Sans-serif | Google Web Fonts"
          },
          {
            "value": "Google_PT+Sans_700_sans",
            "label": "PT Sans Bold",
            "group": "Sans-serif | Google Web Fonts"
          },
          {
            "value": "Google_Roboto_400_sans",
            "label": "Roboto",
            "group": "Sans-serif | Google Web Fonts"
          },
          {
            "value": "Google_Roboto_700_sans",
            "label": "Roboto Bold",
            "group": "Sans-serif | Google Web Fonts"
          },
          {
            "value": "Google_Source+Sans+Pro_400_sans",
            "label": "Source Sans Pro",
            "group": "Sans-serif | Google Web Fonts"
          },
          {
            "value": "Google_Source+Sans+Pro_700_sans",
            "label": "Source Sans Pro Bold",
            "group": "Sans-serif | Google Web Fonts"
          },
          {
            "value": "Google_Ubuntu_400_sans",
            "label": "Ubuntu",
            "group": "Sans-serif | Google Web Fonts"
          },
          {
            "value": "Google_Ubuntu_700_sans",
            "label": "Ubuntu Bold",
            "group": "Sans-serif | Google Web Fonts"
          },
          {
            "value": "Google_Work+Sans_400_sans",
            "label": "Work Sans",
            "group": "Sans-serif | Google Web Fonts"
          },
          {
            "value": "Google_Work+Sans_600_sans",
            "label": "Work Sans Semi-Bold",
            "group": "Sans-serif | Google Web Fonts"
          },
          {
            "value": "'Big Caslon', 'Book Antiqua', 'Palatino Linotype', Georgia, serif",
            "label": "Big Caslon",
            "group": "Serif"
          },
          {
            "value": "'Calisto MT', 'Bookman Old Style', Bookman, 'Goudy Old Style', Garamond, 'Hoefler Text', 'Bitstream Charter', Georgia, serif",
            "label": "Calisto MT",
            "group": "Serif"
          },
          {
            "value": "Baskerville, 'Baskerville Old Face', 'Hoefler Text', Garamond, 'Times New Roman', serif",
            "label": "Baskerville",
            "group": "Serif"
          },
          {
            "value": "Garamond, Baskerville, 'Baskerville Old Face', 'Hoefler Text', 'Times New Roman', serif",
            "label": "Garamond",
            "group": "Serif"
          },
          {
            "value": "TimesNewRoman, 'Times New Roman', Times, Baskerville, Georgia, serif",
            "label": "Times New Roman",
            "group": "Serif"
          },
          {
            "value": "Google_Arvo_400_serif",
            "label": "Arvo",
            "group": "Serif | Google Web Fonts"
          },
          {
            "value": "Google_Arvo_700_serif",
            "label": "Arvo Bold",
            "group": "Serif | Google Web Fonts"
          },
          {
            "value": "Google_Crimson+Text_400_serif",
            "label": "Crimson Text",
            "group": "Serif | Google Web Fonts"
          },
          {
            "value": "Google_Crimson+Text_700_serif",
            "label": "Crimson Text Bold",
            "group": "Serif | Google Web Fonts"
          },
          {
            "value": "Google_Droid+Serif_400_serif",
            "label": "Droid Serif",
            "group": "Serif | Google Web Fonts"
          },
          {
            "value": "Google_Droid+Serif_700_serif",
            "label": "Droid Serif Bold",
            "group": "Serif | Google Web Fonts"
          },
          {
            "value": "Google_Lora_400_serif",
            "label": "Lora",
            "group": "Serif | Google Web Fonts"
          },
          {
            "value": "Google_Lora_700_serif",
            "label": "Lora Bold",
            "group": "Serif | Google Web Fonts"
          },
          {
            "value": "Google_Old+Standard+TT_400_serif",
            "label": "Old Standard",
            "group": "Serif | Google Web Fonts"
          },
          {
            "value": "Google_Old+Standard+TT_700_serif",
            "label": "Old Standard Bold",
            "group": "Serif | Google Web Fonts"
          },
          {
            "value": "Google_PT+Serif_400_serif",
            "label": "PT Serif",
            "group": "Serif | Google Web Fonts"
          },
          {
            "value": "Google_PT+Serif_700_serif",
            "label": "PT Serif Bold",
            "group": "Serif | Google Web Fonts"
          },
          {
            "value": "Google_Vollkorn_400_serif",
            "label": "Vollkorn",
            "group": "Serif | Google Web Fonts"
          },
          {
            "value": "Google_Vollkorn_700_serif",
            "label": "Vollkorn Bold",
            "group": "Serif | Google Web Fonts"
          }
        ]
      },
      {
        "type": "select",
        "id": "coupon_body",
        "label": "Body",
        "default": "Google_Work+Sans_600_sans",
        "options": [
          {
            "value": "'Avant Garde', Avantgarde, 'Century Gothic', CenturyGothic, 'AppleGothic', sans-serif",
            "label": "Avant Garde",
            "group": "Sans-serif"
          },
          {
            "value": "'Gill Sans', 'Gill Sans MT', Calibri, sans-serif",
            "label": "Gill Sans",
            "group": "Sans-serif"
          },
          {
            "value": "'HelveticaNeue', 'Helvetica Neue', Helvetica, Arial, sans-serif",
            "label": "Helvetica Neue",
            "group": "Sans-serif"
          },
          {
            "value": "Arial, 'Helvetica Neue', Helvetica, sans-serif",
            "label": "Arial",
            "group": "Sans-serif"
          },
          {
            "value": "Candara, Calibri, Segoe, 'Segoe UI', Optima, Arial, sans-serif",
            "label": "Candara",
            "group": "Sans-serif"
          },
          {
            "value": "Geneva, Tahoma, Verdana, sans-serif",
            "label": "Geneva",
            "group": "Sans-serif"
          },
          {
            "value": "Google_Droid+Sans_400_sans",
            "label": "Droid Sans",
            "group": "Sans-serif | Google Web Fonts"
          },
          {
            "value": "Google_Droid+Sans_700_sans",
            "label": "Droid Sans Bold",
            "group": "Sans-serif | Google Web Fonts"
          },
          {
            "value": "Google_Lato_400_sans",
            "label": "Lato",
            "group": "Sans-serif | Google Web Fonts"
          },
          {
            "value": "Google_Lato_700_sans",
            "label": "Lato Bold",
            "group": "Sans-serif | Google Web Fonts"
          },
          {
            "value": "Google_Montserrat_400_sans",
            "label": "Montserrat",
            "group": "Sans-serif | Google Web Fonts"
          },
          {
            "value": "Google_Montserrat_700_sans",
            "label": "Montserrat Bold",
            "group": "Sans-serif | Google Web Fonts"
          },
          {
            "value": "Google_Open+Sans_400_sans",
            "label": "Open Sans",
            "group": "Sans-serif | Google Web Fonts"
          },
          {
            "value": "Google_Open+Sans_700_sans",
            "label": "Open Sans Bold",
            "group": "Sans-serif | Google Web Fonts"
          },
          {
            "value": "Google_PT+Sans_400_sans",
            "label": "PT Sans",
            "group": "Sans-serif | Google Web Fonts"
          },
          {
            "value": "Google_PT+Sans_700_sans",
            "label": "PT Sans Bold",
            "group": "Sans-serif | Google Web Fonts"
          },
          {
            "value": "Google_Roboto_400_sans",
            "label": "Roboto",
            "group": "Sans-serif | Google Web Fonts"
          },
          {
            "value": "Google_Roboto_700_sans",
            "label": "Roboto Bold",
            "group": "Sans-serif | Google Web Fonts"
          },
          {
            "value": "Google_Source+Sans+Pro_400_sans",
            "label": "Source Sans Pro",
            "group": "Sans-serif | Google Web Fonts"
          },
          {
            "value": "Google_Source+Sans+Pro_700_sans",
            "label": "Source Sans Pro Bold",
            "group": "Sans-serif | Google Web Fonts"
          },
          {
            "value": "Google_Ubuntu_400_sans",
            "label": "Ubuntu",
            "group": "Sans-serif | Google Web Fonts"
          },
          {
            "value": "Google_Ubuntu_700_sans",
            "label": "Ubuntu Bold",
            "group": "Sans-serif | Google Web Fonts"
          },
          {
            "value": "Google_Work+Sans_400_sans",
            "label": "Work Sans",
            "group": "Sans-serif | Google Web Fonts"
          },
          {
            "value": "Google_Work+Sans_600_sans",
            "label": "Work Sans Semi-Bold",
            "group": "Sans-serif | Google Web Fonts"
          },
          {
            "value": "'Big Caslon', 'Book Antiqua', 'Palatino Linotype', Georgia, serif",
            "label": "Big Caslon",
            "group": "Serif"
          },
          {
            "value": "'Calisto MT', 'Bookman Old Style', Bookman, 'Goudy Old Style', Garamond, 'Hoefler Text', 'Bitstream Charter', Georgia, serif",
            "label": "Calisto MT",
            "group": "Serif"
          },
          {
            "value": "Baskerville, 'Baskerville Old Face', 'Hoefler Text', Garamond, 'Times New Roman', serif",
            "label": "Baskerville",
            "group": "Serif"
          },
          {
            "value": "Garamond, Baskerville, 'Baskerville Old Face', 'Hoefler Text', 'Times New Roman', serif",
            "label": "Garamond",
            "group": "Serif"
          },
          {
            "value": "TimesNewRoman, 'Times New Roman', Times, Baskerville, Georgia, serif",
            "label": "Times New Roman",
            "group": "Serif"
          },
          {
            "value": "Google_Arvo_400_serif",
            "label": "Arvo",
            "group": "Serif | Google Web Fonts"
          },
          {
            "value": "Google_Arvo_700_serif",
            "label": "Arvo Bold",
            "group": "Serif | Google Web Fonts"
          },
          {
            "value": "Google_Crimson+Text_400_serif",
            "label": "Crimson Text",
            "group": "Serif | Google Web Fonts"
          },
          {
            "value": "Google_Crimson+Text_700_serif",
            "label": "Crimson Text Bold",
            "group": "Serif | Google Web Fonts"
          },
          {
            "value": "Google_Droid+Serif_400_serif",
            "label": "Droid Serif",
            "group": "Serif | Google Web Fonts"
          },
          {
            "value": "Google_Droid+Serif_700_serif",
            "label": "Droid Serif Bold",
            "group": "Serif | Google Web Fonts"
          },
          {
            "value": "Google_Lora_400_serif",
            "label": "Lora",
            "group": "Serif | Google Web Fonts"
          },
          {
            "value": "Google_Lora_700_serif",
            "label": "Lora Bold",
            "group": "Serif | Google Web Fonts"
          },
          {
            "value": "Google_Old+Standard+TT_400_serif",
            "label": "Old Standard",
            "group": "Serif | Google Web Fonts"
          },
          {
            "value": "Google_Old+Standard+TT_700_serif",
            "label": "Old Standard Bold",
            "group": "Serif | Google Web Fonts"
          },
          {
            "value": "Google_PT+Serif_400_serif",
            "label": "PT Serif",
            "group": "Serif | Google Web Fonts"
          },
          {
            "value": "Google_PT+Serif_700_serif",
            "label": "PT Serif Bold",
            "group": "Serif | Google Web Fonts"
          },
          {
            "value": "Google_Vollkorn_400_serif",
            "label": "Vollkorn",
            "group": "Serif | Google Web Fonts"
          },
          {
            "value": "Google_Vollkorn_700_serif",
            "label": "Vollkorn Bold",
            "group": "Serif | Google Web Fonts"
          }
        ]
      },
      {
        "type": "header",
        "content": "Content"
      },
      {
        "type": "checkbox",
        "id": "enable_coupon",
        "label": "Enable Coupon Popup"
      },
      {
        "type": "checkbox",
        "id": "enable_sticky_button",
        "label": "Enable Sticky Button"
      },
      {
        "type": "checkbox",
        "id": "enable_exit_intent",
        "label": "Enable Exit Intent"
      },
      {
        "type": "text",
        "id": "session_time",
        "label": "Session Time(minutes)",
        "default": "10"
      },
      {
        "type": "text",
        "id": "time_pop",
        "label": "Popup time(seconds)",
        "default": "10"
      },
      {
        "type": "textarea",
        "id": "message1",
        "label": "Message 1"
      },
      {
        "type": "color",
        "id": "color_newsletter",
        "label": "Message 1 color",
        "default": "#000"
      },
      {
        "type": "textarea",
        "id": "message2",
        "label": "Message 2"
      },
      {
        "type": "color",
        "id": "coupon_desc",
        "label": "Message 2 color",
        "default": "#000"
      },
      {
        "type": "text",
        "id": "button_text_1",
        "label": "Button text"
      },
      {
        "type": "text",
        "id": "coupon_code",
        "label": "Coupon Code"
      },
      {
        "type": "textarea",
        "id": "newsletter_text",
        "label": "Newsletter Text"
      },
      {
        "type": "radio",
        "id": "integration_type",
        "label": "Newsletter Integration",
        "options": [
          {
            "value": "mailchimp_list",
            "label": "Mailchimp"
          },
          {
            "value": "klaviyo_list",
            "label": "Klaviyo"
          },
          {
            "value": "customer_list",
            "label": "Shopify Customer List"
          }
        ],
        "default": "mailchimp_list"
      },
      {
        "type": "text",
        "id": "mailchimp_action_url",
        "label": "Mailchimp Action URL"
      },
      {
        "type": "text",
        "id": "klaviyo_action_id",
        "label": "Klaviyo Action ID",
        "info": "Find Your Klaviyo List ID - https:\/\/help.klaviyo.com\/hc\/en-us\/articles\/115005078647-Find-a-List-ID"
      }
    ]
  },
  {
    "name": "Sales Ticker",
    "settings": [
      {
        "type": "checkbox",
        "id": "enable_sales_ticker",
        "label": "Enable Sales Ticker?"
      },
      {
        "type": "checkbox",
        "id": "enable_mobile_ticker",
        "label": "Disable Mobile Sales Ticker?"
      },
      {
        "type": "text",
        "id": "max_num",
        "label": "Enter number( number correspond to seconds ) "
      },
      {
        "type": "header",
        "content": "Box Shodow"
      },
      {
        "type": "checkbox",
        "id": "box_slider_shodow",
        "label": "Enable Box Shodow",
        "default": true
      },
      {
        "type": "header",
        "content": "Enter text values"
      },
      {
        "type": "text",
        "id": "max_num_1",
        "label": "Enter Max Number(Numbers corresponds to hours)"
      },
      {
        "type": "text",
        "id": "min_num_2",
        "label": "Enter Min Number(Numbers corresponds to hours)"
      },
      {
        "type": "collection",
        "id": "sales_ticker_collection",
        "label": "Select Collection for the Sales Ticker"
      },
      {
        "type": "text",
        "id": "sale_ticker_text_1",
        "label": "Enter text"
      },
      {
        "type": "color",
        "id": "text_color",
        "label": "Message color",
        "default": "#000"
      },
      {
        "type": "color",
        "id": "product_color",
        "label": "Product title color",
        "default": "#000"
      },
      {
        "type": "color",
        "id": "sale_background_color",
        "label": "Background color",
        "default": "#f6f6f6"
      },
      {
        "type": "color",
        "id": "sale_border_color",
        "label": "Border color",
        "default": "#f6f6f6"
      },
      {
        "type": "color",
        "id": "hours_color_1",
        "label": "Hours minute color",
        "default": "#f6f6f6"
      }
    ]
  },
  {
    "name": "Checkout\/Cart\/Product ",
    "settings": [
      {
        "type": "radio",
        "id": "modified_ajaxify",
        "label": "Checkout\/Cart\/Product",
        "default": "modified",
        "options": [
          {
            "value": "modified",
            "label": "Checkout Page"
          },
          {
            "value": "simple",
            "label": "Cart Page"
          },
          {
            "value": "ajaxify_cart",
            "label": "Product Page"
          }
        ]
      }
    ]
  },
  {
    "name": "Search-autocomplete ",
    "settings": [
      {
        "type": "checkbox",
        "id": "enable_search_autocomplete",
        "label": "Enable Search-autocomplete"
      }
    ]
  },
  {
    "name": "Colors",
    "settings": [
      {
        "type": "header",
        "content": "Text and buttons"
      },
      {
        "type": "color",
        "id": "color_text",
        "label": "Text",
        "default": "#3d4246"
      },
      {
        "type": "color",
        "id": "color_body_text",
        "label": "Body text",
        "default": "#788188"
      },
      {
        "type": "color",
        "id": "color_sale_text",
        "label": "Sale text",
        "default": "#7796A8"
      },
      {
        "type": "color",
        "id": "color_borders",
        "label": "Borders and lines",
        "default": "#e8e9eb"
      },
      {
        "type": "color",
        "id": "color_button",
        "label": "Buttons",
        "default": "#7796A8"
      },
      {
        "type": "color",
        "id": "coupon_color_button",
        "label": "Coupon Buttons",
        "default": "#7796A8"
      },
      {
        "type": "color",
        "id": "color_button_text",
        "label": "Button text",
        "default": "#fff"
      },
      {
        "type": "color",
        "id": "color_small_button",
        "label": "Small buttons",
        "default": "#fff"
      },
      {
        "type": "color",
        "id": "color_small_button_text",
        "label": "Small button text",
        "default": "#3d4246"
      },
      {
        "type": "color",
        "id": "color_text_field",
        "label": "Text fields",
        "default": "#fff"
      },
      {
        "type": "color",
        "id": "color_text_field_text",
        "label": "Text field text",
        "default": "#000"
      },
      {
        "type": "header",
        "content": "Image overlays"
      },
      {
        "type": "color",
        "id": "color_image_overlay_text",
        "label": "Text",
        "default": "#fff"
      },
      {
        "type": "color",
        "id": "color_image_overlay",
        "label": "Background",
        "default": "#3d4246"
      },
      {
        "type": "select",
        "id": "image_overlay_opacity",
        "label": "Opacity",
        "default": "0.25",
        "options": [
          {
            "label": "100%",
            "value": "1"
          },
          {
            "label": "95%",
            "value": "0.95"
          },
          {
            "label": "90%",
            "value": "0.9"
          },
          {
            "label": "85%",
            "value": "0.85"
          },
          {
            "label": "80%",
            "value": "0.8"
          },
          {
            "label": "75%",
            "value": "0.75"
          },
          {
            "label": "70%",
            "value": "0.7"
          },
          {
            "label": "65%",
            "value": "0.65"
          },
          {
            "label": "60%",
            "value": "0.6"
          },
          {
            "label": "55%",
            "value": "0.55"
          },
          {
            "label": "50%",
            "value": "0.5"
          },
          {
            "label": "45%",
            "value": "0.45"
          },
          {
            "label": "40%",
            "value": "0.4"
          },
          {
            "label": "35%",
            "value": "0.35"
          },
          {
            "label": "30%",
            "value": "0.3"
          },
          {
            "label": "25%",
            "value": "0.25"
          },
          {
            "label": "20%",
            "value": "0.2"
          },
          {
            "label": "0%",
            "value": "0"
          }
        ]
      },
      {
        "type": "header",
        "content": "Footer Section"
      },
      {
        "type": "color",
        "id": "footer_bgcolor",
        "label": "Background ",
        "default": "#c2c2c2"
      },
      {
        "type": "color",
        "id": "bottom_footer_strip",
        "label": "Bottom Strip Background",
        "default": "#c61313"
      },
      {
        "type": "header",
        "content": "Background"
      },
      {
        "type": "color",
        "id": "color_body_bg",
        "label": "Background color",
        "default": "#fff"
      }
    ]
  },
  {
    "name": "Typography",
    "settings": [
      {
        "type": "header",
        "content": "Headings and buttons"
      },
      {
        "type": "select",
        "id": "type_header_family",
        "label": "Font",
        "default": "Google_Work+Sans_600_sans",
        "options": [
          {
            "value": "'Avant Garde', Avantgarde, 'Century Gothic', CenturyGothic, 'AppleGothic', sans-serif",
            "label": "Avant Garde",
            "group": "Sans-serif"
          },
          {
            "value": "'Gill Sans', 'Gill Sans MT', Calibri, sans-serif",
            "label": "Gill Sans",
            "group": "Sans-serif"
          },
          {
            "value": "'HelveticaNeue', 'Helvetica Neue', Helvetica, Arial, sans-serif",
            "label": "Helvetica Neue",
            "group": "Sans-serif"
          },
          {
            "value": "Arial, 'Helvetica Neue', Helvetica, sans-serif",
            "label": "Arial",
            "group": "Sans-serif"
          },
          {
            "value": "Candara, Calibri, Segoe, 'Segoe UI', Optima, Arial, sans-serif",
            "label": "Candara",
            "group": "Sans-serif"
          },
          {
            "value": "Geneva, Tahoma, Verdana, sans-serif",
            "label": "Geneva",
            "group": "Sans-serif"
          },
          {
            "value": "Google_Droid+Sans_400_sans",
            "label": "Droid Sans",
            "group": "Sans-serif | Google Web Fonts"
          },
          {
            "value": "Google_Droid+Sans_700_sans",
            "label": "Droid Sans Bold",
            "group": "Sans-serif | Google Web Fonts"
          },
          {
            "value": "Google_Lato_400_sans",
            "label": "Lato",
            "group": "Sans-serif | Google Web Fonts"
          },
          {
            "value": "Google_Lato_700_sans",
            "label": "Lato Bold",
            "group": "Sans-serif | Google Web Fonts"
          },
          {
            "value": "Google_Montserrat_400_sans",
            "label": "Montserrat",
            "group": "Sans-serif | Google Web Fonts"
          },
          {
            "value": "Google_Montserrat_700_sans",
            "label": "Montserrat Bold",
            "group": "Sans-serif | Google Web Fonts"
          },
          {
            "value": "Google_Open+Sans_400_sans",
            "label": "Open Sans",
            "group": "Sans-serif | Google Web Fonts"
          },
          {
            "value": "Google_Open+Sans_700_sans",
            "label": "Open Sans Bold",
            "group": "Sans-serif | Google Web Fonts"
          },
          {
            "value": "Google_PT+Sans_400_sans",
            "label": "PT Sans",
            "group": "Sans-serif | Google Web Fonts"
          },
          {
            "value": "Google_PT+Sans_700_sans",
            "label": "PT Sans Bold",
            "group": "Sans-serif | Google Web Fonts"
          },
          {
            "value": "Google_Roboto_400_sans",
            "label": "Roboto",
            "group": "Sans-serif | Google Web Fonts"
          },
          {
            "value": "Google_Roboto_700_sans",
            "label": "Roboto Bold",
            "group": "Sans-serif | Google Web Fonts"
          },
          {
            "value": "Google_Source+Sans+Pro_400_sans",
            "label": "Source Sans Pro",
            "group": "Sans-serif | Google Web Fonts"
          },
          {
            "value": "Google_Source+Sans+Pro_700_sans",
            "label": "Source Sans Pro Bold",
            "group": "Sans-serif | Google Web Fonts"
          },
          {
            "value": "Google_Ubuntu_400_sans",
            "label": "Ubuntu",
            "group": "Sans-serif | Google Web Fonts"
          },
          {
            "value": "Google_Ubuntu_700_sans",
            "label": "Ubuntu Bold",
            "group": "Sans-serif | Google Web Fonts"
          },
          {
            "value": "Google_Work+Sans_400_sans",
            "label": "Work Sans",
            "group": "Sans-serif | Google Web Fonts"
          },
          {
            "value": "Google_Work+Sans_600_sans",
            "label": "Work Sans Semi-Bold",
            "group": "Sans-serif | Google Web Fonts"
          },
          {
            "value": "'Big Caslon', 'Book Antiqua', 'Palatino Linotype', Georgia, serif",
            "label": "Big Caslon",
            "group": "Serif"
          },
          {
            "value": "'Calisto MT', 'Bookman Old Style', Bookman, 'Goudy Old Style', Garamond, 'Hoefler Text', 'Bitstream Charter', Georgia, serif",
            "label": "Calisto MT",
            "group": "Serif"
          },
          {
            "value": "Baskerville, 'Baskerville Old Face', 'Hoefler Text', Garamond, 'Times New Roman', serif",
            "label": "Baskerville",
            "group": "Serif"
          },
          {
            "value": "Garamond, Baskerville, 'Baskerville Old Face', 'Hoefler Text', 'Times New Roman', serif",
            "label": "Garamond",
            "group": "Serif"
          },
          {
            "value": "TimesNewRoman, 'Times New Roman', Times, Baskerville, Georgia, serif",
            "label": "Times New Roman",
            "group": "Serif"
          },
          {
            "value": "Google_Arvo_400_serif",
            "label": "Arvo",
            "group": "Serif | Google Web Fonts"
          },
          {
            "value": "Google_Arvo_700_serif",
            "label": "Arvo Bold",
            "group": "Serif | Google Web Fonts"
          },
          {
            "value": "Google_Crimson+Text_400_serif",
            "label": "Crimson Text",
            "group": "Serif | Google Web Fonts"
          },
          {
            "value": "Google_Crimson+Text_700_serif",
            "label": "Crimson Text Bold",
            "group": "Serif | Google Web Fonts"
          },
          {
            "value": "Google_Droid+Serif_400_serif",
            "label": "Droid Serif",
            "group": "Serif | Google Web Fonts"
          },
          {
            "value": "Google_Droid+Serif_700_serif",
            "label": "Droid Serif Bold",
            "group": "Serif | Google Web Fonts"
          },
          {
            "value": "Google_Lora_400_serif",
            "label": "Lora",
            "group": "Serif | Google Web Fonts"
          },
          {
            "value": "Google_Lora_700_serif",
            "label": "Lora Bold",
            "group": "Serif | Google Web Fonts"
          },
          {
            "value": "Google_Old+Standard+TT_400_serif",
            "label": "Old Standard",
            "group": "Serif | Google Web Fonts"
          },
          {
            "value": "Google_Old+Standard+TT_700_serif",
            "label": "Old Standard Bold",
            "group": "Serif | Google Web Fonts"
          },
          {
            "value": "Google_PT+Serif_400_serif",
            "label": "PT Serif",
            "group": "Serif | Google Web Fonts"
          },
          {
            "value": "Google_PT+Serif_700_serif",
            "label": "PT Serif Bold",
            "group": "Serif | Google Web Fonts"
          },
          {
            "value": "Google_Vollkorn_400_serif",
            "label": "Vollkorn",
            "group": "Serif | Google Web Fonts"
          },
          {
            "value": "Google_Vollkorn_700_serif",
            "label": "Vollkorn Bold",
            "group": "Serif | Google Web Fonts"
          }
        ]
      },
      {
        "type": "select",
        "id": "type_header_base_size",
        "label": "Heading base size",
        "default": "26px",
        "options": [
          {
            "value": "20px",
            "label": "20px"
          },
          {
            "value": "22px",
            "label": "22px"
          },
          {
            "value": "24px",
            "label": "24px"
          },
          {
            "value": "26px",
            "label": "26px"
          },
          {
            "value": "28px",
            "label": "28px"
          },
          {
            "value": "30px",
            "label": "30px"
          },
          {
            "value": "32px",
            "label": "32px"
          },
          {
            "value": "34px",
            "label": "34px"
          },
          {
            "value": "36px",
            "label": "36px"
          }
        ]
      },
      {
        "type": "header",
        "content": "Body text"
      },
      {
        "type": "select",
        "id": "type_base_family",
        "label": "Font",
        "default": "Google_Work+Sans_400_sans",
        "options": [
          {
            "value": "'Avant Garde', Avantgarde, 'Century Gothic', CenturyGothic, 'AppleGothic', sans-serif",
            "label": "Avant Garde",
            "group": "Sans-serif"
          },
          {
            "value": "'Gill Sans', 'Gill Sans MT', Calibri, sans-serif",
            "label": "Gill Sans",
            "group": "Sans-serif"
          },
          {
            "value": "'HelveticaNeue', 'Helvetica Neue', Helvetica, Arial, sans-serif",
            "label": "Helvetica Neue",
            "group": "Sans-serif"
          },
          {
            "value": "Arial, 'Helvetica Neue', Helvetica, sans-serif",
            "label": "Arial",
            "group": "Sans-serif"
          },
          {
            "value": "Candara, Calibri, Segoe, 'Segoe UI', Optima, Arial, sans-serif",
            "label": "Candara",
            "group": "Sans-serif"
          },
          {
            "value": "Geneva, Tahoma, Verdana, sans-serif",
            "label": "Geneva",
            "group": "Sans-serif"
          },
          {
            "value": "Google_Droid+Sans_400_sans",
            "label": "Droid Sans",
            "group": "Sans-serif | Google Web Fonts"
          },
          {
            "value": "Google_Droid+Sans_700_sans",
            "label": "Droid Sans Bold",
            "group": "Sans-serif | Google Web Fonts"
          },
          {
            "value": "Google_Lato_400_sans",
            "label": "Lato",
            "group": "Sans-serif | Google Web Fonts"
          },
          {
            "value": "Google_Lato_700_sans",
            "label": "Lato Bold",
            "group": "Sans-serif | Google Web Fonts"
          },
          {
            "value": "Google_Montserrat_400_sans",
            "label": "Montserrat",
            "group": "Sans-serif | Google Web Fonts"
          },
          {
            "value": "Google_Montserrat_700_sans",
            "label": "Montserrat Bold",
            "group": "Sans-serif | Google Web Fonts"
          },
          {
            "value": "Google_Open+Sans_400_sans",
            "label": "Open Sans",
            "group": "Sans-serif | Google Web Fonts"
          },
          {
            "value": "Google_Open+Sans_700_sans",
            "label": "Open Sans Bold",
            "group": "Sans-serif | Google Web Fonts"
          },
          {
            "value": "Google_PT+Sans_400_sans",
            "label": "PT Sans",
            "group": "Sans-serif | Google Web Fonts"
          },
          {
            "value": "Google_PT+Sans_700_sans",
            "label": "PT Sans Bold",
            "group": "Sans-serif | Google Web Fonts"
          },
          {
            "value": "Google_Roboto_400_sans",
            "label": "Roboto",
            "group": "Sans-serif | Google Web Fonts"
          },
          {
            "value": "Google_Roboto_700_sans",
            "label": "Roboto Bold",
            "group": "Sans-serif | Google Web Fonts"
          },
          {
            "value": "Google_Source+Sans+Pro_400_sans",
            "label": "Source Sans Pro",
            "group": "Sans-serif | Google Web Fonts"
          },
          {
            "value": "Google_Source+Sans+Pro_700_sans",
            "label": "Source Sans Pro Bold",
            "group": "Sans-serif | Google Web Fonts"
          },
          {
            "value": "Google_Ubuntu_400_sans",
            "label": "Ubuntu",
            "group": "Sans-serif | Google Web Fonts"
          },
          {
            "value": "Google_Ubuntu_700_sans",
            "label": "Ubuntu Bold",
            "group": "Sans-serif | Google Web Fonts"
          },
          {
            "value": "Google_Work+Sans_400_sans",
            "label": "Work Sans",
            "group": "Sans-serif | Google Web Fonts"
          },
          {
            "value": "Google_Work+Sans_500_sans",
            "label": "Work Sans Semi-Bold",
            "group": "Sans-serif | Google Web Fonts"
          },
          {
            "value": "'Big Caslon', 'Book Antiqua', 'Palatino Linotype', Georgia, serif",
            "label": "Big Caslon",
            "group": "Serif"
          },
          {
            "value": "'Calisto MT', 'Bookman Old Style', Bookman, 'Goudy Old Style', Garamond, 'Hoefler Text', 'Bitstream Charter', Georgia, serif",
            "label": "Calisto MT",
            "group": "Serif"
          },
          {
            "value": "Baskerville, 'Baskerville Old Face', 'Hoefler Text', Garamond, 'Times New Roman', serif",
            "label": "Baskerville",
            "group": "Serif"
          },
          {
            "value": "Garamond, Baskerville, 'Baskerville Old Face', 'Hoefler Text', 'Times New Roman', serif",
            "label": "Garamond",
            "group": "Serif"
          },
          {
            "value": "Georgia, 'Hoefler Text', 'Times New Roman', serif",
            "label": "Georgia",
            "group": "Serif"
          },
          {
            "value": "TimesNewRoman, 'Times New Roman', Times, Baskerville, Georgia, serif",
            "label": "Times New Roman",
            "group": "Serif"
          },
          {
            "value": "Google_Arapey_400_serif",
            "label": "Arapey",
            "group": "Serif | Google Web Fonts"
          },
          {
            "value": "Google_Arvo_400_serif",
            "label": "Arvo",
            "group": "Serif | Google Web Fonts"
          },
          {
            "value": "Google_Arvo_700_serif",
            "label": "Arvo Bold",
            "group": "Serif | Google Web Fonts"
          },
          {
            "value": "Google_Crimson+Text_400_serif",
            "label": "Crimson Text",
            "group": "Serif | Google Web Fonts"
          },
          {
            "value": "Google_Crimson+Text_700_serif",
            "label": "Crimson Text Bold",
            "group": "Serif | Google Web Fonts"
          },
          {
            "value": "Google_Droid+Serif_400_serif",
            "label": "Droid Serif",
            "group": "Serif | Google Web Fonts"
          },
          {
            "value": "Google_Droid+Serif_700_serif",
            "label": "Droid Serif Bold",
            "group": "Serif | Google Web Fonts"
          },
          {
            "value": "Google_Lora_400_serif",
            "label": "Lora",
            "group": "Serif | Google Web Fonts"
          },
          {
            "value": "Google_Lora_700_serif",
            "label": "Lora Bold",
            "group": "Serif | Google Web Fonts"
          },
          {
            "value": "Google_PT+Serif_400_serif",
            "label": "PT Serif",
            "group": "Serif | Google Web Fonts"
          },
          {
            "value": "Google_PT+Serif_700_serif",
            "label": "PT Serif Bold",
            "group": "Serif | Google Web Fonts"
          },
          {
            "value": "Google_Vollkorn_400_serif",
            "label": "Vollkorn",
            "group": "Serif | Google Web Fonts"
          },
          {
            "value": "Google_Vollkorn_700_serif",
            "label": "Vollkorn Bold",
            "group": "Serif | Google Web Fonts"
          }
        ]
      },
      {
        "type": "select",
        "id": "type_base_size",
        "label": "Base size",
        "default": "16px",
        "options": [
          {
            "value": "13px",
            "label": "13px"
          },
          {
            "value": "14px",
            "label": "14px"
          },
          {
            "value": "15px",
            "label": "15px"
          },
          {
            "value": "16px",
            "label": "16px"
          },
          {
            "value": "17px",
            "label": "17px"
          },
          {
            "value": "18px",
            "label": "18px"
          },
          {
            "value": "19px",
            "label": "19px"
          },
          {
            "value": "20px",
            "label": "20px"
          }
        ]
      },
      {
        "type": "checkbox",
        "id": "type_bold_product_titles",
        "label": "Bold product titles"
      }
    ]
  },
  {
    "name": "Social media",
    "settings": [
      {
        "type": "header",
        "content": "Social sharing options"
      },
      {
        "type": "checkbox",
        "id": "share_facebook",
        "label": "Share on Facebook",
        "default": true
      },
      {
        "type": "checkbox",
        "id": "share_twitter",
        "label": "Tweet on Twitter",
        "default": true
      },
      {
        "type": "checkbox",
        "id": "share_pinterest",
        "label": "Share on Pinterest",
        "default": true
      },
      {
        "type": "checkbox",
        "id": "share_instagram",
        "label": "Share on Instagram",
        "default": true
      },
      {
        "type": "header",
        "content": "Social accounts"
      },
      {
        "type": "text",
        "id": "social_twitter_link",
        "label": "Twitter",
        "info": "https:\/\/twitter.com\/shopify"
      },
      {
        "type": "image_picker",
        "id": "foot_imge_1_twitter",
        "label": "Upload the image"
      },
      {
        "type": "text",
        "id": "social_facebook_link",
        "label": "Facebook",
        "info": "https:\/\/facebook.com\/shopify"
      },
      {
        "type": "image_picker",
        "id": "foot_imge_1_facbook",
        "label": "Upload the image"
      },
      {
        "type": "text",
        "id": "social_pinterest_link",
        "label": "Pinterest",
        "info": "https:\/\/pinterest.com\/shopify"
      },
      {
        "type": "image_picker",
        "id": "foot_imge_1_pinterest",
        "label": "Upload the image"
      },
      {
        "type": "text",
        "id": "social_instagram_link",
        "label": "Instagram",
        "info": "http:\/\/instagram.com\/shopify"
      },
      {
        "type": "image_picker",
        "id": "foot_imge_1_instagram",
        "label": "Upload the image"
      },
      {
        "type": "text",
        "id": "social_tumblr_link",
        "label": "Tumblr",
        "info": "http:\/\/shopify.tumblr.com"
      },
      {
        "type": "image_picker",
        "id": "foot_imge_1_tumblr",
        "label": "Upload the image"
      },
      {
        "type": "text",
        "id": "social_snapchat_link",
        "label": "Snapchat",
        "info": "https:\/\/www.snapchat.com\/add\/shopify"
      },
      {
        "type": "image_picker",
        "id": "foot_imge_1_snapchat",
        "label": "Upload the image"
      },
      {
        "type": "text",
        "id": "social_youtube_link",
        "label": "YouTube",
        "info": "https:\/\/www.youtube.com\/shopify"
      },
      {
        "type": "image_picker",
        "id": "foot_imge_1_youtube",
        "label": "Upload the image"
      },
      {
        "type": "text",
        "id": "social_vimeo_link",
        "label": "Vimeo",
        "info": "https:\/\/vimeo.com\/shopify"
      },
      {
        "type": "image_picker",
        "id": "foot_imge_1_vimeo",
        "label": "Upload the image"
      }
    ]
  },
  {
    "name": "Favicon",
    "settings": [
      {
        "type": "image_picker",
        "id": "favicon",
        "label": "Favicon image",
        "info": "Will be scaled down to 32 x 32px"
      }
    ]
  },
  {
    "name": "Currency",
    "settings": [
      {
        "type": "paragraph",
        "content": "To offer multiple currencies on your online store, you must first [edit your store's currency formatting]({{ site.url }}\/manual\/using-themes\/troubleshooting\/help-script-find-money-formats)."
      },
      {
        "type": "checkbox",
        "id": "show_multiple_currencies",
        "label": "Enable currency conversion",
        "default": true,
        "info": "Even though prices are displayed in different currencies, orders will still be processed in your store's currency."
      },
      {
        "type": "select",
        "id": "currency_format",
        "label": "Format",
        "options": [
          {
            "value": "money_format",
            "label": "Without currency ($10.00)"
          },
          {
            "value": "money_with_currency_format",
            "label": "With currency ($10.00 CAD)"
          }
        ],
        "default": "money_with_currency_format"
      },
      {
        "type": "text",
        "id": "supported_currencies",
        "label": "Supported currencies",
        "default": "INR GBP CAD USD AUD EUR JPY",
        "info": "Use the country's ISO [currency code](http:\/\/www.xe.com\/iso4217.php). Separate your currency codes with a space."
      },
      {
        "type": "checkbox",
        "id": "disable_currency",
        "label": "Disable currency converter",
        "default": false
      },
      {
        "type": "text",
        "id": "default_currency",
        "label": "Default currency",
        "default": "USD"
      }
    ]
  },
  {
    "name": "Scroll Top Enable\/Disable",
    "settings": [
      {
        "type": "header",
        "content": "Enable\/Disable "
      },
      {
        "type": "checkbox",
        "id": "scroll_top_enable",
        "label": "Enable Scroll Top"
      }
    ]
  }
]