{"current":{"color_account_bg":"#000000","color_account_text":"#ffffff","color_header_bg":"#000000","color_header_text":"#ffffff","color_body_bg":"#ffffff","color_body_text":"#656565","color_primary":"#585e71","color_splash":"#f4d782","color_border":"#f7f7f7","homepage_background_light":"#f7f7f7","homepage_background_dark":"#2e3438","product_background_color":"#ffffff","product_slideshow_arrows":"#cccccc","color_footer_bg":"#ffffff","color_footer_text":"#656565","color_footer_social_link":"#a9a9a9","font_title":"google:sansStack:Megrim:400","font_title_capitalize":true,"font_accent":"google:sansStack:Questrial:400","font_body":"google:sansStack:Abel:400","base_font_size":"14px","cart_type":"modal","cart_show_on_click":true,"cart_vendor_enable":false,"cart_notes_enable":false,"cart_quantity":true,"cart_show_additional_buttons":true,"cart_continue_browsing":"shopify:\/\/collections\/all","collection_text_alignment":"text-center","product_grid_style":"hover","image_autoheight_enable":true,"twittercard_handle":"","social_twitter_link":"","social_facebook_link":"","social_instagram_link":"","social_pinterest_link":"","social_google_link":"","social_youtube_link":"","social_vimeo_link":"","social_tumblr_link":"","social_fancy_link":"","product_social_enable":false,"share_enable_facebook":true,"share_enable_twitter":true,"share_enable_pinterest":true,"share_enable_google":false,"favicon":"","checkout_header_image":"","checkout_logo_image":"","checkout_logo_position":"left","checkout_logo_size":"medium","checkout_body_background_image":"","checkout_body_background_color":"#fff","checkout_input_background_color_mode":"white","checkout_sidebar_background_image":"","checkout_sidebar_background_color":"#fafafa","checkout_heading_font":"Helvetica Neue","checkout_body_font":"Helvetica Neue","checkout_accent_color":"#1990c6","checkout_button_color":"#1990c6","checkout_error_color":"#ff6d6d","checkout_use_header_image":false,"checkout_logo":"","checkout_use_body_background_image":false,"checkout_use_sidebar_background_image":false,"sections":{"header":{"type":"header","settings":{"logo":"shopify:\/\/shop_images\/LOGO_13.png","logo_max_width":"","main_menu_linklist":"main-menu","height":"header--xl","meganav_image":"","meganav_link":"","header_message":"Your announcement text","header_message_url":"","header_enable_account":true,"header_enable_search":true,"search_only_products":true}},"footer":{"type":"footer","blocks":{"linklist":{"type":"linklist","settings":{"linklist":"main-menu"}},"text":{"type":"text","settings":{"title":"Text column","text":"<p>Share store details, promotions, or brand content with your customers.<\/p>"}},"newsletter":{"type":"newsletter","settings":{"text":"Subscribe to get special offers, free giveaways, and once-in-a-lifetime deals."}}},"block_order":["linklist","text","newsletter"],"settings":{"footer_image":"","footer_secondary_linklist":"footer","footer_payment_enable":true,"footer_social_enable":true}},"product":{"type":"product","settings":{"description_position":"auto","product_breadcrumbs":true,"show_quantity":true,"product_nav_enable":false,"product_show_vendor":false,"zoom_enable":false,"related_products_enable":true}},"collection":{"type":"collection","settings":{"grid_width_large":"large--one-quarter","grid_width_medium":"medium--one-half","grid_width_small":"small--one-half","collection_custom_nav_list":"","collection_standard_nav":false,"collection_type_nav":false,"collection_vendor_nav":false,"collection_tag_nav":false,"collection_sorting":false,"image_height":"use_screen_one_third","image_overlay":"image-overlay-0","text_color":"homepage--dark","parallax":true}},"blog":{"type":"blog","settings":{"layout":"grid","blog_show_meta":true,"image":"","image_overlay":"image-overlay-0","text_color":"homepage--light","parallax":true,"tags":false}},"article":{"type":"article","settings":{"blog_show_meta":true,"tags":true,"social":true,"image_height":"use_screen_one_third","parallax":true,"sidebar_tags":true,"recent":true}},"index-banner-image":{"type":"index-banner-image","settings":{"image":"","height":"use_screen_full","overlay":"image-overlay-15","parallax":true,"title":"Image with text overlay","description":"This area is used to describe your store.","text_align":"text-center","color":"homepage--white","link_text":"View products","link":"","button_style":"btn btn--large btn--clear btn--square uppercase","button_image":""}},"index-product":{"type":"index-product","settings":{"title":"Featured product","home_product":"","homepage_product_color":"homepage--white","show_quantity":true,"product_show_vendor":false,"zoom_enable":false}},"index-collection":{"type":"index-collection","settings":{"title":"Featured products","collection":"","grid":"4","rows":"2","homepage_collection_color":"homepage--white","show_view_all":false}},"index-video":{"type":"index-video","settings":{"image":"","video_link":"https:\/\/www.youtube.com\/watch?v=_9VUPq3SxOc","height":"use_screen_two_thirds","overlay":"image-overlay-15","parallax":true,"title":"Featured video","description":"This area is used to describe your video’s details.","text_align":"text-center","color":"homepage--white","button_image":""}},"index-instagram":{"type":"index-instagram","settings":{"title":"Instagram","homepage_instagram_color":"homepage--white","token":"","instagram_photo_count":"6","instagram_grid_width_large":"large--one-sixth","instagram_grid_width_medium":"medium--one-third","instagram_grid_width_small":"small--one-third"}}},"content_for_index":["index-banner-image","index-collection","index-video","index-instagram"]},"presets":{"Bright":{"color_account_bg":"#000000","color_account_text":"#ffffff","color_header_bg":"#ffffff","color_header_text":"#333333","color_body_bg":"#ffffff","color_body_text":"#000000","color_primary":"#333333","color_splash":"#1391a4","color_border":"#cccccc","homepage_background_light":"#f7f7f7","homepage_background_dark":"#2e3438","product_background_color":"#f6f6f6","product_slideshow_arrows":"#cccccc","color_footer_bg":"#f2f2f2","color_footer_text":"#333333","color_footer_social_link":"#2e3438","font_title":"google:sansStack:Oswald:400","font_title_capitalize":true,"font_accent":"google:sansStack:Montserrat:400","font_body":"google:serifStack:PT+Serif:400","base_font_size":"14px","collection_text_alignment":"text-center","product_grid_style":"hover","image_autoheight_enable":true,"cart_type":"modal","cart_show_on_click":true,"cart_vendor_enable":false,"cart_notes_enable":false,"cart_show_additional_buttons":true,"cart_continue_browsing":"shopify:\/\/collections\/all","twittercard_handle":"","social_twitter_link":"","social_facebook_link":"","social_instagram_link":"","social_pinterest_link":"","social_google_link":"","social_youtube_link":"","social_vimeo_link":"","social_tumblr_link":"","social_fancy_link":"","product_social_enable":false,"share_enable_facebook":true,"share_enable_twitter":true,"share_enable_pinterest":true,"share_enable_google":false,"favicon":"","checkout_use_header_image":false,"checkout_header_image":"","checkout_logo":"","checkout_logo_image":"","checkout_logo_position":"left","checkout_logo_size":"medium","checkout_use_body_background_image":false,"checkout_body_background_image":"","checkout_body_background_color":"#fff","checkout_input_background_color_mode":"white","checkout_use_sidebar_background_image":false,"checkout_sidebar_background_image":"","checkout_sidebar_background_color":"#fafafa","checkout_heading_font":"Helvetica Neue","checkout_body_font":"Helvetica Neue","checkout_accent_color":"#1990C6","checkout_button_color":"#1990C6","checkout_error_color":"#ff6d6d"},"Dark":{"color_account_bg":"#1d1d1d","color_account_text":"#afafaf","color_header_bg":"#000000","color_header_text":"#ffffff","color_body_bg":"#ffffff","color_body_text":"#000000","color_primary":"#000000","color_splash":"#e73131","color_border":"#cfcfcf","homepage_background_light":"#f7f7f7","homepage_background_dark":"#2e3438","product_background_color":"#cfcfcf","product_slideshow_arrows":"#cfcfcf","color_footer_bg":"#0e0d0d","color_footer_text":"#ffffff","color_footer_social_link":"#bebebe","font_title":"google:sansStack:PT+Mono:400","font_title_capitalize":false,"font_accent":"google:sansStack:PT+Mono:400","font_body":"google:sansStack:PT+Mono:400","base_font_size":"14px","collection_text_alignment":"text-center","product_grid_style":"under","image_autoheight_enable":true,"cart_type":"modal","cart_show_on_click":true,"cart_vendor_enable":false,"cart_notes_enable":false,"cart_show_additional_buttons":true,"cart_continue_browsing":"shopify:\/\/collections\/all","twittercard_handle":"","social_twitter_link":"","social_facebook_link":"","social_instagram_link":"","social_pinterest_link":"","social_google_link":"","social_youtube_link":"","social_vimeo_link":"","social_tumblr_link":"","social_fancy_link":"","product_social_enable":false,"share_enable_facebook":true,"share_enable_twitter":true,"share_enable_pinterest":true,"share_enable_google":false,"favicon":"","checkout_use_header_image":false,"checkout_header_image":"","checkout_logo":"","checkout_logo_image":"","checkout_logo_position":"left","checkout_logo_size":"medium","checkout_use_body_background_image":false,"checkout_body_background_image":"","checkout_body_background_color":"#fff","checkout_input_background_color_mode":"white","checkout_use_sidebar_background_image":false,"checkout_sidebar_background_image":"","checkout_sidebar_background_color":"#fafafa","checkout_heading_font":"Helvetica Neue","checkout_body_font":"Helvetica Neue","checkout_accent_color":"#1990C6","checkout_button_color":"#1990C6","checkout_error_color":"#ff6d6d"},"Light":{"color_account_bg":"#f3f3f3","color_account_text":"#656565","color_header_bg":"#ffffff","color_header_text":"#656565","color_body_bg":"#ffffff","color_body_text":"#656565","color_primary":"#585e71","color_splash":"#f4a482","color_border":"#f7f7f7","homepage_background_light":"#f7f7f7","homepage_background_dark":"#2e3438","product_background_color":"#FFFFFF","product_slideshow_arrows":"#cccccc","color_footer_bg":"#ffffff","color_footer_text":"#656565","color_footer_social_link":"#a9a9a9","font_title":"google:sansStack:Megrim:400","font_title_capitalize":true,"font_accent":"google:sansStack:Questrial:400","font_body":"google:sansStack:Abel:400","base_font_size":"14px","collection_text_alignment":"text-center","product_grid_style":"hover","image_autoheight_enable":true,"cart_type":"modal","cart_show_on_click":true,"cart_vendor_enable":false,"cart_notes_enable":false,"cart_show_additional_buttons":true,"cart_continue_browsing":"shopify:\/\/collections\/all","twittercard_handle":"","social_twitter_link":"","social_facebook_link":"","social_instagram_link":"","social_pinterest_link":"","social_google_link":"","social_youtube_link":"","social_vimeo_link":"","social_tumblr_link":"","social_fancy_link":"","product_social_enable":false,"share_enable_facebook":true,"share_enable_twitter":true,"share_enable_pinterest":true,"share_enable_google":false,"favicon":"","checkout_use_header_image":false,"checkout_header_image":"","checkout_logo":"","checkout_logo_image":"","checkout_logo_position":"left","checkout_logo_size":"medium","checkout_use_body_background_image":false,"checkout_body_background_image":"","checkout_body_background_color":"#fff","checkout_input_background_color_mode":"white","checkout_use_sidebar_background_image":false,"checkout_sidebar_background_image":"","checkout_sidebar_background_color":"#fafafa","checkout_heading_font":"Helvetica Neue","checkout_body_font":"Helvetica Neue","checkout_accent_color":"#1990C6","checkout_button_color":"#1990C6","checkout_error_color":"#ff6d6d"}}}