{"current":{"enable_multilang":true,"lange_1":"English","lange_2":"German","google_font_name":"Roboto, Montserrat, Roboto Condensed","general_font":"400 12px\/1.65 Roboto, Arial","h1_font":"700 24px\/1.15 Roboto, Arial","h2_font":"700 20px\/1.25 Montserrat, Arial","h3_font":"700 20px\/1.25 Roboto, Arial","h4_font":"700 18px\/1.35 Montserrat, Arial","h5_font":"700 16px\/1.35 Montserrat, Arial","h6_font":"400 13px\/1.35 Montserrat, Arial","brand_type":"image","brand_text":"","enable_retina":false,"min_height_logo":"53","bg_header_top_color":"#f2f2f2","bg_header_bottom_color":"#ffffff","bg_header_3_color":"#141414","bg_header_4_color":"#e84625","header_text_1_color":"#3c3c3c","header_text_2_color":"#ffffff","header_line_color_1":"#dadada","header_line_color_2":"#4f4f4f","header_line_color_3":"#000","display_header_top":true,"header_top_link":"\/collections","display_header_link":true,"header_middle_link":"header-link","display_icon_first_item":true,"show_header_search":true,"dropdowncart_type":"hover","bg_footer_color":"#f5f5f5","bg_footer_middle_color":"#272727","bg_footer_bottom_color":"#0f0f0f","bg_footer_img":false,"bg_footer_position_x":"left","bg_footer_position_y":"top","bg_footer_repeat":"no-repeat","bg_footer_attachment":"scroll","footer_text_color":"#000","footer_text_2_color":"#303030","footer_text_3_color":"#fff","footer_text_4_color":"#ccc","footer_line_style":"solid","footer_line_color":"#dadada","footer_line_2_style":"solid","footer_line_2_color":"#afea03","display_footer_top":true,"footer_column_1_title":"Categories | Kategorien","footer_column_1_content":"categories","footer_column_2_title":"Customer Services |  Kundenservice","footer_column_2_content":"customer-services","footer_column_3_title":"About Store | Über Shop","footer_column_3_content":"about-store","footer_column_4_title":"Sercurity & Privacy | Sercurity & Datenschutz","footer_column_4_content":"sercurity-privacy","footer_display_newsletter":true,"footer_newsletter_title":"newsletter sign up | Newsletter Anmeldung","footer_newsletter_text":"Get the latest deals and special offers | Holen Sie sich die neuesten Angebote und Sonderaktionen","mailing_list_form_action":"\/\/myshopify.us9.list-manage.com\/subscribe\/post?u=f03cabb421b3912425cda25cc&amp;id=2b084b0139","display_social":true,"footer_social_title":"Follow us | Folgen Sie Uns","footer_social_link_1":"http:\/\/facebook.com\/shopify","footer_social_link_2":"http:\/\/twitter.com\/shopify","footer_social_link_3":"#","footer_social_link_4":"http:\/\/instagram.com\/shopify","footer_social_link_5":"http:\/\/plus.google.com\/+shopify","display_footer_middle":true,"footer_middle_text":"Need help? We're available at 1800 - 000  - 8808 Email us at <a href=\"mailto:service@domain.com\">service@domain.com<\/a> or \r\n[lang2]\r\nBrauche Hilfe? Wir sind an 1800 - 000 - 8808 Mailen Sie uns an <a href=\"mailto:service@domain.com\">service@domain.com<\/a> oder","footer_middle_live_chat":"Live Chat | Live-Chat","footer_middle_live_chat_link":"#","display_footer_bottom":true,"display_footer_address":true,"footer_address_code":"© 2015 Minimart - Responsive Shopify Template. All Rights Reserved. <br>eCommerce Software by Shopify.\r\n[lang2]\r\n© 2015 Minimart - Responsive Shopify Template. Alle Rechte Vorbehalten. <br>eCommerce Software by Shopify.","footer_address_code_right":"Shopify Themes & Templates by <a href=\"http:\/\/halothemes.com\/\" title='HaloThemes.com'>HaloThemes.com<\/a>.\r\n[lang2]\r\nShopify Themes & Templates durch <a href=\"http:\/\/halothemes.com\/\" title='HaloThemes.com'>HaloThemes.com<\/a>","payment_methods_display_visa":true,"payment_methods_display_visa-electron":true,"payment_methods_display_mastercard":true,"payment_methods_display_maestro":true,"payment_methods_display_american-express":true,"payment_methods_display_solo":true,"payment_methods_display_paypal":true,"payment_methods_display_discover":false,"payment_methods_display_google-checkout":false,"payment_methods_display_cirrus":false,"payment_methods_display_bitcoin":false,"body_bg_color":"#fff","body_bg_2_color":"#f8f8f8","bg_body_img":false,"bg_body_position_x":"left","bg_body_position_y":"top","bg_body_repeat":"repeat","bg_body_attachment":"scroll","body_text_color":"#2d2d2d","body_text_2_color":"#000","body_text_3_color":"#2255a4","body_text_4_color":"#e95144","body_text_5_color":"#929292","body_text_6_color":"#fff","body_text_7_color":"#30b230","body_line_style":"solid","body_line_color":"#dadada","body_line_2_style":"solid","body_line_2_color":"#efefef","body_line_3_style":"solid","body_line_3_color":"#ea8e0a","display_breadcrumb":true,"breadcrumb_text_transform":"capitalize","enable_hover_image":true,"product_name_text_transform":"none","navigation_text":"Shop By Categories | Kategorien","show_dropdown_arrow":true,"nav_bg_color":"#ffffff","nav_text_color":"#303030","nav_text_hover_color":"#2255a4","nav_line_color":"#d9d9d9","nav_line_2_color":"#e4e4e4","nav_line_3_color":"#ea8e0a","nav_font":"400 12px\/1.65 Roboto, Arial","enable_nav_last_item":true,"nav_dropdown_border_style":"solid","nav_dropdown_border_color":"#cacaca","nav_dropdown_border_2_color":"#fcefc9","nav_dropdown_bg_color":"#ffffff","nav_dropdown_bg_2_color":"#fef8e7","nav_dropdown_text_color":"#000","nav_dropdown_text_2_color":"#2d2d2d","nav_dropdown_text_3_color":"#e95144","dropdown_menu_font_1":"400 12px\/1.65 Roboto, Arial","dropdown_menu_font_2":"700 12px\/1.65 Montserrat, Arial","display_megamenu":true,"megamenu_item_1":"Computers & Laptops","style_dropdown_mega_menu_1":"style_1","style_1_section_1_menu_1_title":"Shop | Geschäft","style_1_section_1_menu_1_content_col":"Lorem ipsum dolor sit ametos consectetur nadipiscing elitos. Praesent vitae consequat ligula, mel pulvinar eros. In eget durnas heget magna pretium ultrices. Suspendisse potentios. | Praesent vitae consequat ligula, mel pulvinar eros. In eget durnas heget magna pretium ultrices. Suspendisse potentios. Lorem ipsum dolor sit ametos consectetur nadipiscing elitos.","show_style_1_section_1_menu_1":true,"style_1_section_1_menu_1_link_image":"","show_style_1_section_3_menu_1_featured_product":true,"style_1_section_3_menu_1_featured_product_title":"Featured | Ausgewählte","style_1_section_3_menu_1_featured_product_collection":"smartphones-tablets","style_2_section_2_menu_1_text":"","show_style_3_section_2_menu_1":false,"style_3_section_2_menu_1_link_image":"","show_style_3_section_3_menu_1":false,"style_3_section_3_menu_1_link_image":"","style_3_section_3_menu_1_text_content":"","style_3_section_3_menu_1_text":"","style_3_section_3_menu_1_link":"","show_style_3_section_4_menu_1":false,"style_3_section_4_menu_1_link_image":"","show_image_1_menu_1":false,"image_1_link_menu_1":"","show_image_2_menu_1":false,"image_2_link_menu_1":"","megamenu_item_2":"Smartphones & Tablet","style_dropdown_mega_menu_2":"style_2","style_1_section_1_menu_2_title":"","style_1_section_1_menu_2_content_col":"","show_style_1_section_1_menu_2":false,"style_1_section_1_menu_2_link_image":"","show_style_1_section_3_menu_2_featured_product":false,"style_1_section_3_menu_2_featured_product_title":"","style_1_section_3_menu_2_featured_product_collection":"","style_2_section_2_menu_2_text":"free shipping in the u.s. & internationally | Versandkosten frei in der US international","show_style_3_section_2_menu_2":false,"style_3_section_2_menu_2_link_image":"","show_style_3_section_3_menu_2":false,"style_3_section_3_menu_2_link_image":"","style_3_section_3_menu_2_text_content":"","style_3_section_3_menu_2_text":"","style_3_section_3_menu_2_link":"","show_style_3_section_4_menu_2":false,"style_3_section_4_menu_2_link_image":"","show_image_1_menu_2":false,"image_1_link_menu_2":"","show_image_2_menu_2":false,"image_2_link_menu_2":"","megamenu_item_3":"Books | Bücher","style_dropdown_mega_menu_3":"style_3","style_1_section_1_menu_3_title":"","style_1_section_1_menu_3_content_col":"","show_style_1_section_1_menu_3":false,"style_1_section_1_menu_3_link_image":"","show_style_1_section_3_menu_3_featured_product":false,"style_1_section_3_menu_3_featured_product_title":"","style_1_section_3_menu_3_featured_product_collection":"","style_2_section_2_menu_3_text":"","show_style_3_section_2_menu_3":true,"style_3_section_2_menu_3_link_image":"\/collections\/smartphones-tablets\/","show_style_3_section_3_menu_3":true,"style_3_section_3_menu_3_link_image":"\/collections\/","style_3_section_3_menu_3_text_content":"Lorem ipsum dolor sit amet, consectetur adipiscing elit. Praesent vitae consequat ligula, vel pulvinar eros. In dan durna eget magna pretium ultrices. Suspendisse potenti. Cras elementum posuere placerat an donec sagittis bibendum enim in cursus nibhos.\r\n|  In dan durna eget magna pretium ultrices. Suspendisse potenti. Cras elementum posuere placerat an donec sagittis bibendum enim in cursus nibhos. Lorem ipsum dolor sit amet, consectetur adipiscing elit. Praesent vitae consequat ligula, vel pulvinar eros.","style_3_section_3_menu_3_text":"Find out More | Finde mehr heraus","style_3_section_3_menu_3_link":"\/collections\/all","show_style_3_section_4_menu_3":true,"style_3_section_4_menu_3_link_image":"\/collections\/the-books-collection\/","show_image_1_menu_3":false,"image_1_link_menu_3":"","show_image_2_menu_3":false,"image_2_link_menu_3":"","megamenu_item_4":"Cookware | Kochgeschirr","style_dropdown_mega_menu_4":"style_4","style_1_section_1_menu_4_title":"","style_1_section_1_menu_4_content_col":"","show_style_1_section_1_menu_4":false,"style_1_section_1_menu_4_link_image":"","show_style_1_section_3_menu_4_featured_product":false,"style_1_section_3_menu_4_featured_product_title":"","style_1_section_3_menu_4_featured_product_collection":"","style_2_section_2_menu_4_text":"","show_style_3_section_2_menu_4":false,"style_3_section_2_menu_4_link_image":"","show_style_3_section_3_menu_4":false,"style_3_section_3_menu_4_link_image":"","style_3_section_3_menu_4_text_content":"","style_3_section_3_menu_4_text":"","style_3_section_3_menu_4_link":"","show_style_3_section_4_menu_4":false,"style_3_section_4_menu_4_link_image":"","show_image_1_menu_4":true,"image_1_link_menu_4":"","show_image_2_menu_4":true,"image_2_link_menu_4":"","megamenu_item_5":"Video Games & Systems","style_dropdown_mega_menu_5":"style_5","style_1_section_1_menu_5_title":"","style_1_section_1_menu_5_content_col":"","show_style_1_section_1_menu_5":false,"style_1_section_1_menu_5_link_image":"","show_style_1_section_3_menu_5_featured_product":false,"style_1_section_3_menu_5_featured_product_title":"","style_1_section_3_menu_5_featured_product_collection":"","style_2_section_2_menu_5_text":"","show_style_3_section_2_menu_5":false,"style_3_section_2_menu_5_link_image":"","show_style_3_section_3_menu_5":false,"style_3_section_3_menu_5_link_image":"","style_3_section_3_menu_5_text_content":"","style_3_section_3_menu_5_text":"","style_3_section_3_menu_5_link":"","show_style_3_section_4_menu_5":false,"style_3_section_4_menu_5_link_image":"","show_image_1_menu_5":true,"image_1_link_menu_5":"","show_image_2_menu_5":false,"image_2_link_menu_5":"","megamenu_item_6":"","style_dropdown_mega_menu_6":"style_1","style_1_section_1_menu_6_title":"","style_1_section_1_menu_6_content_col":"","show_style_1_section_1_menu_6":false,"style_1_section_1_menu_6_link_image":"","show_style_1_section_3_menu_6_featured_product":false,"style_1_section_3_menu_6_featured_product_title":"","style_1_section_3_menu_6_featured_product_collection":"","style_2_section_2_menu_6_text":"","show_style_3_section_2_menu_6":false,"style_3_section_2_menu_6_link_image":"","show_style_3_section_3_menu_6":false,"style_3_section_3_menu_6_link_image":"","style_3_section_3_menu_6_text_content":"","style_3_section_3_menu_6_text":"","style_3_section_3_menu_6_link":"","show_style_3_section_4_menu_6":false,"style_3_section_4_menu_6_link_image":"","show_image_1_menu_6":false,"image_1_link_menu_6":"","show_image_2_menu_6":false,"image_2_link_menu_6":"","megamenu_item_7":"","style_dropdown_mega_menu_7":"style_1","style_1_section_1_menu_7_title":"","style_1_section_1_menu_7_content_col":"","show_style_1_section_1_menu_7":false,"style_1_section_1_menu_7_link_image":"","show_style_1_section_3_menu_7_featured_product":false,"style_1_section_3_menu_7_featured_product_title":"","style_1_section_3_menu_7_featured_product_collection":"","style_2_section_2_menu_7_text":"","show_style_3_section_2_menu_7":false,"style_3_section_2_menu_7_link_image":"","show_style_3_section_3_menu_7":false,"style_3_section_3_menu_7_link_image":"","style_3_section_3_menu_7_text_content":"","style_3_section_3_menu_7_text":"","style_3_section_3_menu_7_link":"","show_style_3_section_4_menu_7":false,"style_3_section_4_menu_7_link_image":"","show_image_1_menu_7":false,"image_1_link_menu_7":"","show_image_2_menu_7":false,"image_2_link_menu_7":"","megamenu_item_8":"","style_dropdown_mega_menu_8":"style_1","style_1_section_1_menu_8_title":"","style_1_section_1_menu_8_content_col":"","show_style_1_section_1_menu_8":false,"style_1_section_1_menu_8_link_image":"","show_style_1_section_3_menu_8_featured_product":false,"style_1_section_3_menu_8_featured_product_title":"","style_1_section_3_menu_8_featured_product_collection":"","style_2_section_2_menu_8_text":"","show_style_3_section_2_menu_8":false,"style_3_section_2_menu_8_link_image":"","show_style_3_section_3_menu_8":false,"style_3_section_3_menu_8_link_image":"","style_3_section_3_menu_8_text_content":"","style_3_section_3_menu_8_text":"","style_3_section_3_menu_8_link":"","show_style_3_section_4_menu_8":false,"style_3_section_4_menu_8_link_image":"","show_image_1_menu_8":false,"image_1_link_menu_8":"","show_image_2_menu_8":false,"image_2_link_menu_8":"","megamenu_item_9":"","style_dropdown_mega_menu_9":"style_1","style_1_section_1_menu_9_title":"","style_1_section_1_menu_9_content_col":"","show_style_1_section_1_menu_9":false,"style_1_section_1_menu_9_link_image":"","show_style_1_section_3_menu_9_featured_product":false,"style_1_section_3_menu_9_featured_product_title":"","style_1_section_3_menu_9_featured_product_collection":"","style_2_section_2_menu_9_text":"","show_style_3_section_2_menu_9":false,"style_3_section_2_menu_9_link_image":"","show_style_3_section_3_menu_9":false,"style_3_section_3_menu_9_link_image":"","style_3_section_3_menu_9_text_content":"","style_3_section_3_menu_9_text":"","style_3_section_3_menu_9_link":"","show_style_3_section_4_menu_9":false,"style_3_section_4_menu_9_link_image":"","show_image_1_menu_9":false,"image_1_link_menu_9":"","show_image_2_menu_9":false,"image_2_link_menu_9":"","megamenu_item_10":"","style_dropdown_mega_menu_10":"style_1","style_1_section_1_menu_10_title":"","style_1_section_1_menu_10_content_col":"","show_style_1_section_1_menu_10":false,"style_1_section_1_menu_10_link_image":"","show_style_1_section_3_menu_10_featured_product":false,"style_1_section_3_menu_10_featured_product_title":"","style_1_section_3_menu_10_featured_product_collection":"","style_2_section_2_menu_10_text":"","show_style_3_section_2_menu_10":false,"style_3_section_2_menu_10_link_image":"","show_style_3_section_3_menu_10":false,"style_3_section_3_menu_10_link_image":"","style_3_section_3_menu_10_text_content":"","style_3_section_3_menu_10_text":"","style_3_section_3_menu_10_link":"","show_style_3_section_4_menu_10":false,"style_3_section_4_menu_10_link_image":"","show_image_1_menu_10":false,"image_1_link_menu_10":"","show_image_2_menu_10":false,"image_2_link_menu_10":"","first_button_bg_color":"#fff","first_button_border_color":"#000","first_button_text_color":"#000","first_button_font":"700 12px\/1.35 Montserrat, Arial","second_button_bg_color_start":"#363636","second_button_bg_color_end":"#101011","second_button_border_color":"#000","second_button_text_color":"#ffffff","second_button_font":"700 12px\/1.35 Montserrat, Arial","third_button_bg_color_start":"#e5630f","third_button_bg_color_end":"#df3c13","third_button_border_color":"#dc2516","third_button_text_color":"#fff","third_button_font":"700 14px\/1.35 Montserrat, Arial","fourth_button_bg_color_start":"#ee7b14","fourth_button_bg_color_end":"#ea4f1a","fourth_button_border_color":"#dc2516","fourth_button_text_color":"#fff","fourth_button_font":"700 14px\/1.35 Montserrat, Arial","display_six_block_banner":true,"banner_six_link_1":"\/collections\/smartphones-tablets\/","banner_six_link_2":"\/collections\/dell-laptops\/","banner_six_link_3":"\/collections\/dslr-cameras\/","banner_six_link_4":"\/collections\/video-games-systems\/","banner_six_link_5":"\/collections\/the-books-collection\/","banner_six_link_6":"\/collections\/sony-tablets\/","display_three_block_text":true,"tilte_block_1":"Free Ground Delivery | Freies Grund Lieferung","desc_block_1":"Cras sodales dan mattis dulputate mivamus loremous an amet bibendum ligula cosmo","tilte_block_2":"Secure Shopping | Sicher einkaufen","desc_block_2":"Cras sodales dan mattis dulputate mivamus loremous an amet bibendum ligula cosmo","tilte_block_3":"Genuine Products","desc_block_3":"Cras sodales dan mattis dulputate mivamus loremous an amet bibendum ligula cosmo","display_weekly_special":true,"weekly_special_collection":"weekly-specials","weekly_special_title":"Weekly Specials | Wöchentliche Angebote","weekly_special_limit_all":"10","display_weekly_special_countdown":true,"display_infinite_scrolling_homepage":true,"weekly_special_limit":"5","weekly_special_per_row":"5","display_two_block_banner":true,"two_banner_link_1":"\/collections\/all","two_banner_link_2":"\/collections\/all","show_block_computer":true,"computer_collection":"dell-laptops","computer_title":"Computers & Laptops","computer_text":"Shop all Computers & Laptops","computer_link":"\/collections\/sony-tablets","computer_limit_all":"5","computer_collection_results_per_row":"5","display_three_block_banner":true,"three_block_banner_link_1":"\/collections\/graphics-video-cards\/","three_block_banner_link_2":"\/collections\/touchscreen-laptops\/","three_block_banner_link_3":"\/collections\/ssd-hard-disks\/","show_block_smartphone":true,"smartphone_collection":"smartphones-tablets","smartphone_title":"Smartphones & Tablets","smartphone_text":"Shop all Smartphones & Tablets","smartphone_link":"\/collections\/smartphones-tablets","smartphone_limit_all":"10","smartphone_collection_results_per_row":"5","display_two_block_banner_02":true,"two_banner_home_link_1":"\/collections\/smartphones-tablets\/","two_banner_home_link_2":"\/collections\/dell-laptops\/","show_book":true,"book_collection":"the-books-collection","book_title":"Books | Bücher","book_text":"Shop all Books","book_link":"\/collections\/the-books-collection","book_limit_all":"5","book_collection_results_per_row":"5","display_three_banner_bottom":true,"banner_home_bottom_title":"Other Products | Weitere Produkte","display_banner_slider_1":true,"three_banner_bottom_title_1":"Cookware | Kochgeschirr","three_banner_bottom_description_1":"Cras sodales dan mattis dulputate mivamus loremous an amet bibendum ligula cosmo | Cras sodales dan mattis dulputate mivamus","three_banner_bottom_button_text_1":"Shop Now | Jetzt Einkaufen","three_banner_bottom_link_1":"\/collections","display_banner_slider_2":true,"three_banner_bottom_title_2":"Cameras | Kameras","three_banner_bottom_description_2":"Cras sodales dan mattis dulputate mivamus loremous an amet bibendum ligula cosmo | Cras sodales dan mattis dulputate mivamus","three_banner_bottom_button_text_2":"Shop Now | Jetzt Einkaufen","three_banner_bottom_link_2":"\/collections","display_banner_slider_3":true,"three_banner_bottom_title_3":"Home Furniture","three_banner_bottom_description_3":"Cras sodales dan mattis dulputate mivamus loremous an amet bibendum ligula cosmo | Cras sodales dan mattis dulputate mivamus","three_banner_bottom_button_text_3":"Shop Now | Jetzt Einkaufen","three_banner_bottom_link_3":"\/collections","display_banner_slider_4":true,"three_banner_bottom_title_4":"Cookware | Kochgeschirr","three_banner_bottom_description_4":"Cras sodales dan mattis dulputate mivamus loremous an amet bibendum ligula cosmo | Cras sodales dan mattis dulputate mivamus","three_banner_bottom_button_text_4":"Shop Now","three_banner_bottom_link_4":"Shop Now | Jetzt Einkaufen","display_banner_slider_5":true,"three_banner_bottom_title_5":"Comos De Milano","three_banner_bottom_description_5":"Cras sodales dan mattis dulputate mivamus loremous an amet bibendum ligula cosmo | Cras sodales dan mattis dulputate mivamus","three_banner_bottom_button_text_5":"Shop Now | Jetzt Einkaufen","three_banner_bottom_link_5":"","display_banner_slider_6":false,"three_banner_bottom_title_6":"","three_banner_bottom_description_6":"","three_banner_bottom_button_text_6":"","three_banner_bottom_link_6":"","display_brands_slider":true,"brands_slider_image_1_title":"Loremous","brands_slider_image_1_link":"#","brands_slider_image_2_title":"RBQ","brands_slider_image_2_link":"#","brands_slider_image_3_title":"Magcor","brands_slider_image_3_link":"#","brands_slider_image_4_title":"Nouveau","brands_slider_image_4_link":"#","brands_slider_image_5_title":"Avenues","brands_slider_image_5_link":"#","brands_slider_image_6_title":"Loremous","brands_slider_image_6_link":"#","brands_slider_image_7_title":"RBQ","brands_slider_image_7_link":"#","brands_slider_image_8_title":"Magcor","brands_slider_image_8_link":"#","brands_slider_image_9_title":"Nouveau","brands_slider_image_9_link":"#","brands_slider_image_10_title":"Avenues","brands_slider_image_10_link":"#","display_slideshow":true,"slideshow_speed":"5000","slideshow_transition":"fade","slide_heading_color":"#000000","slide_heading_size":"24","slide_text_color":"#2d2d2d","slide_text_size":"12","display_slideshow_1":true,"image_1_link":"http:\/\/twitter.com\/shopify","image_1_alt":"","slide-heading_1":"","slide_heading_color_1":"#000000","slide_heading_size_1":"24","slide-text_1":"","slide_text_color_1":"#2d2d2d","slide_text_size_1":"12","button-text_1":"","text_align_slide_1":"center","display_slideshow_2":true,"image_2_link":"http:\/\/twitter.com\/shopify","image_2_alt":"","slide-heading_2":"","slide_heading_color_2":"#ffffff","slide_heading_size_2":"24","slide-text_2":"","slide_text_color_2":"#ffffff","slide_text_size_2":"12","button-text_2":"","text_align_slide_2":"center","display_slideshow_3":true,"image_3_link":"http:\/\/twitter.com\/shopify","image_3_alt":"","slide-heading_3":"","slide_heading_color_3":"#000000","slide_heading_size_3":"24","slide-text_3":"","slide_text_color_3":"#2d2d2d","slide_text_size_3":"12","button-text_3":"","text_align_slide_3":"left","display_slideshow_4":false,"image_4_link":"","image_4_alt":"","slide-heading_4":"","slide_heading_color_4":"#ffffff","slide_heading_size_4":"","slide-text_4":"","slide_text_color_4":"#ffffff","slide_text_size_4":"","button-text_4":"","text_align_slide_4":"center","display_slideshow_5":false,"image_5_link":"","image_5_alt":"","slide-heading_5":"","slide_heading_color_5":"#ffffff","slide_heading_size_5":"","slide-text_5":"","slide_text_color_5":"#ffffff","slide_text_size_5":"","button-text_5":"","text_align_slide_5":"center","display_slideshow_6":false,"image_6_link":"","image_6_alt":"","slide-heading_6":"","slide_heading_color_6":"#ffffff","slide_heading_size_6":"","slide-text_6":"","slide_text_color_6":"#ffffff","slide_text_size_6":"","button-text_6":"","text_align_slide_6":"center","display_slideshow_7":false,"image_7_link":"","image_7_alt":"","slide-heading_7":"","slide_heading_color_7":"#ffffff","slide_heading_size_7":"","slide-text_7":"","slide_text_color_7":"#ffffff","slide_text_size_7":"","button-text_7":"","text_align_slide_7":"center","display_slideshow_8":false,"image_8_link":"","image_8_alt":"","slide-heading_8":"","slide_heading_color_8":"#ffffff","slide_heading_size_8":"","slide-text_8":"","slide_text_color_8":"#ffffff","slide_text_size_8":"","button-text_8":"","text_align_slide_8":"center","display_slideshow_9":false,"image_9_link":"","image_9_alt":"","slide-heading_9":"","slide_heading_color_9":"#ffffff","slide_heading_size_9":"","slide-text_9":"","slide_text_color_9":"#ffffff","slide_text_size_9":"","button-text_9":"","text_align_slide_9":"center","display_slideshow_10":false,"image_10_link":"","image_10_alt":"","slide-heading_10":"","slide_heading_color_10":"#ffffff","slide_heading_size_10":"","slide-text_10":"","slide_text_color_10":"#ffffff","slide_text_size_10":"","button-text_10":"","text_align_slide_10":"center","display_popup_newsletter":true,"popup_newsletter_title":"Newsletter Sign up | Newsletter Anmeldung","popup_newsletter_sub_title":"Sign Up for exclusive updates, new arrivals and insider-only discounts | Melden Sie sich für exklusive Updates, Neuankömmlinge und Insider-only Ermäßigungen","popup_newsletter_message":"We promise to only send you good things! | Wir versprechen, nur senden Sie gute Sachen!","popup_newsletter_text_note":"Don't show again! | Nicht mehr anzeigen!","display_popup_social":true,"display_sidebar_cat_page":true,"display_sidebar_blog_page":true,"show_sidebar":"left","shop_by_text":"Shopping Options | Einkaufsoptionen","display_sidebar_categories":true,"sidebar_categories_title":"Categories | Kategorien","style_categories":"style_link_list","categories_link_list":"shop-categories","enable_sidebar_multiple_choice":true,"enable_shop_by_tags_1":true,"shop_by_tags_1_title":"Color | Farbe","shop_by_color_text_1":"Beige","shop_by_color_text_2":"Red","shop_by_color_text_3":"White","shop_by_color_text_4":"Pink","shop_by_color_text_5":"Silver","shop_by_color_text_6":"Blue","shop_by_color_text_7":"Gray","shop_by_color_text_8":"Black","shop_by_color_text_9":"Green","shop_by_color_text_10":"","shop_by_color_text_11":"","shop_by_color_text_12":"","shop_by_color_text_13":"","shop_by_color_text_14":"","shop_by_color_text_15":"","shop_by_color_text_16":"","shop_by_color_text_17":"","shop_by_color_text_18":"","shop_by_color_text_19":"","shop_by_color_text_20":"","enable_shop_by_tags_2":true,"shop_by_tags_2_title":"Price | Preis","shop_by_tags_2_list_tags":"Less than $299, $300 - $899, $900 - $1799, Above $1800","enable_shop_by_tags_3":true,"shop_by_tags_3_title":"Brand | Marke","shop_by_tags_3_list_tags":"Dincidunteros, Nectellus, Solutmades, Loremous Comodous, Namdos Hempus, Cosmopolis, Divamus","enable_shop_by_tags_4":true,"shop_by_tags_4_title":"Product Type | Produktart","shop_by_tags_4_list_tags":"Dincidunteros, Cosmopolis, Solutmades, Loremous Comodous","show_featured_product":true,"featured_product_list_collection":"dell-laptops","featured_product_title":"Featured Products | Ausgewählte Artikel","featured_product_limit_all":"8","display_banner_sidebar":true,"display_banner_sidebar_blog":true,"banner_sidebar_link":"#","display_banner_sidebar_2":true,"display_banner_sidebar_blog_2":true,"banner_sidebar_link_2":"","display_sidebar_custom":true,"display_sidebar_custom_detail":true,"display_sidebar_custom_blog":true,"custom_cms_title":"Custom CMS Block | Benutzerdefinierte CMS-Block","custom_cms_text":"<p>Custom CMS block displayed at the left sidebar on the Catalog Page. Put your own content here: text, html, images, media... whatever you like.<\/p><p>There are many similar sample content place holders across the store.<br>\r\nAll editable from admin panel. <\/p> | <p>Benutzerdefinierte CMS-Block in der linken Seitenleiste auf der Katalogseite angezeigt. Fügen Sie hier Ihren eigenen Inhalt: Text, HTML, Bilder, Medien ..., was Sie wollen <\/p> <p> Es gibt viele ähnliche Probe Inhaltsplatzhalter in den Laden.. Alle editierbar von Admin-Panel.<\/p>","enable_wishlist":true,"style_collections":"style_little","collections_items":"Smartphones & Tablets, Dell Laptops, DSLR Cameras, Graphics & Video Cards, Touchscreen Laptops, SSD Hard Disks, Video Games & Systems, The Books Collection, Sony Tablets","collections_per_row":"3","image_swap":true,"product_image_border":true,"product_image_resize":false,"product_image_crop":false,"product_image_ratio_width":"1","product_image_ratio_height":"1","collection_results_per_page":"15","collection_results_per_row":"3","collection_infinite_scrolling":false,"style_moreview":"horizontal","display_prev_next_product":true,"display_sample_vendor":true,"display_availability":true,"text_availability":"","display_product_type":false,"text_product_type":"","display_vendor":false,"text_vendor":"","text_countdown":"This Limited Offer Ends In: | Nur kurze Zeit Angebote, End in:","show_desc":"full","use_color_swatch":true,"display_subtotal":false,"display_share":true,"sharethis_code":"<script type=\"text\/javascript\">var switchTo5x=true;<\/script>\r\n<script type=\"text\/javascript\" src=\"http:\/\/w.sharethis.com\/button\/buttons.js\"><\/script>\r\n<script type=\"text\/javascript\">stLight.options({publisher: \"2ac9edde-1bbd-4225-933f-39582db01312\", doNotHash: false, doNotCopy: false, hashAddressBar: false});<\/script>\r\n<span class='st_facebook'><\/span>\r\n<span class='st_twitter'><\/span>\r\n<span class='st_googleplus'><\/span>\r\n<span class='st_pinterest'><\/span>\r\n<span class='st_sharethis'><\/span>","show_tab":"horizontal","display_product_detail_description":true,"product_description_title":"Product Description | Einzelheiten","display_product_reviews":true,"product_review_title":"Customer Reviews | Kundenbewertungen","display_custom_tab":true,"custom_tab_title":"Shipping & Returns | Liefer- und Versandkosten","custom_tab_content":"<p style=\"margin-bottom:20px;\">Lorem ipsum dolor sit amet consectetur adipiscing elit. Nam fringilla augue nec est tristique auctor. Donec non est at libero vulputate rutrum. Morbi ornare lectus quis justo gravida semper. Nulla tellus mi, dulputate an adipiscing cursus eu, suscipit id nulla donec a neque libero pellentesque aliquet, sem eget laoreet ultrices, ipsum metus feugiat sem, quis fermentum turpis eros eget velit. Donec ac tempus ante. Fusce ultricies massa massa. Fusce aliquam, purus eget sagittis vulputate, sapien libero hendrerit est, sed commodo augue nisi non neque. Lorem ipsum dolor sit amet, consectetur adipiscing elitos.<\/p>\r\n<h6 style=\"font-weight:700;\">Returns Policy<\/h6><p style=\"margin-bottom:20px;\">You may return most new, unopened items within 30 days of delivery for a full refund. We'll also pay the return shipping costs if the return is a result of our error (you received an incorrect or defective item, etc.).<\/p><p style=\"margin-bottom:20px;\">You should expect to receive your refund within four weeks of giving your package to the return shipper, however, in many cases you will receive a refund more quickly. This time period includes the transit time for us to receive your return from the shipper (5 to 10 business days), the time it takes us to process your return once we receive it (3 to 5 business days), and the time it takes your bank to process our refund request (5 to 10 business days).<\/p><p style=\"margin-bottom:20px;\">If you need to return an item, simply login to your account, view the order using the 'Complete Orders' link under the My Account menu and click the Return Item(s) button. We'll notify you via e-mail of your refund once we've received and processed the returned item.<\/p><h6 style=\"font-weight:700;\">Shipping<\/h6><p style=\"margin-bottom:20px;\">We can ship to virtually any address in the world. Note that there are restrictions on some products, and some products cannot be shipped to international destinations.<\/p><p style=\"margin-bottom:20px;\">When you place an order, we will estimate shipping and delivery dates for you based on the availability of your items and the shipping options you choose. Depending on the shipping provider you choose, shipping date estimates may appear on the shipping quotes page.<\/p><p style=\"margin-bottom:20px;\">Please also note that the shipping rates for many items we sell are weight-based. The weight of any such item can be found on its detail page. To reflect the policies of the shipping companies we use, all weights will be rounded up to the next full pound.<\/p>","display_custom_tab_02":true,"custom_tab_title_02":"Custom Product Tab | Kundenspezifische Produkt Tab","display_related_products":true,"related_products_title":"Related Products | Ähnliche Produkte","number_of_related_products":"10","related_products_per_row":"5","related_products_type":"collection","display_recently_viewed_products":true,"recently_viewed_products_title":"Recently Viewed Products | Kürzlich angesehene Produkte","number_of_recently_viewed_products":"8","recently_viewed_products_per_row":"5","enable_quick_view":true,"display_quickview_sample_vendor":true,"display_quickview_availability":false,"display_quickview_product_type":false,"display_quickview_vendor":false,"display_quickview_subtotal":false,"display_quickview_short_desc":true,"cart_notes":true,"ajax_cart":true,"show_shipping_calculator":true,"shipping_calculator_heading":"Get shipping estimates | Holen Versand Schätzungen","shipping_calculator_default_country":"United States","shipping_calculator_submit_button_label":"Calculate Shipping | Berechnen Versandkosten","shipping_calculator_submit_button_label_disabled":"Calculating...","search_results_per_page":"12","search_results_per_row":"4","blog_post_per_page":"3","register_text_desc":"Sign up for a free account at MiniMart. | Melden Sie sich für ein kostenloses Konto bei MiniMart.","enable_multiple_currencies":true,"currency_1_unit":"HUF","currency_2_unit":"EUR","currency_3_unit":"GBP","currency_4_unit":"USD","display_google_map":true,"google_map_code":"<iframe src='https:\/\/maps.google.com\/maps?f=q&amp;source=s_q&amp;hl=vi&amp;geocode=&amp;q=4+Nguy%E1%BB%85n+%C4%90%C3%ACnh+chi%E1%BB%83u,+%C4%90a+Kao,+Qu%E1%BA%ADn+1&amp;aq=&amp;sll=37.0625,-95.677068&amp;sspn=41.903538,86.572266&amp;ie=UTF8&amp;hq=&amp;hnear=4+Nguy%E1%BB%85n+%C4%90%C3%ACnh+Chi%E1%BB%83u,+%C4%90a+Kao,+Qu%E1%BA%ADn+1,+H%E1%BB%93+Ch%C3%AD+Minh,+Vi%E1%BB%87t+Nam&amp;t=m&amp;ll=10.797518,106.700377&amp;spn=0.014754,0.071197&amp;z=15&amp;iwloc=A&amp;output=embed' frameborder='0' marginwidth='0' marginheight='0' scrolling='no' width='100%'' height='350'><\/iframe>","contact_title":"Drop Us A Line | Schreiben Sie uns","contact_text_desc":"Comodous et accusamus et iusto odios un dignissimos ducimus qui blan ditiis prasixer esentium voluptatum un deleniti atqueste sites excep turiitate non providentsimils. Nemo enim ipsam voluptatem quia voluptas sit aspernatur aut odit aut fugit, consequunturser magni <strong>halothemes - premium shopify templates & themes<\/strong> sequi nesciunt lorem ipsum dolor sit amet isse potenti. Vesquam ante aliquet lacusemper loremous.","contact_your_name":"","contact_phone_number":"","contact_your_email":"","contact_your_comment":"","display_location":true,"location_code":"<h4>Please do get in touch!<\/h4><p class=\"line\"><\/p><p>We'd love to hear from you - please use the form to send us your message or ideas. Or simply pop in for a cup of fresh tea and a cookie:<\/p><p>8808 Ave Dermentum, Onsectetur Adipiscing<br>Tortor Sagittis, CA 880986,<br>United States<\/p><p>Email: stores@domain.com<br>Toll-free: (1800) 000 8808 - or (1800) 000 MiniMart<\/p>| <h4>Bitte kontaktieren Sie uns!<\/h4>\r\n<p class=\"line\"><\/p>\r\n<p>Wir würden uns freuen von Ihnen zu hören - nutzen Sie bitte das Formular aus, um uns Ihre Nachricht oder Ideen. Oder einfach nur Pop in eine Tasse frischen Tee und ein Cookie:<\/p>\r\n<p>8808 Ave Dermentum, Onsectetur Adipiscing<br>Tortor Sagittis, CA 880986,<br>United States<\/p><p>E-Mail: stores@domain.com<br>Toll-free: (1800) 000 8808<\/p>","enable_lazy_loading_pc":true,"enable_lazy_loading_mobile":false,"time_lazy_load":"150","checkout_use_header_image":false,"checkout_logo":"logo.png","checkout_logo_position":"left","checkout_logo_size":"medium","checkout_use_body_background_image":false,"checkout_body_background_color":"#fff","checkout_input_background_color_mode":"white","checkout_use_sidebar_background_image":false,"checkout_sidebar_background_color":"#fafafa","checkout_heading_font":"Open Sans","checkout_body_font":"Roboto","checkout_accent_color":"#000000","checkout_button_color":"#000000","checkout_error_color":"#ff6d6d","categories_items":"","show_featured_product_menu_4":false,"menu_featured_product_title_4":"","menu_featured_product_collection_4":"","show_megamenu_image_4":false,"megamenu_link_image_4":"","show_featured_product_menu_5":false,"menu_featured_product_title_5":"","menu_featured_product_collection_5":"","show_megamenu_image_5":false,"megamenu_link_image_5":"","show_featured_product_menu_6":false,"menu_featured_product_title_6":"","menu_featured_product_collection_6":"","show_megamenu_image_6":false,"megamenu_link_image_6":"","show_featured_product_menu_7":false,"menu_featured_product_title_7":"","menu_featured_product_collection_7":"","show_megamenu_image_7":false,"megamenu_link_image_7":"","show_featured_product_menu_8":false,"menu_featured_product_title_8":"","menu_featured_product_collection_8":"","show_megamenu_image_8":false,"megamenu_link_image_8":"","show_featured_product_menu_9":false,"menu_featured_product_title_9":"","menu_featured_product_collection_9":"","show_megamenu_image_9":false,"megamenu_link_image_9":"","show_featured_product_menu_10":false,"menu_featured_product_title_10":"","menu_featured_product_collection_10":"","show_megamenu_image_10":false,"megamenu_link_image_10":"","show_style_3_section_4_megamenu_image_3":true,"style_3_section_4_megamenu_link_image_3":"","show_style_3_megamenu_image_3":true,"style_3_megamenu_link_image_3":"","style_3_section_3_megamenu_link_image_3":"","style_3_section_3_megamenu_text_content_3":"Lorem ipsum dolor sit amet, consectetur adipiscing elit. Praesent vitae consequat ligula, vel pulvinar eros. In dan durna eget magna pretium ultrices. Suspendisse potenti. Cras elementum posuere placerat an donec sagittis bibendum enim in cursus nibhos.","menu_featured_product_list_collection_1":"","menu_link_image_1":"","menu_featured_product_list_collection_2":"","menu_link_image_2":"","menu_featured_product_list_collection_3":"","menu_link_image_3":"","menu_featured_product_list_collection_4":"","menu_link_image_4":"","menu_featured_product_list_collection_5":"","menu_link_image_5":"","menu_featured_product_list_collection_6":"","menu_link_image_6":"","menu_featured_product_list_collection_7":"","menu_link_image_7":"","menu_featured_product_list_collection_8":"","menu_link_image_8":"","menu_featured_product_list_collection_9":"","menu_link_image_9":"","menu_featured_product_list_collection_10":"","menu_link_image_10":"","display_lb_slideshow":true,"lb_slideshow_speed":"5000","lb_slideshow_transition":"fade","display_lb_slideshow_1":true,"lb_image_1_link":"","lb_image_1_alt":"Cosmopolis","lb_text_sample_1":"The","lb_text_sample_color_1":"#000000","lb_text_sample_size_1":"13","lb_slide_heading_1":"Cosmopolis","lb_slide_heading_color_1":"#000000","lb_slide_heading_size_1":"40","lb_slide_text_1":"Aenean pulvinar vulputate enim et tempus","lb_slide_text_color_1":"#000000","lb_slide_text_size_1":"14","display_lb_slideshow_2":true,"lb_image_2_link":"","lb_image_2_alt":"","lb_text_sample_2":"The","lb_text_sample_color_2":"#000000","lb_text_sample_size_2":"13","lb_slide_heading_2":"Lorem Mauris","lb_slide_heading_color_2":"#000000","lb_slide_heading_size_2":"40","lb_slide_text_2":"Pellentesque dignissim aliquet nisi non semper cosmo.","lb_slide_text_color_2":"#000000","lb_slide_text_size_2":"14","display_lb_slideshow_3":true,"lb_image_3_link":"","lb_image_3_alt":"","lb_text_sample_3":"Milancelos","lb_text_sample_color_3":"#000000","lb_text_sample_size_3":"13","lb_slide_heading_3":"Cursus Ornare","lb_slide_heading_color_3":"#000000","lb_slide_heading_size_3":"40","lb_slide_text_3":"Vivamus sed varius lectus deu bibendum metus","lb_slide_text_color_3":"#000000","lb_slide_text_size_3":"14","display_lb_slideshow_4":false,"lb_image_4_link":"","lb_image_4_alt":"","lb_text_sample_4":"","lb_text_sample_color_4":"#000000","lb_text_sample_size_4":"13","lb_slide_heading_4":"","lb_slide_heading_color_4":"#000000","lb_slide_heading_size_4":"40","lb_slide_text_4":"","lb_slide_text_color_4":"#000000","lb_slide_text_size_4":"14","display_lb_slideshow_5":false,"lb_image_5_link":"","lb_image_5_alt":"","lb_text_sample_5":"","lb_text_sample_color_5":"#000000","lb_text_sample_size_5":"13","lb_slide_heading_5":"","lb_slide_heading_color_5":"#000000","lb_slide_heading_size_5":"40","lb_slide_text_5":"","lb_slide_text_color_5":"#000000","lb_slide_text_size_5":"14","display_lb_slideshow_6":false,"lb_image_6_link":"","lb_image_6_alt":"","lb_text_sample_6":"","lb_text_sample_color_6":"#000000","lb_text_sample_size_6":"13","lb_slide_heading_6":"","lb_slide_heading_color_6":"#000000","lb_slide_heading_size_6":"40","lb_slide_text_6":"","lb_slide_text_color_6":"#000000","lb_slide_text_size_6":"14","display_lb_slideshow_7":false,"lb_image_7_link":"","lb_image_7_alt":"","lb_text_sample_7":"","lb_text_sample_color_7":"#000000","lb_text_sample_size_7":"13","lb_slide_heading_7":"","lb_slide_heading_color_7":"#000000","lb_slide_heading_size_7":"40","lb_slide_text_7":"","lb_slide_text_color_7":"#000000","lb_slide_text_size_7":"14","display_lb_slideshow_8":false,"lb_image_8_link":"","lb_image_8_alt":"","lb_text_sample_8":"","lb_text_sample_color_8":"#000000","lb_text_sample_size_8":"13","lb_slide_heading_8":"","lb_slide_heading_color_8":"#000000","lb_slide_heading_size_8":"40","lb_slide_text_8":"","lb_slide_text_color_8":"#000000","lb_slide_text_size_8":"14","display_lb_slideshow_9":false,"lb_image_9_link":"","lb_image_9_alt":"","lb_text_sample_9":"","lb_text_sample_color_9":"#000000","lb_text_sample_size_9":"13","lb_slide_heading_9":"","lb_slide_heading_color_9":"#000000","lb_slide_heading_size_9":"40","lb_slide_text_9":"","lb_slide_text_color_9":"#000000","lb_slide_text_size_9":"14","display_lb_slideshow_10":false,"lb_image_10_link":"","lb_image_10_alt":"","lb_text_sample_10":"","lb_text_sample_color_10":"#000000","lb_text_sample_size_10":"13","lb_slide_heading_10":"","lb_slide_heading_color_10":"#000000","lb_slide_heading_size_10":"40","lb_slide_text_10":"","lb_slide_text_color_10":"#000000","lb_slide_text_size_10":"14","display_lb_social":true,"lb_social_link_1":"http:\/\/facebook.com\/shopify","lb_social_link_2":"https:\/\/plus.google.com\/+shopify","lb_social_link_3":"http:\/\/www.twitter.com\/shopify","lb_social_link_4":"http:\/\/instagram.com\/shopify","display_lb_button":true,"lb_button_text":"Kaufen Sie es | Shop it","lb_button_link":"#","display_header_text_order":true,"header_text_order":"Order online or call us (1800) 000 8808 | Bestellen Sie online oder rufen Sie uns an (1800) 000 8808","header_text_order_text_color":"#141414","bg_search_color":"#fafafa","three_block_banner_color":"#ffffff","three_block_banner_size":"13","display_banner_text_1":"1","three_block_banner_text_1":"Editor’s Pick | Unser Tip","three_block_banner_color_1":"#ffffff","three_block_banner_size_1":"13","display_banner_text_2":"1","three_block_banner_text_2":"Shoes | Schuhe","three_block_banner_color_2":"#000000","three_block_banner_size_2":"13","display_banner_text_3":"1","three_block_banner_text_3":"Accessories | Zubehör","three_block_banner_color_3":"#ffffff","three_block_banner_size_3":"13","display_banner":true,"banner_text_title":"Milancelos","banner_text_title_color":"#000000","banner_text_description":"Pellentesque posuere orci lobortis scelerisque blandit. Donec id tellus lacinia an, tincidunt risus ac, consequat velit. Quisquemos sodales suscipit tortor ditaemcos condimentum lacus meleifend menean viverra auctor blanditos comodous.","banner_text_description_color":"#2d2d2d","banner_button_text":"Shop The Collection | Unsere Kollektion","banner_button_link":"\/collections\/","show_slider_trending":true,"show_slider_trending_collection":"the-books-collection","slider_trending_title":"Books | Jetzt Trending","slider_trending_limit_all":"5","trending_collection_results_per_row":"5","show_instagram":true,"instagram_bg_color":"#fff8ee","instagram_title":"#Ella On Instagram | #Ella Auf Instagram","instagram_des":"Phasellus lorem malesuada ligula pulvinar commodo maecenas suscipit auctom.","display_instagram_button":true,"instagram_button_text":"View Gallery | Ansicht-Galerie","instagram_button_link":"http:\/\/instagram.com\/shopify","instagram_get":"user","client-id":"c6e4c736e82345a3898a0e299daa00fb","instagram_tag":"","instagram_locationId":"","user-id":"1599696966","accessToken":"1599696966.1677ed0.d8e0b901804b4f14ac17fd985681098e","limit":"10","images_per_row":"5","resolution_images":"low_resolution","fb_like_code":"<div id=\"fb-root\"><\/div>\r\n<script>(function(d, s, id) {\r\n  var js, fjs = d.getElementsByTagName(s)[0];\r\n  if (d.getElementById(id)) return;\r\n  js = d.createElement(s); js.id = id;\r\n  js.src = \"\/\/connect.facebook.net\/en_US\/sdk.js#xfbml=1&version=v2.0\";\r\n  fjs.parentNode.insertBefore(js, fjs);\r\n}(document, 'script', 'facebook-jssdk'));<\/script>\r\n\r\n<div class=\"fb-like\" data-href=\"https:\/\/www.facebook.com\/pages\/Halothemes-Premium-Magento-Themes\/469058089834105\" data-layout=\"button_count\" data-action=\"like\" data-show-faces=\"false\" data-share=\"true\"><\/div>","checkout_banner_background_color":"#ffffff","checkout_headline":"","checkout_call_to_action_color":"#000000","customer_layout":"theme","search_placeholder":"Suche | search","product_list_infinite_scrolling_text":"Mehr anzeigen | Show More","product_list_no_more_product_text":"Keine weiteren Produkt | No More Product","menu_link_image":"\/collections","menu_featured_product_title":"Featured Products","text_refined_by":"Eingeschränkt nach | Refined By","collection_infinite_scrolling_text":"Mehr anzeigen | Show More","collection_infinite_scrolling_no_more_product_text":"Keine weiteren Produkt | No More Product","show_featured_product_menu":true,"menu_featured_product_list_collection":"top-brands","tag-name":"","using_parallax":"true","facebook_link":"http:\/\/facebook.com\/shopify","twitter_link":"http:\/\/twitter.com\/shopify","google_link":"http:\/\/twitter.com\/shopify","instagram_link":"http:\/\/twitter.com\/shopify","rss_link":"http:\/\/twitter.com\/shopify","share_email_title":"Email","share_email_link":"mailto:support@halothemes.com","share_fb_title":"Share Facebook","share_fb_link":"#","share_tw_title":"Twitter","share_tw_link":"#","share_pin_title":"Pinterest","share_pin_link":"#","share_google_title":"Google+","share_google_link":"#","share_ins_title":"Instagram","share_ins_link":"#","display_new":"true","display_icon_new":"true","product_item_no_hover":"false","contact_field_code":"<h2>Drop Us A Line<\/h2>\r\n            <label for=\"contactFormName\">Your Name<\/label>\r\n            <input type=\"text\" id=\"contactFormName\" name=\"contact[name]\" placeholder=\"Your Name\" autocapitalize=\"words\">\r\n                     \r\n  \r\n            <label for=\"contactFormEmail\">Email<em>*<\/em><\/label>\r\n            <input type=\"email\" name=\"contact[email]\" placeholder=\"you@email.com\" id=\"contactFormEmail\" autocorrect=\"off\" autocapitalize=\"off\">\r\n  \r\n            <label for=\"contactFormPhone\">Phone Number<\/label>\r\n            <input type=\"tel\" name=\"contact[phone]\" id=\"contactFormPhone\" placeholder=\"Phone Number\" pattern=\"[0-9]*\">\r\n  \r\n            <label for=\"contactFormMessage\">Your Comment <em>*<\/em><\/label>\r\n            <textarea rows=\"10\" name=\"contact[body]\" placeholder=\"Your Message\" id=\"contactFormMessage\"><\/textarea>\r\n  \r\n            <input type=\"submit\" class=\"btn left\" value=\"Submit Contact\">","display_two_banner_bottom":"true","two_banner_bottom_title_color":"#ffffff","two_banner_bottom_title_size":"32","two_banner_bottom_description_color":"#ffffff","two_banner_bottom_description_size":"14","two_banner_bottom_title_1":"bags &amp; Purses","two_banner_bottom_title_color_1":"#ffffff","two_banner_bottom_title_size_1":"32","two_banner_bottom_description_1":"Cras porta purus eu gravida facilisis. Donec blandit ligula eu neque dapibus at eleifend nunc sagittis","two_banner_bottom_description_color_1":"#ffffff","two_banner_bottom_description_size_1":"14","two_banner_bottom_button_text_1":"Browse the Feature","two_banner_bottom_link_1":"http:\/\/www.shopify.com\/","two_banner_bottom_title_2":"Look of the day","two_banner_bottom_title_color_2":"#ffffff","two_banner_bottom_title_size_2":"32","two_banner_bottom_description_2":"Cras porta purus eu gravida facilisis. Donec blandit ligula eu neque dapibus at eleifend nunc sagittis","two_banner_bottom_description_color_2":"#ffffff","two_banner_bottom_description_size_2":"14","two_banner_bottom_button_text_2":"Browse the Feature","two_banner_bottom_link_2":"http:\/\/www.shopify.com\/","menu_instagram_link":"http:\/\/instagram.com\/shopify","display_aboutus_home":"true","aboutus_home_text_title":"Avenue De Boutique","aboutus_home_text_title_color":"#404e53","aboutus_home_text_description":"Phasellus fringilla malesuada ligula pulvinar commodo maecenas suscipit auctor sodales an comodous. Divamus consectetur nisl vel ante consectetur sodales. Class aptent tacitis litora torquent lorem an conubia der inceptos himenaeos. Avenue - Responsive Online Fashion Store for Shopify.","aboutus_home_text_description_color":"#404e53","aboutus_border_color":"#c4cdcd","aboutus_border_style":"solid","footer_address_color":"#5d9494","instagram_link_footer":"http:\/\/instagram.com\/shopify","display_footer_column_1_link_1":"true","footer_column_1_text_1":"About Us","footer_column_1_link_1":"\/pages\/about-us","display_footer_column_1_link_2":"true","footer_column_1_text_2":"Avenue Blog","footer_column_1_link_2":"\/blogs\/blog","display_footer_column_1_link_3":"true","footer_column_1_text_3":"Partners","footer_column_1_link_3":"http:\/\/twitter.com\/shopify","display_footer_column_1_link_4":"true","footer_column_1_text_4":"Press Release","footer_column_1_link_4":"http:\/\/twitter.com\/shopify","display_footer_column_1_link_5":"false","footer_column_1_text_5":"","footer_column_1_link_5":"","display_footer_column_1_link_6":"false","footer_column_1_text_6":"","footer_column_1_link_6":"","display_footer_column_2_link_1":"true","footer_column_2_text_1":"Contact Us","footer_column_2_link_1":"\/pages\/contact-us","display_footer_column_2_link_2":"true","footer_column_2_text_2":"Help & FAQs","footer_column_2_link_2":"http:\/\/twitter.com\/shopify","display_footer_column_2_link_3":"true","footer_column_2_text_3":"Shipping Info & Returns","footer_column_2_link_3":"http:\/\/twitter.com\/shopify","display_footer_column_2_link_4":"true","footer_column_2_text_4":"Consultant","footer_column_2_link_4":"http:\/\/twitter.com\/shopify","display_footer_column_2_link_5":"false","footer_column_2_text_5":"","footer_column_2_link_5":"","display_footer_column_2_link_6":"false","footer_column_2_text_6":"","footer_column_2_link_6":"","display_footer_column_3_link_1":"true","footer_column_3_text_1":"Cookies","footer_column_3_link_1":"http:\/\/twitter.com\/shopify","display_footer_column_3_link_2":"true","footer_column_3_text_2":"Terms & Conditions","footer_column_3_link_2":"http:\/\/twitter.com\/shopify","footer_column_3_text_3":"Returns Policy","footer_column_3_link_3":"http:\/\/twitter.com\/shopify","display_footer_column_3_link_4":"true","footer_column_3_text_4":"Other Information","footer_column_3_link_4":"http:\/\/twitter.com\/shopify","display_footer_column_3_link_5":"false","footer_column_3_text_5":"","footer_column_3_link_5":"","display_footer_column_3_link_6":"false","footer_column_3_text_6":"","footer_column_3_link_6":"","payment_methods_accepted_text":"","payment_text_color":"","display_text_free_shipping":"1","free_shipping_text":"Free Shipping Worldwide. No Minimum Ourchase required.","cart_text_color":"#66787f","cart_text_color_hover":"#090939","nav_border_style":"solid","nav_border_color":"#d2d8db","nav_border_top_color":"#00a6ff","nav_border_bottom_color":"#ff0000","height":"","display_product_detail_tab":"false","enable_lazy_loading":"true","infinite_scrolling_text":"Show More","infinite_scrolling":"true","use_logo":"true","enable_opengraph":"false","enable_twittercards":"false","footer_display_contact":"true","footer_contact_title":"Contact Us","footer_display_social":"true","ajax_cart_method":"Drawer","currency_format":"money_format","show_multiple_currencies":"true","twittercard_handle":"","blog_tag_background_color":"","blog_tag_background_hover_color":"","blog_tag_font_color":"","blog_tag_font_hover_color":"","display_blog_tags":"true","text_color":"#333333","link_color":"#333333","menu_color":"#333333","menu_bg_color":"#000000","footer_heading_color":"#e2e2e2","special_color":"#cc003e","second_special_color":"#ff2d6d","selection_color":"#cc003e","image_overlay_color":"#cc003e","product_display_related":"true","collection_sale_sticker_color":"","collection_display_browse?":"false","collection_display_vendor?":"false","collection_display_price?":"false","collection_display_sale?":"false","hide_view_collection_link":"false","display_feature_prouduct_home_page":"true","slide-des_1_slide-heading":"abc","slider_auto_advance":"5000","slider_item_1_link":"","slider_item_1_title":"","slider_item_2_link":"","slider_item_2_title":"","slider_item_3_link":"","slider_item_3_title":"","slider_item_4_link":"","slider_item_4_title":"","slider_item_5_link":"","slider_item_5_title":"","slider_item_6_link":"","slider_item_6_title":"","slider_item_1_text":"","slider_item_2_text":"","slider_item_3_text":"","slider_item_4_text":"","slider_item_5_text":"","slider_item_6_text":"","show_homepage_slider":"true","show_slider_item_1":"true","show_slider_item_2":"true","show_slider_item_3":"false","show_slider_item_4":"false","show_slider_item_5":"false","show_slider_item_6":"false","display_blog_dropdown":"true","display_collection_dropdown":"false","display_nav_search":"false","nav_link_color":"#333333","nav_link_hover_color":"#ffffff","selected_nav_link_color":"#ffffff","nav_becomes_fixed":"false","footer_contact_text":"","bg_x_position":"0","bg_y_position":"0","bg_color":"#ffffff","bg_repeat":"repeat","bg_overlay_color":"#0ef56b","show_bg_overlay":"true","bg_x_pos":"0","bg_y_pos":"0","supported_currencies":"AUD EUR GBP USD JPY BHD","product_related_title":"Related products","featured_products":"frontpage","display_footer_column_3_link_3":"true","border_color_product_item":"#ff0000","product_item_border":"true","product_main_height":"500"},"presets":{"Default":{"enable_retina":true,"brand_type":"image","brand_text":"","min_height_logo":"53","bg_header_top_color":"#ffe8e8","show_header_search":true,"search_placeholder":"search","display_header_text_order":true,"header_text_order":"Order online or call us (1800) 000 8808","header_text_order_text_color":"#141414","dropdowncart_type":"hover","bg_footer_img":"none","bg_footer_color":"#141414","bg_footer_position_x":"left","bg_footer_position_y":"top","bg_footer_repeat":"no-repeat","bg_footer_attachment":"scroll","footer_column_1_title":"Shops","footer_column_2_title":"Information","footer_column_3_title":"Customer Service","display_social":true,"footer_column_4_title":"Stay Connected","footer_social_link_1":"http:\/\/facebook.com\/shopify","footer_social_link_2":"http:\/\/twitter.com\/shopify","footer_social_link_3":"http:\/\/twitter.com\/shopify","footer_social_link_4":"http:\/\/twitter.com\/shopify","footer_social_link_5":"http:\/\/twitter.com\/shopify","footer_display_newsletter":true,"footer_newsletter_title":"Newsletter Sign Up","mailing_list_form_action":"\/\/halothemes.us3.list-manage.com\/subscribe\/post?u=0bf85dc81d846feb53a235178&amp;id=89ea28643a","display_footer_address":true,"footer_address_code":"© 2014 ELLA Fashion Store Shopify. All Rights Reserved. Ecommerce Software by Shopify.<br>Designed by <a href=\"http:\/\/halothemes.com\/\" title='HaloThemes.com'>HaloThemes.com<\/a>.","bg_body_img":"none","bg_body_position_x":"left","bg_body_position_y":"top","bg_body_repeat":"repeat","bg_body_attachment":"scroll","display_breadcrumb":true,"breadcrumb_text_transform":"lowercase","display_megamenu":true,"menu_link_image":"\/collections","show_featured_product_menu":true,"menu_featured_product_title":"Featured Products","nav_bg_color":"#141414","show_dropdown_arrow":true,"nav_dropdown_border_style":"solid","nav_dropdown_border_color":"#c5cacb","nav_dropdown_bg_color":"#ffffff","second_button_border_color":"#7d7d7d","second_button_text_color":"#000000","display_three_block_banner":true,"three_block_banner_color":"#ffffff","three_block_banner_size":"13","display_banner_text_1":true,"three_block_banner_text_1":"Editor’s Pick","three_block_banner_link_1":"http:\/\/www.shopify.com\/","three_block_banner_color_1":"#ffffff","three_block_banner_size_1":"13","display_banner_text_2":true,"three_block_banner_text_2":"Shoes","three_block_banner_link_2":"http:\/\/www.shopify.com\/","three_block_banner_color_2":"#000000","three_block_banner_size_2":"13","display_banner_text_3":true,"three_block_banner_text_3":"Accessories","three_block_banner_link_3":"http:\/\/www.shopify.com\/","three_block_banner_color_3":"#ffffff","three_block_banner_size_3":"13","display_infinite_scrolling_homepage":true,"product_list_infinite_scrolling_text":"Show More","product_list_no_more_product_text":"No More Product","display_banner":true,"banner_text_title":"Milancelos","banner_text_title_color":"#000000","banner_text_description":"Pellentesque posuere orci lobortis scelerisque blandit. Donec id tellus lacinia an, tincidunt risus ac, consequat velit. Quisquemos sodales suscipit tortor ditaemcos condimentum lacus meleifend menean viverra auctor blanditos comodous.","banner_text_description_color":"#2d2d2d","banner_button_text":"Shop The Collection","show_slider_trending":true,"slider_trending_title":"Trending Now","slider_trending_limit_all":"10","trending_collection_results_per_row":"5","display_three_banner_bottom":true,"banner_home_bottom_title":"#Featured On Ella","three_banner_bottom_title_1":"Lorem Et Dorus","three_banner_bottom_description_1":"Nullam aliquet vestibulum augue non varius. Cras nec congue elitos. Duis tristique del ante nec aliquam. Praesent urna tellus laoreet an tellus ullamcorper fermentum facilisis eratum.","three_banner_bottom_button_text_1":"Shop Now","three_banner_bottom_link_1":"\/collections","three_banner_bottom_title_2":"Milancelos A Lanos","three_banner_bottom_description_2":"Nullam aliquet vestibulum augue non varius. Cras nec congue elitos. Duis tristique del ante nec aliquam. Praesent urna tellus laoreet an tellus ullamcorper fermentum facilisis eratum.","three_banner_bottom_button_text_2":"Shop Now","three_banner_bottom_link_2":"\/collections","three_banner_bottom_title_3":"Comos De Milano","three_banner_bottom_description_3":"Nullam aliquet vestibulum augue non varius. Cras nec congue elitos. Duis tristique del ante nec aliquam. Praesent urna tellus laoreet an tellus ullamcorper fermentum facilisis eratum.","three_banner_bottom_button_text_3":"Shop Now","three_banner_bottom_link_3":"\/collections","display_brands_slider":true,"brands_slider_image_1_title":"Loremous","brands_slider_image_1_link":"http:\/\/twitter.com\/shopify","brands_slider_image_2_title":"Isabella","brands_slider_image_2_link":"http:\/\/twitter.com\/shopify","brands_slider_image_3_title":"Magcor","brands_slider_image_3_link":"http:\/\/twitter.com\/shopify","brands_slider_image_4_title":"Fermends","brands_slider_image_4_link":"http:\/\/twitter.com\/shopify","brands_slider_image_5_title":"Conseqaur","brands_slider_image_5_link":"http:\/\/twitter.com\/shopify","brands_slider_image_6_title":"Loremous","brands_slider_image_6_link":"http:\/\/twitter.com\/shopify","brands_slider_image_7_title":"Isabella","brands_slider_image_7_link":"http:\/\/twitter.com\/shopify","brands_slider_image_8_title":"Magcor","brands_slider_image_8_link":"http:\/\/twitter.com\/shopify","brands_slider_image_9_title":"Fermends","brands_slider_image_9_link":"http:\/\/twitter.com\/shopify","brands_slider_image_10_title":"Conseqaur","brands_slider_image_10_link":"http:\/\/twitter.com\/shopify","show_instagram":true,"instagram_title":"#Ella On Instagram","instagram_des":"Phasellus lorem malesuada ligula pulvinar commodo maecenas suscipit auctom.","display_instagram_button":true,"instagram_button_text":"View Gallery","tag-name":"nycbicycle","client-id":"bf36974dab61492aa26bd3ea2c92cefe","limit":"10","display_slideshow":true,"slideshow_speed":"5000","slideshow_transition":"fade","slide_heading_color":"#000000","slide_heading_size":"40","slide_text_color":"#ffffff","slide_text_size":"12","display_slideshow_1":true,"image_1_link":"http:\/\/twitter.com\/shopify","image_1_alt":"Lorem a Cosmo","slide-heading_1":"Lorem a Cosmo","slide_heading_color_1":"#000000","slide_heading_size_1":"40","slide-text_1":"Pellentesque posuere orci lobortis scelerisque blandit. Donec id tellus lacinia an, tincidunt risus ac, consequat velit. Quisquemos sodales suscipit tortor ditaemcos condimentum lacus meleifend menean viverra auctor blanditos comodous.","slide_text_color_1":"#2d2d2d","slide_text_size_1":"12","button-text_1":"Shop The Collection","display_slideshow_2":true,"image_2_link":"http:\/\/twitter.com\/shopify","image_2_alt":"","slide-heading_2":"","slide_heading_color_2":"#ffffff","slide_heading_size_2":"50","slide-text_2":"","slide_text_color_2":"#ffffff","slide_text_size_2":"11","button-text_2":"Shop Now","display_slideshow_3":true,"image_3_link":"http:\/\/twitter.com\/shopify","image_3_alt":"Loremous","slide-heading_3":"Loremous","slide_heading_color_3":"#000000","slide_heading_size_3":"40","slide-text_3":"Pellentesque posuere orci lobortis scelerisque blandit. Donec id tellus lacinia an, tincidunt risus ac, consequat velit. Quisquemos sodales suscipit tortor ditaemcos condimentum lacus meleifend menean viverra auctor blanditos comodous.","slide_text_color_3":"#2d2d2d","slide_text_size_3":"12","button-text_3":"Shop The Collection","display_slideshow_4":false,"image_4_link":"","image_4_alt":"","slide-heading_4":"","slide_heading_color_4":"#ffffff","slide_heading_size_4":"64","slide-text_4":"","slide_text_color_4":"#ffffff","slide_text_size_4":"14","button-text_4":"","display_slideshow_5":false,"image_5_link":"","image_5_alt":"","slide-heading_5":"","slide_heading_color_5":"#ffffff","slide_heading_size_5":"64","slide-text_5":"","slide_text_color_5":"#ffffff","slide_text_size_5":"14","button-text_5":"","display_slideshow_6":false,"image_6_link":"","image_6_alt":"","slide-heading_6":"","slide_heading_color_6":"#ffffff","slide_heading_size_6":"64","slide-text_6":"","slide_text_color_6":"#ffffff","slide_text_size_6":"14","button-text_6":"","display_slideshow_7":false,"image_7_link":"","image_7_alt":"","slide-heading_7":"","slide_heading_color_7":"#ffffff","slide_heading_size_7":"64","slide-text_7":"","slide_text_color_7":"#ffffff","slide_text_size_7":"14","button-text_7":"","display_slideshow_8":false,"image_8_link":"","image_8_alt":"","slide-heading_8":"","slide_heading_color_8":"#ffffff","slide_heading_size_8":"64","slide-text_8":"","slide_text_color_8":"#ffffff","slide_text_size_8":"14","button-text_8":"","display_slideshow_9":false,"image_9_link":"","image_9_alt":"","slide-heading_9":"","slide_heading_color_9":"#ffffff","slide_heading_size_9":"64","slide-text_9":"","slide_text_color_9":"#ffffff","slide_text_size_9":"14","button-text_9":"","display_slideshow_10":false,"image_10_link":"","image_10_alt":"","slide-heading_10":"","slide_heading_color_10":"#ffffff","slide_heading_size_10":"64","slide-text_10":"","slide_text_color_10":"#ffffff","slide_text_size_10":"14","button-text_10":"","display_popup_newsletter":true,"popup_newsletter_title":"Join Our Mailing List","popup_newsletter_sub_title":"Pellentesque de fermentum mollis comodous an loremous","popup_newsletter_message":"Sign Up for exclusive updates, new arrivals <br>and insider-only discounts","display_popup_social":true,"display_popup_social_1":true,"popup_social_1_link":"http:\/\/www.facebook.com\/Shopify","display_popup_social_2":true,"popup_social_2_link":"http:\/\/www.twitter.com\/shopify","display_popup_social_3":true,"popup_social_3_link":"https:\/\/plus.google.com\/+shopify","display_popup_social_4":true,"popup_social_4_link":"http:\/\/instagram.com\/shopify","display_popup_social_5":true,"popup_social_5_link":"http:\/\/instagram.com\/shopify","display_popup_social_6":true,"popup_social_6_link":"http:\/\/instagram.com\/shopify","display_sidebar_categories":true,"sidebar_categories_title":"Categories","enable_shop_by_tags_1":true,"shop_by_tags_1_title":"Color","shop_by_color_text_1":"Beige","shop_by_color_text_2":"Red","shop_by_color_text_3":"White","shop_by_color_text_4":"Pink","shop_by_color_text_5":"Silver","shop_by_color_text_6":"Blue","shop_by_color_text_7":"Gray","shop_by_color_text_8":"Black","shop_by_color_text_9":"Green","shop_by_color_text_10":"","enable_shop_by_tags_2":true,"shop_by_tags_2_title":"Size","shop_by_tags_2_list_tags":"XS, S, M, L, XL","enable_shop_by_tags_3":true,"shop_by_tags_3_title":"Price","shop_by_tags_3_list_tags":"Under $100, $100 - $200, Above $200","enable_shop_by_tags_4":true,"shop_by_tags_4_title":"Brand","shop_by_tags_4_list_tags":"Chanel, Dior, Gap","show_featured_product":true,"featured_product_title":"Featured Products","featured_product_limit_all":"8","display_banner_sidebar":true,"banner_sidebar_link":"#","display_sidebar_custom":true,"custom_cms_title":"Custom CMS Block","custom_cms_text":"<p>Custom CMS block displayed at the left sidebar on the Catalog Page. Put your own content here: text, html, images, media... whatever you like.<\/p><p>There are many similar sample content placeholders across the store. All editable from admin panel.<\/p>","enable_wishlist":true,"product_image_border":false,"product_image_crop":true,"product_image_ratio_width":"1","product_image_ratio_height":"1.35","collection_results_per_page":"12","collection_results_per_row":"4","collection_infinite_scrolling":false,"collection_infinite_scrolling_text":"Show More","collection_infinite_scrolling_no_more_product_text":"No more product","style_moreview":"horizontal","display_prev_next_product":true,"display_availability":true,"display_product_type":true,"display_vendor":true,"use_color_swatch":true,"display_subtotal":true,"display_product_detail_description":true,"product_description_title":"Product Description","display_custom_tab":true,"custom_tab_title":"Shipping & Returns","custom_tab_content":"<h4>Returns Policy<\/h4><p>You may return most new, unopened items within 30 days of delivery for a full refund. We'll also pay the return shipping costs if the return is a result of our error (you received an incorrect or defective item, etc.).<\/p><p>You should expect to receive your refund within four weeks of giving your package to the return shipper, however, in many cases you will receive a refund more quickly. This time period includes the transit time for us to receive your return from the shipper (5 to 10 business days), the time it takes us to process your return once we receive it (3 to 5 business days), and the time it takes your bank to process our refund request (5 to 10 business days).<\/p><p>If you need to return an item, simply login to your account, view the order using the 'Complete Orders' link under the My Account menu and click the Return Item(s) button. We'll notify you via e-mail of your refund once we've received and processed the returned item.<\/p><h4>Shipping<\/h4><p>We can ship to virtually any address in the world. Note that there are restrictions on some products, and some products cannot be shipped to international destinations.<\/p><p>When you place an order, we will estimate shipping and delivery dates for you based on the availability of your items and the shipping options you choose. Depending on the shipping provider you choose, shipping date estimates may appear on the shipping quotes page.<\/p><p>Please also note that the shipping rates for many items we sell are weight-based. The weight of any such item can be found on its detail page. To reflect the policies of the shipping companies we use, all weights will be rounded up to the next full pound.<\/p>","display_product_reviews":true,"product_review_title":"Customer Reviews","display_related_products":true,"related_products_title":"Related Products","number_of_related_products":"8","related_products_type":"tags","display_recently_viewed_products":true,"recently_viewed_products_title":"Recently Viewed Products","number_of_recently_viewed_products":"8","enable_quick_view":true,"display_quickview_availability":true,"display_quickview_product_type":true,"display_quickview_vendor":true,"display_quickview_subtotal":true,"cart_notes":true,"ajax_cart":true,"show_shipping_calculator":true,"shipping_calculator_heading":"Get shipping estimates","shipping_calculator_default_country":"United States","shipping_calculator_submit_button_label":"Calculate Shipping","shipping_calculator_submit_button_label_disabled":"Calculating...","enable_multiple_currencies":true,"currency_1_unit":"AUD","currency_2_unit":"EUR","currency_3_unit":"GBP","currency_4_unit":"USD","display_google_map":true,"google_map_code":"<iframe src='https:\/\/maps.google.com\/maps?f=q&amp;source=s_q&amp;hl=vi&amp;geocode=&amp;q=4+Nguy%E1%BB%85n+%C4%90%C3%ACnh+chi%E1%BB%83u,+%C4%90a+Kao,+Qu%E1%BA%ADn+1&amp;aq=&amp;sll=37.0625,-95.677068&amp;sspn=41.903538,86.572266&amp;ie=UTF8&amp;hq=&amp;hnear=4+Nguy%E1%BB%85n+%C4%90%C3%ACnh+Chi%E1%BB%83u,+%C4%90a+Kao,+Qu%E1%BA%ADn+1,+H%E1%BB%93+Ch%C3%AD+Minh,+Vi%E1%BB%87t+Nam&amp;t=m&amp;ll=10.797518,106.700377&amp;spn=0.014754,0.071197&amp;z=15&amp;iwloc=A&amp;output=embed' frameborder='0' marginwidth='0' marginheight='0' scrolling='no' width='100%'' height='350'><\/iframe>","contact_your_name":"","contact_phone_number":"","contact_your_email":"","contact_your_comment":"","display_location":true,"location_code":"<h4>Please do get in touch!<\/h4><p class=\"line\"><\/p><p>We'd love to hear from you - please use the form to send us your message or ideas. Or simply pop in for a cup of fresh tea and a cookie:<\/p><p>8808 Ave Dermentum, Onsectetur Adipiscing<br>Tortor Sagittis, CA 880986,<br>United States<\/p><p>9087S Divamus Faucibus Str., <br> City name,<br> Postal Code,<br>CA 90896 <br>United States<\/p><p>Email: stores@domain.com<br>Toll-free: (1800) 000 8808<\/p><p class=\"open-hours\">Opening Hours:<br>Monday to Saturday: 9am - 10pm<br>Sundays: 10am - 6pm<\/p>","enable_lazy_loading_pc":true,"enable_lazy_loading_mobile":false,"font_1":"google_fonts","font_2":"google_fonts","font_3":"google_fonts","checkout_use_header_image":true,"checkout_banner_background_color":"#ffffff","checkout_logo":"checkout_logo.png","checkout_headline":"","checkout_accent_color":"#2d2d2d","checkout_button_color":"#000000","checkout_call_to_action_color":"#000000","customer_layout":"theme","facebook_link":"http:\/\/facebook.com\/shopify","twitter_link":"http:\/\/twitter.com\/shopify","google_link":"http:\/\/twitter.com\/shopify","instagram_link":"http:\/\/twitter.com\/shopify","rss_link":"http:\/\/twitter.com\/shopify","share_email_title":"Email","share_email_link":"mailto:support@halothemes.com","share_fb_title":"Share Facebook","share_fb_link":"#","share_tw_title":"Twitter","share_tw_link":"#","share_pin_title":"Pinterest","share_pin_link":"#","share_google_title":"Google+","share_google_link":"#","share_ins_title":"Instagram","share_ins_link":"#","display_new":"true","display_icon_new":"true","product_item_no_hover":"false","contact_field_code":"<h2>Drop Us A Line<\/h2>\r\n            <label for=\"contactFormName\">Your Name<\/label>\r\n            <input type=\"text\" id=\"contactFormName\" name=\"contact[name]\" placeholder=\"Your Name\" autocapitalize=\"words\">\r\n                     \r\n  \r\n            <label for=\"contactFormEmail\">Email<em>*<\/em><\/label>\r\n            <input type=\"email\" name=\"contact[email]\" placeholder=\"you@email.com\" id=\"contactFormEmail\" autocorrect=\"off\" autocapitalize=\"off\">\r\n  \r\n            <label for=\"contactFormPhone\">Phone Number<\/label>\r\n            <input type=\"tel\" name=\"contact[phone]\" id=\"contactFormPhone\" placeholder=\"Phone Number\" pattern=\"[0-9]*\">\r\n  \r\n            <label for=\"contactFormMessage\">Your Comment <em>*<\/em><\/label>\r\n            <textarea rows=\"10\" name=\"contact[body]\" placeholder=\"Your Message\" id=\"contactFormMessage\"><\/textarea>\r\n  \r\n            <input type=\"submit\" class=\"btn left\" value=\"Submit Contact\">","display_two_banner_bottom":"true","two_banner_bottom_title_color":"#ffffff","two_banner_bottom_title_size":"32","two_banner_bottom_description_color":"#ffffff","two_banner_bottom_description_size":"14","two_banner_bottom_title_1":"bags &amp; Purses","two_banner_bottom_title_color_1":"#ffffff","two_banner_bottom_title_size_1":"32","two_banner_bottom_description_1":"Cras porta purus eu gravida facilisis. Donec blandit ligula eu neque dapibus at eleifend nunc sagittis","two_banner_bottom_description_color_1":"#ffffff","two_banner_bottom_description_size_1":"14","two_banner_bottom_button_text_1":"Browse the Feature","two_banner_bottom_link_1":"http:\/\/www.shopify.com\/","two_banner_bottom_title_2":"Look of the day","two_banner_bottom_title_color_2":"#ffffff","two_banner_bottom_title_size_2":"32","two_banner_bottom_description_2":"Cras porta purus eu gravida facilisis. Donec blandit ligula eu neque dapibus at eleifend nunc sagittis","two_banner_bottom_description_color_2":"#ffffff","two_banner_bottom_description_size_2":"14","two_banner_bottom_button_text_2":"Browse the Feature","two_banner_bottom_link_2":"http:\/\/www.shopify.com\/","menu_instagram_link":"http:\/\/instagram.com\/shopify","display_aboutus_home":"true","aboutus_home_text_title":"Avenue De Boutique","aboutus_home_text_title_color":"#404e53","aboutus_home_text_description":"Phasellus fringilla malesuada ligula pulvinar commodo maecenas suscipit auctor sodales an comodous. Divamus consectetur nisl vel ante consectetur sodales. Class aptent tacitis litora torquent lorem an conubia der inceptos himenaeos. Avenue - Responsive Online Fashion Store for Shopify.","aboutus_home_text_description_color":"#404e53","aboutus_border_color":"#c4cdcd","aboutus_border_style":"solid","footer_address_color":"#5d9494","instagram_link_footer":"http:\/\/instagram.com\/shopify","display_footer_column_1_link_1":"true","footer_column_1_text_1":"About Us","footer_column_1_link_1":"\/pages\/about-us","display_footer_column_1_link_2":"true","footer_column_1_text_2":"Avenue Blog","footer_column_1_link_2":"\/blogs\/blog","display_footer_column_1_link_3":"true","footer_column_1_text_3":"Partners","footer_column_1_link_3":"http:\/\/twitter.com\/shopify","display_footer_column_1_link_4":"true","footer_column_1_text_4":"Press Release","footer_column_1_link_4":"http:\/\/twitter.com\/shopify","display_footer_column_1_link_5":"false","footer_column_1_text_5":"","footer_column_1_link_5":"","display_footer_column_1_link_6":"false","footer_column_1_text_6":"","footer_column_1_link_6":"","display_footer_column_2_link_1":"true","footer_column_2_text_1":"Contact Us","footer_column_2_link_1":"\/pages\/contact-us","display_footer_column_2_link_2":"true","footer_column_2_text_2":"Help & FAQs","footer_column_2_link_2":"http:\/\/twitter.com\/shopify","display_footer_column_2_link_3":"true","footer_column_2_text_3":"Shipping Info & Returns","footer_column_2_link_3":"http:\/\/twitter.com\/shopify","display_footer_column_2_link_4":"true","footer_column_2_text_4":"Consultant","footer_column_2_link_4":"http:\/\/twitter.com\/shopify","display_footer_column_2_link_5":"false","footer_column_2_text_5":"","footer_column_2_link_5":"","display_footer_column_2_link_6":"false","footer_column_2_text_6":"","footer_column_2_link_6":"","display_footer_column_3_link_1":"true","footer_column_3_text_1":"Cookies","footer_column_3_link_1":"http:\/\/twitter.com\/shopify","display_footer_column_3_link_2":"true","footer_column_3_text_2":"Terms & Conditions","footer_column_3_link_2":"http:\/\/twitter.com\/shopify","footer_column_3_text_3":"Returns Policy","footer_column_3_link_3":"http:\/\/twitter.com\/shopify","display_footer_column_3_link_4":"true","footer_column_3_text_4":"Other Information","footer_column_3_link_4":"http:\/\/twitter.com\/shopify","display_footer_column_3_link_5":"false","footer_column_3_text_5":"","footer_column_3_link_5":"","display_footer_column_3_link_6":"false","footer_column_3_text_6":"","footer_column_3_link_6":"","payment_methods_accepted_text":"","payment_text_color":"","display_text_free_shipping":"1","free_shipping_text":"Free Shipping Worldwide. No Minimum Ourchase required.","cart_text_color":"#66787f","cart_text_color_hover":"#090939","nav_border_style":"solid","nav_border_color":"#d2d8db","nav_border_top_color":"#00a6ff","nav_border_bottom_color":"#ff0000","height":"","display_product_detail_tab":"false","enable_lazy_loading":"true","infinite_scrolling_text":"Show More","infinite_scrolling":"true","use_logo":"true","enable_opengraph":"false","enable_twittercards":"false","footer_display_contact":"true","footer_contact_title":"Contact Us","footer_display_social":"true","footer_social_title":"Follow Us","ajax_cart_method":"Drawer","currency_format":"money_format","show_multiple_currencies":"true","twittercard_handle":"","blog_tag_background_color":"","blog_tag_background_hover_color":"","blog_tag_font_color":"","blog_tag_font_hover_color":"","display_blog_tags":"true","text_color":"#333333","link_color":"#333333","menu_color":"#333333","menu_bg_color":"#000000","footer_heading_color":"#e2e2e2","special_color":"#cc003e","second_special_color":"#ff2d6d","selection_color":"#cc003e","image_overlay_color":"#cc003e","product_display_related":"true","collection_sale_sticker_color":"","collection_display_browse?":"false","collection_display_vendor?":"false","collection_display_price?":"false","collection_display_sale?":"false","hide_view_collection_link":"false","display_feature_prouduct_home_page":"true","slide-des_1_slide-heading":"abc","slider_auto_advance":"5000","slider_item_1_link":"","slider_item_1_title":"","slider_item_2_link":"","slider_item_2_title":"","slider_item_3_link":"","slider_item_3_title":"","slider_item_4_link":"","slider_item_4_title":"","slider_item_5_link":"","slider_item_5_title":"","slider_item_6_link":"","slider_item_6_title":"","slider_item_1_text":"","slider_item_2_text":"","slider_item_3_text":"","slider_item_4_text":"","slider_item_5_text":"","slider_item_6_text":"","show_homepage_slider":"true","show_slider_item_1":"true","show_slider_item_2":"true","show_slider_item_3":"false","show_slider_item_4":"false","show_slider_item_5":"false","show_slider_item_6":"false","display_blog_dropdown":"true","display_collection_dropdown":"false","display_nav_search":"false","nav_link_color":"#333333","nav_link_hover_color":"#ffffff","selected_nav_link_color":"#ffffff","nav_becomes_fixed":"false","footer_contact_text":"","bg_x_position":"0","bg_y_position":"0","bg_color":"#ffffff","bg_repeat":"repeat","bg_overlay_color":"#0ef56b","show_bg_overlay":"true","bg_x_pos":"0","bg_y_pos":"0","supported_currencies":"AUD EUR GBP USD JPY BHD","product_related_title":"Related products","featured_products":"frontpage","display_footer_column_3_link_3":"true","border_color_product_item":"#ff0000","product_item_border":"true","product_main_height":"500"}}}