{"current":{"color_body_bg":"#ffffff","color_body_text":"#000000","color_borders":"#e8e8e1","color_button":"#111111","color_button_text":"#fff","color_footer":"#111111","color_footer_text":"#fff","color_drawer_background":"#ffffff","color_drawer_text":"#000000","color_drawer_border":"#e8e8e1","color_drawer_button":"#111111","color_drawer_button_text":"#ffffff","color_image_2":"#000000","color_image_2_opacity":0,"color_image_1":"#000000","color_image_1_opacity":62,"color_small_image_bg":"#fff","color_large_image_bg":"#111111","type_header_font_family":"itc_avant_garde_gothic_n7","type_header_spacing":"0","type_header_base_size":35,"type_header_line_height":1.2,"type_header_accent_transform":true,"type_base_font_family":"futura_n4","type_base_spacing":"25","type_base_size":17,"type_base_line_height":1.6,"type_base_accent_transform":true,"icon_weight":"4px","icon_linecaps":"miter","animate_page_transitions":true,"animate_page_transition_style":"page-slow-fade","animate_sections":true,"animate_sections_background_style":"zoom-fade","animate_sections_text_style":"rise-up","animate_images":true,"animate_images_style":"zoom-fade","animate_buttons":true,"animate_underlines":true,"quick_shop_text":"Quick view","cart_type":"drawer","currency_format":"money_format","supported_currencies":"USD CAD INR GBP AUD EUR JPY","default_currency":"USD","share_facebook":true,"share_twitter":true,"share_pinterest":true,"checkout_header_image":"","checkout_logo_image":"","checkout_logo_position":"left","checkout_logo_size":"medium","checkout_body_background_image":"","checkout_body_background_color":"#fff","checkout_input_background_color_mode":"white","checkout_sidebar_background_image":"","checkout_sidebar_background_color":"#fafafa","checkout_heading_font":"Helvetica Neue","checkout_body_font":"Helvetica Neue","checkout_accent_color":"#111111","checkout_button_color":"#111111","checkout_error_color":"#ff6d6d","color_image_bg":"#000000","breadcrumb":true,"color_sale_tag":"#990000","color_input":"#ffffff","checkout_banner_background_color":"#fff","checkout_call_to_action_color":"#a26b25","checkout_use_header_image":false,"sections":{"header":{"type":"header","settings":{"main_menu_link_list":"main-menu","sticky_index":true,"sticky_collection":false,"header_search_enable":false,"show_announcement":true}},"footer":{"type":"footer","blocks":{"1494292481350":{"type":"logo_social","settings":{"container_width":20}},"1494292485313":{"type":"menu","settings":{"menu":"main-menu","container_width":20}},"1494292487693":{"type":"newsletter","settings":{"container_width":33}},"1494301487049":{"type":"menu","settings":{"menu":"footer","container_width":20}}},"block_order":["1494292481350","1494301487049","1494292485313","1494292487693"],"settings":{"show_payment_icons":false}},"collection-template":{"type":"collection-template","settings":{"per_row":4,"collection_image_enable":true,"collection_sort_enable":false}},"product-template":{"type":"product-template","settings":{"image_size":"medium","social_enable":true,"related_enable":true}},"article-template":{"type":"article-template","settings":{"blog_show_tags":true,"blog_show_date":true,"blog_show_comments":true,"blog_show_author":false,"social_sharing_blog":true}},"1498163293234":{"type":"featured-content","settings":{"divider":false}},"1498501481980":{"type":"fading-images","blocks":{"1498501481980-0":{"type":"image","settings":{"image":"","focal_point":"center center","slide_title1":"Beautifully animated","slide_title2":"titles and images"}},"1498501481980-1":{"type":"image","settings":{"image":"","focal_point":"center center","slide_title1":"Use this section","slide_title2":"to impress"}},"1498501481980-2":{"type":"image","settings":{"image":"","focal_point":"center center","slide_title1":"And highlight","slide_title2":"important details"}}},"block_order":["1498501481980-0","1498501481980-1","1498501481980-2"],"settings":{"slide_speed":5,"color_overlay":"#000","color_overlay_opacity":30,"section_height":550}},"blog-template":{"type":"blog-template","settings":{"blog_show_tag_filter":true,"blog_show_rss":false,"blog_show_tags":true,"blog_show_date":true,"blog_show_comments":true,"blog_show_author":false}},"1499789718857":{"type":"featured-collections","blocks":{"1499789718857-0":{"type":"collection","settings":{"collection":"","size":"wide"}},"1499789718857-1":{"type":"collection","settings":{"collection":"","size":"square-small"}},"1499789718857-2":{"type":"collection","settings":{"collection":"","size":"square-small"}},"1499789718857-3":{"type":"collection","settings":{"collection":"","size":"square-small"}},"1499789718857-4":{"type":"collection","settings":{"collection":"","size":"square-small"}},"1499789718857-5":{"type":"collection","settings":{"collection":"","size":"wide"}}},"block_order":["1499789718857-0","1499789718857-1","1499789718857-2","1499789718857-3","1499789718857-4","1499789718857-5"],"settings":{"title":"","divider":false}},"1499790529450":{"type":"hero-video","settings":{"title":"Bring your\nbrand to life.","title_size":80,"subheading":"Seamless hero videos","link_text":"","link":"","text_align":"vertical-bottom horizontal-left","video_url":"https:\/\/www.youtube.com\/watch?v=_9VUPq3SxOc","section_height":"650px"}},"1499790633921":{"type":"background-image-text","settings":{"subtitle":"Impressive","title":"Large image and text","text":"<p>Pair large text with a full-width image to draw attention to an important detail of your brand or product line.<\/p>","button_label":"","button_link":"","image":"","alignment":"center","color_border":"#f4f4f4","layout":"left","height":650}},"1499790731541":{"type":"collection-callout","settings":{"collection":"","subtitle":"Brand new","title":"Collection callout","text":"Use this section to easily call attention to one of your collections. We'll show photos of the first 5 products.","cta_text1":"Shop Jackets","cta_link1":"","cta_text2":"Shop All","cta_link2":"","divider":false}},"1499790782828":{"type":"text-columns","blocks":{"1499790782828-0":{"type":"text_block","settings":{"enable_image":true,"image":"","title":"Example title","text":"<p>Use this section to explain a set of product features, to link to a series of pages, or to answer common questions about your products. Add images for emphasis.<\/p>","button_label":"","button_link":""}},"1499790782828-1":{"type":"text_block","settings":{"enable_image":true,"image":"","title":"Example title","text":"<p>Use this section to explain a set of product features, to link to a series of pages, or to answer common questions about your products. Add images for emphasis.<\/p>","button_label":"","button_link":""}},"1499790782828-2":{"type":"text_block","settings":{"enable_image":true,"image":"","title":"Example title","text":"<p>Use this section to explain a set of product features, to link to a series of pages, or to answer common questions about your products. Add images for emphasis.<\/p>","button_label":"","button_link":""}}},"block_order":["1499790782828-0","1499790782828-1","1499790782828-2"],"settings":{"title":"","align_text":"left","divider":false}},"product-sections-template":{"type":"product-sections-template","blocks":{"product-image-row":{"type":"image-row","settings":{}},"product-text-and-image":{"type":"text-and-image","settings":{}},"product-background-image-text":{"type":"background-image-text","settings":{"layout":"right"}},"product-text-columns":{"type":"text-columns","settings":{}},"product-hero-video":{"type":"hero-video","settings":{}}},"block_order":["product-image-row","product-text-and-image","product-background-image-text","product-text-columns","product-hero-video"],"settings":{}},"page-sections-template":{"type":"page-sections-template","blocks":{"page-fading-images":{"type":"fading-images","settings":{}},"page-rich-text":{"type":"rich-text","settings":{"title":"","align_text":"center","enlarge_text":true}},"page-text-columns":{"type":"text-columns","settings":{}},"page-background-image-text":{"type":"background-image-text","settings":{"layout":"right"}},"page-featured-collection":{"type":"featured-collection","settings":{}}},"block_order":["page-fading-images","page-rich-text","page-text-columns","page-background-image-text","page-featured-collection"],"settings":{}}},"content_for_index":["1499790529450","1498163293234","1499789718857","1498501481980","1499790731541","1499790633921","1499790782828"]},"presets":{"Classic":{"color_body_bg":"#ffffff","color_body_text":"#000000","color_borders":"#e8e8e1","color_button":"#111111","color_button_text":"#fff","color_drawer_background":"#ffffff","color_drawer_text":"#000000","color_drawer_border":"#e8e8e1","color_drawer_button":"#111111","color_drawer_button_text":"#ffffff","color_footer":"#111111","color_footer_text":"#fff","color_image_1":"#000000","color_image_1_opacity":62,"color_image_2":"#000000","color_image_2_opacity":0,"color_small_image_bg":"#fff","color_large_image_bg":"#111111","type_header_spacing":"0","type_header_font_family":"itc_avant_garde_gothic_n7","type_header_base_size":35,"type_header_line_height":1.2,"type_header_accent_transform":true,"type_base_font_family":"futura_n4","type_base_spacing":"25","type_base_size":17,"type_base_line_height":1.6,"type_base_accent_transform":true,"icon_weight":"4px","icon_linecaps":"miter","animate_page_transitions":true,"animate_page_transition_style":"page-slow-fade","animate_sections":true,"animate_sections_background_style":"zoom-fade","animate_sections_text_style":"rise-up","animate_images":true,"animate_images_style":"zoom-fade","animate_buttons":true,"animate_underlines":true,"quick_shop_text":"Quick view","cart_type":"drawer","currency_format":"money_format","supported_currencies":"USD CAD INR GBP AUD EUR JPY","default_currency":"USD","share_facebook":true,"share_twitter":true,"share_pinterest":true,"checkout_header_image":"","checkout_logo_image":"","checkout_logo_position":"left","checkout_logo_size":"medium","checkout_body_background_image":"","checkout_body_background_color":"#fff","checkout_input_background_color_mode":"white","checkout_sidebar_background_image":"","checkout_sidebar_background_color":"#fafafa","checkout_heading_font":"Helvetica Neue","checkout_body_font":"Helvetica Neue","checkout_accent_color":"#111111","checkout_button_color":"#111111","checkout_error_color":"#ff6d6d","color_image_bg":"#000000","breadcrumb":true,"color_sale_tag":"#990000","color_input":"#ffffff","checkout_banner_background_color":"#fff","checkout_call_to_action_color":"#a26b25","checkout_use_header_image":false,"sections":{"header":{"type":"header","settings":{"main_menu_link_list":"main-menu","sticky_index":true,"sticky_collection":false,"header_search_enable":false,"show_announcement":true}},"footer":{"type":"footer","blocks":{"1494292481350":{"type":"logo_social","settings":{"container_width":20}},"1494292485313":{"type":"menu","settings":{"menu":"main-menu","container_width":20}},"1494292487693":{"type":"newsletter","settings":{"container_width":33}},"1494301487049":{"type":"menu","settings":{"menu":"footer","container_width":20}}},"block_order":["1494292481350","1494301487049","1494292485313","1494292487693"],"settings":{"show_payment_icons":false}},"collection-template":{"type":"collection-template","settings":{"per_row":4,"collection_image_enable":true,"collection_sort_enable":false}},"product-template":{"type":"product-template","settings":{"image_size":"medium","social_enable":true,"related_enable":true}},"article-template":{"type":"article-template","settings":{"blog_show_tags":true,"blog_show_date":true,"blog_show_comments":true,"blog_show_author":false,"social_sharing_blog":true}},"1498163293234":{"type":"featured-content","settings":{"divider":false}},"1498501481980":{"type":"fading-images","blocks":{"1498501481980-0":{"type":"image","settings":{"image":"","focal_point":"center center","slide_title1":"Beautifully animated","slide_title2":"titles and images"}},"1498501481980-1":{"type":"image","settings":{"image":"","focal_point":"center center","slide_title1":"Use this section","slide_title2":"to impress"}},"1498501481980-2":{"type":"image","settings":{"image":"","focal_point":"center center","slide_title1":"And highlight","slide_title2":"important details"}}},"block_order":["1498501481980-0","1498501481980-1","1498501481980-2"],"settings":{"slide_speed":5,"color_overlay":"#000","color_overlay_opacity":30,"section_height":550}},"blog-template":{"type":"blog-template","settings":{"blog_show_tag_filter":true,"blog_show_rss":false,"blog_show_tags":true,"blog_show_date":true,"blog_show_comments":true,"blog_show_author":false}},"1499789718857":{"type":"featured-collections","blocks":{"1499789718857-0":{"type":"collection","settings":{"collection":"","size":"wide"}},"1499789718857-1":{"type":"collection","settings":{"collection":"","size":"square-small"}},"1499789718857-2":{"type":"collection","settings":{"collection":"","size":"square-small"}},"1499789718857-3":{"type":"collection","settings":{"collection":"","size":"square-small"}},"1499789718857-4":{"type":"collection","settings":{"collection":"","size":"square-small"}},"1499789718857-5":{"type":"collection","settings":{"collection":"","size":"wide"}}},"block_order":["1499789718857-0","1499789718857-1","1499789718857-2","1499789718857-3","1499789718857-4","1499789718857-5"],"settings":{"title":"","divider":false}},"1499790529450":{"type":"hero-video","settings":{"title":"Bring your\nbrand to life.","title_size":80,"subheading":"Seamless hero videos","link_text":"","link":"","text_align":"vertical-bottom horizontal-left","video_url":"https:\/\/www.youtube.com\/watch?v=_9VUPq3SxOc","section_height":"650px"}},"1499790633921":{"type":"background-image-text","settings":{"subtitle":"Impressive","title":"Large image and text","text":"<p>Pair large text with a full-width image to draw attention to an important detail of your brand or product line.<\/p>","button_label":"","button_link":"","image":"","alignment":"center","color_border":"#f4f4f4","layout":"left","height":650}},"1499790731541":{"type":"collection-callout","settings":{"collection":"","subtitle":"Brand new","title":"Collection callout","text":"Use this section to easily call attention to one of your collections. We'll show photos of the first 5 products.","cta_text1":"Shop Jackets","cta_link1":"","cta_text2":"Shop All","cta_link2":"","divider":false}},"1499790782828":{"type":"text-columns","blocks":{"1499790782828-0":{"type":"text_block","settings":{"enable_image":true,"image":"","title":"Example title","text":"<p>Use this section to explain a set of product features, to link to a series of pages, or to answer common questions about your products. Add images for emphasis.<\/p>","button_label":"","button_link":""}},"1499790782828-1":{"type":"text_block","settings":{"enable_image":true,"image":"","title":"Example title","text":"<p>Use this section to explain a set of product features, to link to a series of pages, or to answer common questions about your products. Add images for emphasis.<\/p>","button_label":"","button_link":""}},"1499790782828-2":{"type":"text_block","settings":{"enable_image":true,"image":"","title":"Example title","text":"<p>Use this section to explain a set of product features, to link to a series of pages, or to answer common questions about your products. Add images for emphasis.<\/p>","button_label":"","button_link":""}}},"block_order":["1499790782828-0","1499790782828-1","1499790782828-2"],"settings":{"title":"","align_text":"left","divider":false}},"product-sections-template":{"type":"product-sections-template","blocks":{"product-image-row":{"type":"image-row","settings":{}},"product-text-and-image":{"type":"text-and-image","settings":{}},"product-background-image-text":{"type":"background-image-text","settings":{"layout":"right"}},"product-text-columns":{"type":"text-columns","settings":{}},"product-hero-video":{"type":"hero-video","settings":{}}},"block_order":["product-image-row","product-text-and-image","product-background-image-text","product-text-columns","product-hero-video"],"settings":{}},"page-sections-template":{"type":"page-sections-template","blocks":{"page-fading-images":{"type":"fading-images","settings":{}},"page-rich-text":{"type":"rich-text","settings":{"title":"","align_text":"center","enlarge_text":true}},"page-text-columns":{"type":"text-columns","settings":{}},"page-background-image-text":{"type":"background-image-text","settings":{"layout":"right"}},"page-featured-collection":{"type":"featured-collection","settings":{}}},"block_order":["page-fading-images","page-rich-text","page-text-columns","page-background-image-text","page-featured-collection"],"settings":{}}},"content_for_index":["1499790529450","1498163293234","1499789718857","1498501481980","1499790731541","1499790633921","1499790782828"]},"Elegant":{"color_body_bg":"#ffffff","color_body_text":"#000000","color_borders":"#e8e8e1","color_button":"#353956","color_button_text":"#fff","color_header":"#ffffff","color_header_text":"#040404","color_footer":"#17172c","color_footer_text":"#fff","color_drawer_background":"#ffffff","color_drawer_text":"#17172c","color_drawer_border":"#e8e8e1","color_drawer_button":"#353956","color_drawer_button_text":"#ffffff","color_modal_overlays":"#17172c","color_image_2":"#17172c","color_image_2_opacity":0,"color_image_1":"#17172c","color_image_1_opacity":32,"color_small_image_bg":"#f4f4f4","color_large_image_bg":"#17172c","type_header_spacing":"0","type_header_font_family":"bauer_bodoni_n7","type_header_base_size":42,"type_header_line_height":1.3,"type_base_font_family":"futura_n4","type_base_spacing":"25","type_base_size":17,"type_base_line_height":1.6,"icon_weight":"3px","icon_linecaps":"miter","animate_page_transitions":true,"animate_page_transition_style":"page-slow-fade","animate_sections":true,"animate_sections_background_style":"zoom-fade","animate_sections_text_style":"rise-up","animate_images":true,"animate_images_style":"zoom-fade","animate_buttons":true,"animate_underlines":true,"quick_shop_text":"Quick view","cart_type":"drawer","currency_format":"money_format","supported_currencies":"USD CAD INR GBP AUD EUR JPY","default_currency":"USD","share_facebook":true,"share_twitter":true,"share_pinterest":true,"checkout_header_image":"","checkout_logo_image":"","checkout_logo_position":"left","checkout_logo_size":"medium","checkout_body_background_image":"","checkout_body_background_color":"#fff","checkout_input_background_color_mode":"white","checkout_sidebar_background_image":"","checkout_sidebar_background_color":"#fafafa","checkout_heading_font":"Helvetica Neue","checkout_body_font":"Helvetica Neue","checkout_accent_color":"#111111","checkout_button_color":"#111111","checkout_error_color":"#ff6d6d","color_image_bg":"#000000","breadcrumb":true,"color_sale_tag":"#990000","color_input":"#ffffff","checkout_banner_background_color":"#fff","checkout_call_to_action_color":"#a26b25","checkout_use_header_image":false,"sections":{"header":{"type":"header","settings":{"main_menu_link_list":"main-menu","sticky_index":true,"sticky_collection":false,"header_search_enable":false,"show_announcement":true}},"footer":{"type":"footer","blocks":{"1494292481350":{"type":"logo_social","settings":{"container_width":20}},"1494292485313":{"type":"menu","settings":{"menu":"main-menu","container_width":20}},"1494292487693":{"type":"newsletter","settings":{"container_width":33}},"1494301487049":{"type":"menu","settings":{"menu":"footer","container_width":20}}},"block_order":["1494292481350","1494301487049","1494292485313","1494292487693"],"settings":{"show_payment_icons":false}},"collection-template":{"type":"collection-template","settings":{"per_row":4,"collection_image_enable":true,"collection_sort_enable":false}},"product-template":{"type":"product-template","settings":{"image_size":"medium","social_enable":true,"related_enable":true}},"article-template":{"type":"article-template","settings":{"blog_show_tags":true,"blog_show_date":true,"blog_show_comments":true,"blog_show_author":false,"social_sharing_blog":true}},"1498163293234":{"type":"featured-content","settings":{"divider":false}},"1498501481980":{"type":"fading-images","blocks":{"1498501481980-0":{"type":"image","settings":{"image":"","focal_point":"center center","slide_title1":"Beautifully animated","slide_title2":"titles and images"}},"1498501481980-1":{"type":"image","settings":{"image":"","focal_point":"center center","slide_title1":"Use this section","slide_title2":"to impress"}},"1498501481980-2":{"type":"image","settings":{"image":"","focal_point":"center center","slide_title1":"And highlight","slide_title2":"important details"}}},"block_order":["1498501481980-0","1498501481980-1","1498501481980-2"],"settings":{"slide_speed":5,"color_overlay":"#000","color_overlay_opacity":30,"section_height":550}},"blog-template":{"type":"blog-template","settings":{"blog_show_tag_filter":true,"blog_show_rss":false,"blog_show_tags":true,"blog_show_date":true,"blog_show_comments":true,"blog_show_author":false}},"1499789718857":{"type":"featured-collections","blocks":{"1499789718857-0":{"type":"collection","settings":{"collection":"","size":"wide"}},"1499789718857-1":{"type":"collection","settings":{"collection":"","size":"square-small"}},"1499789718857-2":{"type":"collection","settings":{"collection":"","size":"square-small"}},"1499789718857-3":{"type":"collection","settings":{"collection":"","size":"square-small"}},"1499789718857-4":{"type":"collection","settings":{"collection":"","size":"square-small"}},"1499789718857-5":{"type":"collection","settings":{"collection":"","size":"wide"}}},"block_order":["1499789718857-0","1499789718857-1","1499789718857-2","1499789718857-3","1499789718857-4","1499789718857-5"],"settings":{"title":"","divider":false}},"1499790529450":{"type":"hero-video","settings":{"title":"Bring your\nbrand to life.","title_size":80,"subheading":"Seamless hero videos","link_text":"","link":"","text_align":"vertical-bottom horizontal-left","video_url":"https:\/\/www.youtube.com\/watch?v=_9VUPq3SxOc","section_height":"650px"}},"1499790633921":{"type":"background-image-text","settings":{"subtitle":"Impressive","title":"Large image and text","text":"<p>Pair large text with a full-width image to draw attention to an important detail of your brand or product line.<\/p>","button_label":"","button_link":"","image":"","alignment":"center","color_border":"#f4f4f4","layout":"left","height":650}},"1499790731541":{"type":"collection-callout","settings":{"collection":"","subtitle":"Brand new","title":"Collection callout","text":"Use this section to easily call attention to one of your collections. We'll show photos of the first 5 products.","cta_text1":"Shop Jackets","cta_link1":"","cta_text2":"Shop All","cta_link2":"","divider":false}},"1499790782828":{"type":"text-columns","blocks":{"1499790782828-0":{"type":"text_block","settings":{"enable_image":true,"image":"","title":"Example title","text":"<p>Use this section to explain a set of product features, to link to a series of pages, or to answer common questions about your products. Add images for emphasis.<\/p>","button_label":"","button_link":""}},"1499790782828-1":{"type":"text_block","settings":{"enable_image":true,"image":"","title":"Example title","text":"<p>Use this section to explain a set of product features, to link to a series of pages, or to answer common questions about your products. Add images for emphasis.<\/p>","button_label":"","button_link":""}},"1499790782828-2":{"type":"text_block","settings":{"enable_image":true,"image":"","title":"Example title","text":"<p>Use this section to explain a set of product features, to link to a series of pages, or to answer common questions about your products. Add images for emphasis.<\/p>","button_label":"","button_link":""}}},"block_order":["1499790782828-0","1499790782828-1","1499790782828-2"],"settings":{"title":"","align_text":"left","divider":false}}},"content_for_index":["1499790529450","1498163293234","1499789718857","1498501481980","1499790731541","1499790633921","1499790782828"]},"Minimal":{"color_body_bg":"#ffffff","color_body_text":"#000000","color_borders":"#f0f1f3","color_button":"#111111","color_button_text":"#fff","color_header":"#fff","color_header_text":"#000","color_footer":"#f0f1f3","color_footer_text":"#2c2c2c","color_drawer_background":"#ffffff","color_drawer_text":"#000000","color_drawer_border":"#f0f1f3","color_drawer_button":"#111111","color_drawer_button_text":"#ffffff","color_modal_overlays":"#aeb1b8","color_image_2":"#000000","color_image_2_opacity":0,"color_image_1":"#000000","color_image_1_opacity":26,"color_small_image_bg":"#ffffff","color_large_image_bg":"#dedfe1","type_header_spacing":"75","type_header_font_family":"din_next_n7","type_header_base_size":34,"type_header_line_height":1.3,"type_header_accent_transform":true,"type_base_font_family":"din_next_n4","type_base_spacing":"25","type_base_size":17,"type_base_line_height":1.6,"type_base_accent_transform":true,"icon_weight":"2px","icon_linecaps":"round","animate_page_transitions":true,"animate_page_transition_style":"page-slide-reveal-down","animate_sections":true,"animate_sections_background_style":"zoom-fade","animate_sections_text_style":"rise-up","animate_images":true,"animate_images_style":"fade-in","animate_buttons":true,"animate_underlines":true,"quick_shop_text":"Quick view","cart_type":"drawer","currency_format":"money_format","supported_currencies":"USD CAD INR GBP AUD EUR JPY","default_currency":"USD","share_facebook":true,"share_twitter":true,"share_pinterest":true,"checkout_header_image":"","checkout_logo_image":"","checkout_logo_position":"left","checkout_logo_size":"medium","checkout_body_background_image":"","checkout_body_background_color":"#fff","checkout_input_background_color_mode":"white","checkout_sidebar_background_image":"","checkout_sidebar_background_color":"#fafafa","checkout_heading_font":"Helvetica Neue","checkout_body_font":"Helvetica Neue","checkout_accent_color":"#111111","checkout_button_color":"#111111","checkout_error_color":"#ff6d6d","color_image_bg":"#000000","breadcrumb":true,"color_sale_tag":"#990000","color_input":"#ffffff","checkout_banner_background_color":"#fff","checkout_call_to_action_color":"#a26b25","checkout_use_header_image":false,"sections":{"header":{"type":"header","settings":{"main_menu_link_list":"main-menu","sticky_index":false,"sticky_collection":false,"header_search_enable":false,"show_announcement":true}},"footer":{"type":"footer","blocks":{"1494292481350":{"type":"logo_social","settings":{"container_width":20}},"1494292485313":{"type":"menu","settings":{"menu":"main-menu","container_width":20}},"1494292487693":{"type":"newsletter","settings":{"container_width":33}},"1494301487049":{"type":"menu","settings":{"menu":"footer","container_width":20}}},"block_order":["1494292481350","1494301487049","1494292485313","1494292487693"],"settings":{"show_payment_icons":false}},"collection-template":{"type":"collection-template","settings":{"per_row":4,"collection_image_enable":true,"collection_sort_enable":false}},"product-template":{"type":"product-template","settings":{"image_size":"medium","social_enable":true,"related_enable":true}},"article-template":{"type":"article-template","settings":{"blog_show_tags":true,"blog_show_date":true,"blog_show_comments":true,"blog_show_author":false,"social_sharing_blog":true}},"1498163293234":{"type":"featured-content","settings":{"divider":false}},"1498501481980":{"type":"fading-images","blocks":{"1498501481980-0":{"type":"image","settings":{"image":"","focal_point":"center center","slide_title1":"Beautifully animated","slide_title2":"titles and images"}},"1498501481980-1":{"type":"image","settings":{"image":"","focal_point":"center center","slide_title1":"Use this section","slide_title2":"to impress"}},"1498501481980-2":{"type":"image","settings":{"image":"","focal_point":"center center","slide_title1":"And highlight","slide_title2":"important details"}}},"block_order":["1498501481980-0","1498501481980-1","1498501481980-2"],"settings":{"slide_speed":5,"color_overlay":"#000","color_overlay_opacity":30,"section_height":550}},"blog-template":{"type":"blog-template","settings":{"blog_show_tag_filter":true,"blog_show_rss":false,"blog_show_tags":true,"blog_show_date":true,"blog_show_comments":true,"blog_show_author":false}},"1499789718857":{"type":"featured-collections","blocks":{"1499789718857-0":{"type":"collection","settings":{"collection":"","size":"wide"}},"1499789718857-1":{"type":"collection","settings":{"collection":"","size":"square-small"}},"1499789718857-2":{"type":"collection","settings":{"collection":"","size":"square-small"}},"1499789718857-3":{"type":"collection","settings":{"collection":"","size":"square-small"}},"1499789718857-4":{"type":"collection","settings":{"collection":"","size":"square-small"}},"1499789718857-5":{"type":"collection","settings":{"collection":"","size":"wide"}}},"block_order":["1499789718857-0","1499789718857-1","1499789718857-2","1499789718857-3","1499789718857-4","1499789718857-5"],"settings":{"title":"","divider":false}},"1499790529450":{"type":"hero-video","settings":{"title":"Bring your\nbrand to life.","title_size":80,"subheading":"Seamless hero videos","link_text":"","link":"","text_align":"vertical-bottom horizontal-left","video_url":"https:\/\/www.youtube.com\/watch?v=_9VUPq3SxOc","section_height":"650px"}},"1499790633921":{"type":"background-image-text","settings":{"subtitle":"Impressive","title":"Large image and text","text":"<p>Pair large text with a full-width image to draw attention to an important detail of your brand or product line.<\/p>","button_label":"","button_link":"","image":"","alignment":"center","color_border":"#f4f4f4","layout":"left","height":650}},"1499790731541":{"type":"collection-callout","settings":{"collection":"","subtitle":"Brand new","title":"Collection callout","text":"Use this section to easily call attention to one of your collections. We'll show photos of the first 5 products.","cta_text1":"Shop Jackets","cta_link1":"","cta_text2":"Shop All","cta_link2":"","divider":false}},"1499790782828":{"type":"text-columns","blocks":{"1499790782828-0":{"type":"text_block","settings":{"enable_image":true,"image":"","title":"Example title","text":"<p>Use this section to explain a set of product features, to link to a series of pages, or to answer common questions about your products. Add images for emphasis.<\/p>","button_label":"","button_link":""}},"1499790782828-1":{"type":"text_block","settings":{"enable_image":true,"image":"","title":"Example title","text":"<p>Use this section to explain a set of product features, to link to a series of pages, or to answer common questions about your products. Add images for emphasis.<\/p>","button_label":"","button_link":""}},"1499790782828-2":{"type":"text_block","settings":{"enable_image":true,"image":"","title":"Example title","text":"<p>Use this section to explain a set of product features, to link to a series of pages, or to answer common questions about your products. Add images for emphasis.<\/p>","button_label":"","button_link":""}}},"block_order":["1499790782828-0","1499790782828-1","1499790782828-2"],"settings":{"title":"","align_text":"left","divider":false}}},"content_for_index":["1499790529450","1498163293234","1499789718857","1498501481980","1499790731541","1499790633921","1499790782828"]}}}