{"current":{"theme_layout_type":"container-fluid","use_favicon":false,"blog_posts_per_page":"5","payment_master":true,"payment_visa":true,"payment_amex":true,"payment_maestro":false,"payment_discover":false,"payment_paypal":false,"payment_bitcoin":false,"dark_color":"#262626","dark_color_light":"#353535","gray_color":"#CCCCCC","gray_color_light":"#f2f2f2","gray_color_dark":"#979797","main_font":"Raleway","main_font_url":"Raleway:400,700","accent_font":"Playfair Display","accent_font_url":"Playfair+Display:400,400italic,700","free_shipping_message":"<i class='fa fa-truck'><\/i> Enter Message Here in Header Settings","use_custom_logo":false,"logo_height":"","banners_show":false,"banner_1_link":"#","banner_1_title":"","banner_1_subtitle":"","banner_2_link":"#","banner_2_title":"","banner_2_subtitle":"","banner_3_link":"#","banner_3_title":"","banner_3_subtitle":"","featured_products_show":true,"featured_products_collection":"","featured_products_title":"Featured Products","featured_products_count":"16","brands_show":false,"brands_title":"Featured Brands","brand_1_link":"#","brand_2_link":"#","brand_3_link":"#","brand_4_link":"#","brand_5_link":"#","brand_6_link":"#","products_tab_show":false,"products_tab_count":"12","products_tab_1_title":"","products_tab_1_collection":"","products_tab_2_title":"","products_tab_2_collection":"","products_tab_3_title":"","products_tab_3_collection":"","latest_news_show":false,"latest_news_title":"LATEST NEWS","latest_news_blog":"","slideshow_type":"slideshow_type_normal","slideshow_loop":false,"slideshow_autoplay":true,"slideshow_autoplay_timeout":"5000","slideshow_autoplay_speed":"1200","slideshow_autoplay_hover_pause":false,"slide_text_color":"#ffffff","slide_button_color":"#262626","slide_button_color_hover":"#262626","slide_button_color_text":"#fff","slide_button_color_text_hover":"#fff","slide_1_show":false,"slide_1_link":"#","slide_1_position":"left","slide_1_title":"","slide_1_subtitle":"","slide_1_button_text":"","slide_2_show":false,"slide_2_link":"#","slide_2_position":"left","slide_2_title":"","slide_2_subtitle":"","slide_2_button_text":"","slide_3_show":false,"slide_3_link":"#","slide_3_position":"left","slide_3_title":"","slide_3_subtitle":"","slide_3_button_text":"","slide_4_show":false,"slide_4_link":"#","slide_4_position":"left","slide_4_title":"","slide_4_subtitle":"","slide_4_button_text":"","slide_5_show":false,"slide_5_link":"#","slide_5_position":"left","slide_5_title":"","slide_5_subtitle":"","slide_5_button_text":"","mega_menu_trigger":"ie. catalog or home-page","mega_menu_submenu1":"","mega_menu_submenu2":"","mega_menu_submenu3":"","submenu_1_link":"","submenu_2_link":"","collection_layout_type":"four","number_of_products":"16","show_second_image_on_hover":false,"big_image":false,"show_quick_view":true,"show_filters":false,"filter_1":"","filter_2":"","filter_3":"","layout_type":"3","custom_column":"<h2>SHIPPING<\/h2>Lorem ipsum dolor sit amet, consectetur adipisicing elit, sed do eiusmod tempor incididunt ut labore et dolore magna aliqua.<h2>SIZE GUIDE<\/h2>Lorem ipsum dolor sit amet, consectetur adipisicing elit, sed do eiusmod tempor incididunt ut labore et dolore magna aliqua.","show_color_swatch":false,"ajax_cart_enable":false,"below_add_to_cart":"<li><i class='fa fa-truck'><\/i> Free Shipping<\/li><li><i class='fa fa-check'><\/i> Easy Returns<\/li><li><i class='fa fa-credit-card'><\/i> Secure Payment<\/li>","show_related_products":false,"related_products_title":"Related Products","related_products_count":"12","share_mail":true,"share_fb":true,"share_twitter":true,"share_pinterest":true,"share_gplus":true,"footer_menu_1":"","footer_menu_2":"","footer_menu_3":"","footer_menu_4":"","social_title":"Stay connected","social_facebook":"","social_twitter":"","social_instagram":"","social_pinterest":"","social_googleplus":"","copyright_message":"© 2017 Annabelle by Space Squirrel |","show_multiple_currencies":false,"currency_format":"money_with_currency_format","supported_currencies":"USD GBP CAD","default_currency":"USD","newsletter_link":"","newsletter_header":true,"newsletter_footer":true,"newsletter_text":"Latest news from us in your inbox.","newsletter_popup":false,"newsletter_title":"","newsletter_description":"","checkout_header_image":"","checkout_use_storefront_logo":false,"checkout_logo_image":"","checkout_logo_position":"left","checkout_logo_size":"medium","checkout_body_background_image":"","checkout_body_background_color":"#fff","checkout_input_background_color_mode":"white","checkout_sidebar_background_image":"","checkout_sidebar_background_color":"#fafafa","checkout_heading_font":"Helvetica Neue","checkout_body_font":"Helvetica Neue","checkout_accent_color":"#1990C6","checkout_button_color":"#1990C6","checkout_error_color":"#ff6d6d","content_for_index":[]}}