{
  "current": {
    "performance": "ludicrous",
    "image_loading_style": "blur-up",
    "custom_scripts": "",
    "logo_color": "#c7a55d",
    "regular_color": "#333333",
    "banner_color": "#ffffff",
    "headline_color": "#c7a55d",
    "headline_footer_text_color": "#dedede",
    "sub_footer_text_color": "#dedede",
    "sale_color": "#c7a55d",
    "was_price_color": "#8c8b8b",
    "product_hover_text_color": "#000000",
    "promo_text_color": "#ffffff",
    "shop_home_page_content_text_color": "#363636",
    "newsletter_popup_color": "#363636",
    "newsletter_section_color": "#000000",
    "collection_filter_color": "#ffffff",
    "top_bar_color": "#000000",
    "top_bar_color_hover": "#c7a55d",
    "nav_color": "#000000",
    "nav_color_home": "#000000",
    "nav_color_hover": "#c7a55d",
    "link_color": "#c7a55d",
    "link_hover_color": "#9d7214",
    "sidebar_nav_color": "#363636",
    "sidebar_nav_color_hover": "#c7a55d",
    "sub_footer_link_color": "#e8bf67",
    "sub_footer_link_color_hover": "#c7a55d",
    "btn_color": "#000000",
    "banner_button_color": "#ffffff",
    "btn_hover_color": "#c7a55d",
    "btn_text_color": "#ffffff",
    "button_style": "square",
    "read_more_style": "link",
    "swatch_style": "square",
    "table_styles_enabled": true,
    "slideshow_arrow_size": "bold",
    "arrow_color": "#e1e1e1",
    "slideshow_button_style": false,
    "slideshow_nav_buttons": false,
    "border_color": "#f5f5f5",
    "headline_border_color": "#000000",
    "headline_border": "0",
    "divider_style": "solid",
    "sub_footer_border_color": "#c7a55d",
    "sale_banner_color": "#c7a55d",
    "new_banner_color": "#2d3740",
    "banner_style": "square",
    "search_section_color": "#000000",
    "search_section_bg_color": "#c7a55d",
    "testimonial_color": "#ffffff",
    "testimonial_bg_color": "#5c5c5c",
    "featured_promotions_color": "#fff",
    "featured_promotions_color_hover": "#ffffff",
    "featured_promotions_background": "#000000",
    "featured_promotions_mobile_background": true,
    "modal_background_color": "#ffffff",
    "modal_text_color": "#000000",
    "shop_bg_color": "#ffffff",
    "custom_bg": "",
    "repeat_bg": "repeat",
    "bg_fixed": false,
    "bg_stretched": false,
    "top_bar_bg_color": "#ffffff",
    "top_bar_cart_bg_color": "#e8bf67",
    "minicart_bg_color": "#f8f0df",
    "banner_placeholder_background_color": "#000000",
    "banner_background_color": "#1e1e1e",
    "header_bg_color": "#ffffff",
    "header_background": true,
    "transparent_header": false,
    "promo_bg_color": "#000000",
    "shop_home_page_content_bg_color": "#ffffff",
    "featured_links_background": "#ffffff",
    "product_hover_bg_color": "#ffffff",
    "sub_footer_color": "#000000",
    "footer_bg": "",
    "footer_bg_stretched": false,
    "newsletter_popup_background_color": "#ffffff",
    "newsletter_section_background_color": "#e8bf67",
    "password_page_text_color": "#ffffff",
    "password_page_background_color": "#000000",
    "logo__font": "libre_baskerville_n4",
    "logo_font_style": "uppercase",
    "logo_font_size": 20,
    "top_bar_font_size": 12,
    "top_bar_letter_spacing": 1,
    "nav__font": "libre_baskerville_n4",
    "nav_font_style": "uppercase",
    "nav_font_size": 13,
    "nav_letter_spacing": 1,
    "nav_shadow": false,
    "button_weight": "normal",
    "button_font_style": "uppercase",
    "button_font_size": 14,
    "mega_text_font_size": 14,
    "mega_text_letter_spacing": 1,
    "headline__font": "libre_baskerville_n4",
    "headline_font_style": "uppercase",
    "headline_font_size": 24,
    "headline_letter_spacing": 2,
    "slideshow_headline__font": "libre_baskerville_n4",
    "slideshow_headline_font_style": "none",
    "slideshow_headline_size": 45,
    "slideshow_headline_letter_spacing": 0,
    "slideshow_headline_shadow": true,
    "slideshow_subtitle__font": "fira_sans_n4",
    "slideshow_subtitle_font_style": "none",
    "slideshow_subtitle_size": 20,
    "slideshow_subtitle_letter_spacing": 1,
    "slideshow_shadow": true,
    "regular__font": "libre_baskerville_n4",
    "regular_font_style": "none",
    "regular_font_size": 15,
    "footer_logo_font_size": 14,
    "footer_heading_font_size": 14,
    "footer_font_size": 12,
    "mega_menu_1": true,
    "mega_menu_2": false,
    "mega_menu_3": false,
    "mega_menu_4": false,
    "mega_menu_5": false,
    "search_option": "products",
    "search_pagination_type": "infinite_scroll",
    "enable_autocomplete": true,
    "search_to_display": 5,
    "thumbnail_hover_enabled": true,
    "display_vendor": false,
    "collection_secondary_image": false,
    "sale_banner_enabled": true,
    "collection_swatches": false,
    "mobile_products_per_row": "2",
    "pagination_type": "infinite_scroll",
    "align_height": false,
    "collection_height": 200,
    "notify_me_form": true,
    "notify_me_richtext": "<p>Notify me when this product is available:<\/p>",
    "product_form_style": "swatches",
    "display_product_quantity": true,
    "limit_quantity": false,
    "display_inventory_left": false,
    "inventory_threshold": 10,
    "sold_out_text": "Sold Out",
    "free_price_text": "Free",
    "size_chart": "",
    "enable_shopify_review_comments": true,
    "enable_shopify_collection_badges": false,
    "quick_shop_enabled": true,
    "quick_shop_style": "inline",
    "show_payment_button": true,
    "quick_shop_display_vendor": false,
    "quick_shop_display_savings": true,
    "quick_shop_zoom": true,
    "quick_shop_full_description": false,
    "description_words": 25,
    "quick_shop_product_description_position": "top",
    "quick_shop_gallery_arrows": true,
    "quick_shop_slideshow_animation": "fade",
    "quick_shop_product_images_position": "left",
    "quick_shop_product_thumbs": true,
    "quick_shop_thumbnail_position": "bottom-thumbnails",
    "cart_action": "ajax",
    "show_lock_icon": true,
    "display_tos_checkbox": true,
    "tos_page": "",
    "go_to_checkout": true,
    "display_special_instructions": true,
    "display_savings": true,
    "cart_message": "",
    "show_shipping_calculator": false,
    "shipping_calculator_default_country": "United States",
    "show_multiple_currencies": true,
    "currency_format": "money_format",
    "supported_currencies": "USD CAD AUD GBP EUR JPY",
    "default_currency": "USD",
    "mailchimp_link": "",
    "secondary_newsletter_banner": false,
    "newsletter_popup": false,
    "newsletter_popup_close": true,
    "newsletter_popup_mobile": false,
    "newsletter_popup_form": true,
    "display_first_name": true,
    "display_last_name": true,
    "use_newsletter_border": true,
    "newsletter_bg": "shopify:\/\/shop_images\/rectangle-10.jpg",
    "image_crop": "none",
    "newsletter_popup_image_align": "left",
    "newsletter_popup_title": "Sign up today",
    "newsletter_popup_text": "<p>Be the first to know about exciting new designs, special events and much more.<\/p>",
    "newsletter_popup_text_align": "center",
    "popup_button1": "",
    "popup_button1_link": "",
    "popup_button1_highlight": false,
    "popup_button2": "",
    "popup_button2_link": "",
    "popup_button2_highlight": false,
    "newsletter_popup_seconds": 0,
    "newsletter_popup_days": "0",
    "twitter_link": "https:\/\/twitter.com\/outofthesandbox",
    "facebook_link": "https:\/\/facebook.com\/ootsb",
    "youtube_link": "https:\/\/youtube.com\/user\/outofthesandbox",
    "vimeo_link": "",
    "pinterest_link": "https:\/\/pinterest.com\/shopify",
    "tumblr_link": "",
    "instagram_link": "https:\/\/www.instagram.com\/outofthesandboxshopify\/",
    "snapchat_link": "",
    "houzz_link": "",
    "linkedin_link": "",
    "email_link": "",
    "og_image_fallback": "shopify:\/\/shop_images\/turbo-dubai-social-share-image.jpg",
    "favicon": "shopify:\/\/shop_images\/dubai-favicon.png",
    "disqus_enabled": false,
    "disqus_shortname": "",
    "checkout_header_image": "",
    "checkout_logo_image": "shopify:\/\/shop_images\/dubai-logo.png",
    "checkout_logo_position": "center",
    "checkout_logo_size": "small",
    "checkout_body_background_image": "",
    "checkout_body_background_color": "#ffffff",
    "checkout_input_background_color_mode": "white",
    "checkout_sidebar_background_image": "",
    "checkout_sidebar_background_color": "#ffffff",
    "checkout_heading_font": "-apple-system, BlinkMacSystemFont, 'Segoe UI', Roboto, Helvetica, Arial, sans-serif, 'Apple Color Emoji', 'Segoe UI Emoji', 'Segoe UI Symbol'",
    "checkout_body_font": "-apple-system, BlinkMacSystemFont, 'Segoe UI', Roboto, Helvetica, Arial, sans-serif, 'Apple Color Emoji', 'Segoe UI Emoji', 'Segoe UI Symbol'",
    "checkout_accent_color": "#c7a55d",
    "checkout_button_color": "#c7a55d",
    "checkout_error_color": "#e32c2b",
    "google_link": "",
    "featured_promos_text_color": "#ffffff",
    "use_custom_bg_image": false,
    "custom_logo": "",
    "password-page-background": "",
    "pagework_page_bg_stretched": true,
    "logo_weight": "normal",
    "headline_weight": "lighter",
    "headline_font_text": "normal",
    "nav_weight": "normal",
    "regular_weight": "normal",
    "slideshow_headline_weight": "lighter",
    "slideshow_subtitle_weight": "lighter",
    "slideshow_subtitle_font_text": "normal",
    "review_position": "next_to_gallery",
    "enable_shopify_product_badges": false,
    "use_custom_footer_image": false,
    "use_password_bg_image": "1",
    "use_logo": false,
    "logo_alignment": "center",
    "logo_position": "center",
    "use_logo_home": false,
    "use_logo_mobile": false,
    "logo_width": 160,
    "promo_text": "",
    "phone_number": "",
    "top_bar_menu": "",
    "main_linklist": "main-menu",
    "main_linklist2": "",
    "menu_position": "inline",
    "menu_alignment": "align_left",
    "fixed_header": true,
    "logo_top_padding": "15",
    "menu_top_padding": "10",
    "cart_icon": "cart",
    "search_enabled": true,
    "collection_sidebar": false,
    "product_sidebar": false,
    "collection_top_sidebar_page": "",
    "collection_sidebar_linklist": "",
    "collection_sidebar_linklist2": "",
    "filter_by_category": false,
    "filter_by_tag": true,
    "collection_sidebar_products": true,
    "collection_sidebar_vendors": false,
    "collection_sidebar_page": "",
    "footer_logo": false,
    "footer_linklist_1": "footer",
    "footer_linklist_2": "main-menu",
    "footer_linklist_3": "",
    "footer_content_page": "",
    "copyright_text": "",
    "display_designed_by": true,
    "display_payment_methods": true,
    "behind_menu": true,
    "position_1": "1",
    "position_2": "12",
    "position_3": "7",
    "position_4": "9",
    "position_5": "16",
    "position_6": "15",
    "position_7": "0",
    "position_8": "0",
    "position_9": "0",
    "position_10": "0",
    "position_11": "0",
    "position_12": "0",
    "position_13": "0",
    "position_14": "0",
    "position_15": "0",
    "position_16": "0",
    "position_17": "0",
    "position_18": "0",
    "caption_background": false,
    "image_1_pretext": "Introducing the",
    "image_1_headline": "Turbo Shopify theme",
    "image_1_subtitle": "from Out of the Sandbox",
    "image_1_text_position": "center",
    "image_1_text_align": "center",
    "image_1_button1_text": "",
    "image_1_button1_link": "",
    "image_1_button1_highlight": false,
    "image_1_button2_text": "",
    "image_1_button2_link": "",
    "image_1_button2_highlight": false,
    "image_2_pretext": "",
    "image_2_headline": "",
    "image_2_subtitle": "",
    "image_2_text_position": "left",
    "image_2_text_align": "center",
    "image_2_button1_text": "",
    "image_2_button1_link": "",
    "image_2_button1_highlight": false,
    "image_2_button2_text": "",
    "image_2_button2_link": "",
    "image_2_button2_highlight": false,
    "image_3_pretext": "",
    "image_3_headline": "",
    "image_3_subtitle": "",
    "image_3_text_position": "left",
    "image_3_text_align": "center",
    "image_3_button1_text": "",
    "image_3_button1_link": "",
    "image_3_button1_highlight": false,
    "image_3_button2_text": "",
    "image_3_button2_link": "",
    "image_3_button2_highlight": false,
    "image_4_pretext": "",
    "image_4_headline": "",
    "image_4_subtitle": "",
    "image_4_text_position": "left",
    "image_4_text_align": "center",
    "image_4_button1_text": "",
    "image_4_button1_link": "",
    "image_4_button1_highlight": false,
    "image_4_button2_text": "",
    "image_4_button2_link": "",
    "image_4_button2_highlight": false,
    "image_5_pretext": "",
    "image_5_headline": "",
    "image_5_subtitle": "",
    "image_5_text_position": "left",
    "image_5_text_align": "center",
    "image_5_button1_text": "",
    "image_5_button1_link": "",
    "image_5_button1_highlight": false,
    "image_5_button2_text": "",
    "image_5_button2_link": "",
    "image_5_button2_highlight": false,
    "image_6_pretext": "",
    "image_6_headline": "",
    "image_6_subtitle": "",
    "image_6_text_position": "left",
    "image_6_text_align": "left",
    "image_6_button1_text": "",
    "image_6_button1_link": "",
    "image_6_button1_highlight": false,
    "image_6_button2_text": "",
    "image_6_button2_link": "",
    "image_6_button2_highlight": false,
    "featured_promos_per_row": "4",
    "featured_promos_grid": "full_width",
    "feature_title_on_image_enabled": true,
    "featured_links_style": "",
    "feature1_enabled": true,
    "feature1_link": "",
    "feature1_title": "Promo 1",
    "feature1_description": "Optional description can go here",
    "feature1_button": "",
    "feature2_enabled": true,
    "feature2_link": "http:\/\/help.outofthesandbox.com\/",
    "feature2_title": "Promo 2",
    "feature2_description": "Visit the Out of the Sandbox Support Center for Turbo-related articles and how-tos",
    "feature2_button": "",
    "feature3_enabled": true,
    "feature3_link": "",
    "feature3_title": "Promo 3",
    "feature3_description": "Publish Turbo as your main theme when you're ready to launch!",
    "feature3_button": "",
    "feature4_enabled": true,
    "feature4_link": "",
    "feature4_title": "Promo 4",
    "feature4_description": "Let us know when your new shop launches on Twitter",
    "feature4_button": "",
    "feature5_enabled": false,
    "feature5_link": "",
    "feature5_title": "",
    "feature5_description": "",
    "feature5_button": "",
    "feature6_enabled": false,
    "feature6_link": "",
    "feature6_title": "",
    "feature6_description": "",
    "feature6_button": "",
    "feature7_enabled": false,
    "feature7_link": "",
    "feature7_title": "",
    "feature7_description": "",
    "feature7_button": "",
    "feature8_enabled": false,
    "feature8_link": "",
    "feature8_title": "",
    "feature8_description": "",
    "feature8_button": "",
    "frontpage_linklist": "",
    "frontpage_collections_per_row": "1",
    "frontpage_text_align": "left",
    "frontpage_collection": "frontpage",
    "frontpage_collection_style": "slider",
    "frontpage_products_per_row": "4",
    "frontpage_collection2": "",
    "frontpage_collection_style2": "grid",
    "frontpage_products_per_row2": "4",
    "frontpage_collection_full": "",
    "frontpage_display_description": false,
    "frontpage_product_stagger": true,
    "homepage1": "frontpage",
    "homepage2": "",
    "homepage3": "",
    "blog_widget_select": "news",
    "home_page_articles": "4",
    "slideshow_text_animation": "fadeIn",
    "slideshow_text_background": false,
    "slidespeed": "6000",
    "slide1_enabled": true,
    "slide1_alt_text": "",
    "slide1_pretext": "A full-width slideshow",
    "slide1_headline": "This is a big heading",
    "slide1_subtitle": "This is a subheading where you can include more text if you wish",
    "slide1_text_position": "right",
    "slide1_text_align": "right",
    "slide1_button1_text": "",
    "slide1_button1_link": "",
    "slide1_button1_highlight": false,
    "slide1_button2_text": "",
    "slide1_button2_link": "",
    "slide1_button2_highlight": false,
    "slide2_enabled": true,
    "slide2_alt_text": "",
    "slide2_pretext": "",
    "slide2_headline": "Just a banner heading here",
    "slide2_subtitle": "",
    "slide2_text_position": "center",
    "slide2_text_align": "center",
    "slide2_button1_text": "Button 1",
    "slide2_button1_link": "",
    "slide2_button1_highlight": true,
    "slide2_button2_text": "Button 2",
    "slide2_button2_link": "",
    "slide2_button2_highlight": false,
    "slide3_enabled": false,
    "slide3_alt_text": "",
    "slide3_pretext": "",
    "slide3_headline": "",
    "slide3_subtitle": "",
    "slide3_text_position": "left",
    "slide3_text_align": "left",
    "slide3_button1_text": "",
    "slide3_button1_link": "",
    "slide3_button1_highlight": false,
    "slide3_button2_text": "",
    "slide3_button2_link": "",
    "slide3_button2_highlight": false,
    "slide4_enabled": false,
    "slide4_alt_text": "",
    "slide4_pretext": "",
    "slide4_headline": "",
    "slide4_subtitle": "",
    "slide4_text_position": "left",
    "slide4_text_align": "left",
    "slide4_button1_text": "",
    "slide4_button1_link": "",
    "slide4_button1_highlight": false,
    "slide4_button2_text": "",
    "slide4_button2_link": "",
    "slide4_button2_highlight": false,
    "slide5_enabled": false,
    "slide5_alt_text": "",
    "slide5_pretext": "",
    "slide5_headline": "",
    "slide5_subtitle": "",
    "slide5_text_position": "left",
    "slide5_text_align": "left",
    "slide5_button1_text": "",
    "slide5_button1_link": "",
    "slide5_button1_highlight": false,
    "slide5_button2_text": "",
    "slide5_button2_link": "",
    "slide5_button2_highlight": false,
    "slide6_enabled": false,
    "slide6_alt_text": "",
    "slide6_pretext": "",
    "slide6_headline": "",
    "slide6_subtitle": "",
    "slide6_text_position": "left",
    "slide6_text_align": "left",
    "slide6_button1_text": "",
    "slide6_button1_link": "",
    "slide6_button1_highlight": false,
    "slide6_button2_text": "",
    "slide6_button2_link": "",
    "slide6_button2_highlight": false,
    "banner_video_source": "youtube",
    "aspect_ratio": "16:9",
    "banner_video_autoloop": false,
    "banner_video_autoplay": false,
    "banner_video_text": false,
    "video_dark_overlay": false,
    "banner_video_id": "eGyhA-DIYvg",
    "banner_video_mp4": "",
    "banner_video_ogv": "",
    "video_pretext": "Full-width video section",
    "video_headline": "Optional heading here",
    "video_subtitle": "",
    "video_text_position": "center",
    "video_text_align": "center",
    "video_button1_text": "Play Video",
    "video_button1_link": "",
    "video_button1_highlight": true,
    "video_button2_text": "",
    "video_button2_link": "",
    "video_button2_highlight": false,
    "twitter_widget": false,
    "twitter_username": "",
    "twitter_theme": "light",
    "tweet_count": "3",
    "instagram_widget": false,
    "instagram_client_id": "",
    "instagram_title": "Instagram",
    "instagram_count": "4",
    "product_breadcrumb": true,
    "display_tags": true,
    "display_type": true,
    "display_sku": false,
    "display_collections": true,
    "display_related_products": true,
    "products_per_slide": "3",
    "gallery_arrows": true,
    "product_thumbs": true,
    "activate_zoom": true,
    "activate_autoplay": false,
    "product_images_position": "left",
    "thumbnail_position": "left-thumbnails",
    "product_description_position": "bottom",
    "products_per_row": "4",
    "pagination_limit": "24",
    "collection_breadcrumb": true,
    "collection_tags": true,
    "collection_sort": true,
    "display_collection_title": true,
    "display_vendor_collection": false,
    "collection_banner_enabled": false,
    "display_collection_header_title": false,
    "contact_address": "",
    "zoom_level": "15",
    "contact_banner_enabled": true,
    "image_contact_headline": "",
    "image_contact_subtitle": "",
    "blog_posts_per_page": "6",
    "blog_articles_per_row": "3",
    "blog_breadcrumb": true,
    "blog_tags": true,
    "blog_author": true,
    "blog_date": true,
    "blog_comment_count": true,
    "read_more_link": true,
    "blog_additional_articles": true,
    "sidebar_enabled": false,
    "blog_search": true,
    "blog_newsletter": true,
    "display_recent_articles": false,
    "blog_sidebar_tags": true,
    "blog_content_page": "",
    "article_banner_enabled": false,
    "article_banner_darken": true,
    "blog_banner_enabled": false,
    "image_blog_headline": "",
    "image_blog_subtitle": "",
    "use_newsletter_image": true,
    "newsletter_img_alt_text": "",
    "newsletter_banner": true,
    "use_newsletter_section_bg_image": false,
    "newsletter_section_text_align": "center",
    "display_social_buttons": true,
    "social_icons_header": true,
    "social_icons_footer": true,
    "icon_btn_color": "#969696",
    "icon_btn_text_color": "#FFFFFF",
    "quick_shop_color": "#000000",
    "slideshow_arrows": "0",
    "home_blog_slider": "0",
    "promo_banner_global": false,
    "side_cart_position": "right",
    "slideshow_subtitle_typeface_method": "google_webfonts",
    "headline_animation": "fadeIn",
    "share_banner_color": "#007a87",
    "dropdown_column_links": "10",
    "content_top_padding": "100",
    "tab_background_color": "#ffffff",
    "mobile_header_bg_color": "#666666",
    "mobile_menu_color": "black",
    "shop_use_content_bg_color": false,
    "shop_content_bg_color": "",
    "shop_use_home_page_content_bg_color": true,
    "logo_typeface_method": "google_webfonts",
    "logo_websafe_font": "Helvetica, Arial, sans-serif",
    "logo_color_home": "#ffffff",
    "headline_typeface_method": "google_webfonts",
    "headline_websafe_font": "'HelveticaNeue-Light', 'Helvetica Neue Light', 'Helvetica Neue', Helvetica, Arial, sans-serif",
    "nav_typeface_method": "google_webfonts",
    "nav_websafe_font": "'Lucida Grande', 'Lucida Sans Unicode', 'Lucida Sans', Lucida, Helvetica, Arial, sans-serif",
    "regular_typeface_method": "websafe",
    "regular_websafe_font": "'HelveticaNeue-Light', 'Helvetica Neue Light', 'Helvetica Neue', Helvetica, Arial, sans-serif",
    "slideshow_1_enabled": true,
    "homepage_arrow": true,
    "image_1_height": "550",
    "image_1_alt_text": "",
    "image_1_text_color": "#ffffff",
    "image_1_button_text": "",
    "image_1_link": "",
    "slideshow_2_enabled": false,
    "image_2_position": "3",
    "image_2_height": "550",
    "image_2_alt_text": "",
    "image_2_text_color": "#ffffff",
    "image_2_button_text": "",
    "image_2_link": "",
    "slideshow_3_enabled": false,
    "image_3_position": "5",
    "image_3_height": "550",
    "image_3_alt_text": "",
    "image_3_text_color": "#ffffff",
    "image_3_button_text": "",
    "image_3_link": "",
    "slideshow_4_enabled": false,
    "image_4_position": "7",
    "image_4_height": "600",
    "image_4_alt_text": "",
    "image_4_text_color": "#ffffff",
    "image_4_button_text": "",
    "image_4_link": "",
    "slideshow_5_enabled": false,
    "image_5_position": "10",
    "image_5_height": "550",
    "image_5_alt_text": "",
    "image_5_text_color": "#ffffff",
    "image_5_button_text": "",
    "image_5_link": "",
    "slideshow_6_enabled": false,
    "image_6_position": "2",
    "image_6_height": "550",
    "image_6_alt_text": "",
    "image_6_text_color": "#ffffff",
    "image_6_button_text": "",
    "image_6_link": "",
    "content_1_position": "4",
    "content_2_position": "6",
    "content_3_position": "10",
    "featured_links_position": "2",
    "featured_links": true,
    "featured_links_count": "3",
    "featured_collections_position": "15",
    "featured_products_position": "8",
    "featured_product_position": "9",
    "featured_blog_position": "13",
    "featured_social_position": "14",
    "instagram_username": "",
    "product_slideshow_animation": "slide",
    "add_to_cart_text": "Add to Cart",
    "related_products_title": "Related Items",
    "inventory_left_text": "items left",
    "homepage_sidebar": false,
    "collection_sidebar_vendor_text": "Vendors",
    "tags_text": "Filter",
    "side_cart_enabled": true,
    "tax_included": false,
    "shipping_calculator_heading": "Shipping rates calculator",
    "shipping_calculator_submit_button_label": "Calculate shipping rates",
    "shipping_calculator_submit_button_label_disabled": "Calculating...",
    "constrain_logo": true,
    "total_text": "TOTAL",
    "display_social_buttons_blog": true,
    "newsletter_enabled": true,
    "newsletter_description": "Sign up to get the latest on sales, new releases and more …",
    "newsletter_success_text": "Thank you for joining our mailing list!",
    "newsletter_system": "shopify",
    "flickr_link": "",
    "newsletter_popup_page": "",
    "newsletter_popup_max_width": "600",
    "blog_widget": "false",
    "instagram_tag_name": "",
    "slideshow_animation": "fade",
    "slideshow_menu": "true",
    "side_cart_button_position": "bottom",
    "nav_active_color": "#B8C6C6",
    "quick_shop_text": "Quick View",
    "newsletter_text": "News & Updates",
    "footer_link_color": "#55c0d4",
    "footer_link_color_hover": "#fc4c02",
    "footer_color": "#16161d",
    "footer_text_color": "#ffffff",
    "featured_text": "#ffffff",
    "feature1_text": "420x265",
    "feature2_text": "420x265",
    "feature3_text": "420x265",
    "featured_links_weight": "bold",
    "social_icons_enabled": "true",
    "headline_sub_footer_text_color": "#404040",
    "sections": {
      "header": {
        "type": "header",
        "settings": {
          "promo_text": "<p>Our Fall 2018 Collection&nbsp;has arrived!<\/p>",
          "social_icons_header": true,
          "phone_number": "",
          "top_bar_menu": "",
          "show_cart": true,
          "cart_icon": "bag",
          "logo_display_width": 120,
          "logo": "shopify:\/\/shop_images\/dubai-logo.png",
          "logo_home": "",
          "logo_mobile": "shopify:\/\/shop_images\/dubai-mobile-logo-03_4e893d47-6e78-4695-b476-c121f23c5be8.png",
          "main_linklist": "main-menu",
          "main_linklist2": "",
          "vertical_menu": true,
          "search_enabled": true,
          "fixed_header": true,
          "logo_position": "center",
          "logo_alignment": "center",
          "menu_position": "block",
          "menu_alignment": "center",
          "logo_top_padding": 10,
          "menu_top_padding": 10
        }
      },
      "footer": {
        "type": "footer",
        "blocks": {
          "footer-0": {
            "type": "logo",
            "settings": {
              "image": "shopify:\/\/shop_images\/dubai-logo-white-01.png",
              "text_align": "left",
              "social_icons_footer": false
            }
          },
          "footer-1": {
            "type": "link_list",
            "settings": {
              "menu": "shop",
              "social_icons_footer": false
            }
          },
          "footer-2": {
            "type": "link_list",
            "settings": {
              "menu": "footer",
              "social_icons_footer": false
            }
          },
          "footer-3": {
            "type": "text",
            "settings": {
              "title": "Courtesy",
              "content": "<p>All of the beautiful products in this demo shop are courtesy of <a href=\"http:\/\/keevil.com.au\">KEEVIL<\/a> and <a href=\"http:\/\/ursul.com\">Ursul. <\/a><\/p>",
              "social_icons_footer": true
            }
          },
          "1540298984231": {
            "type": "newsletter",
            "settings": {
              "title": "Newsletter",
              "newsletter_text": "<p>Be the first to know about exciting new designs, special events and much more.<\/p>",
              "show_firstname": false,
              "show_lastname": false,
              "show_social": false
            }
          }
        },
        "block_order": [
          "footer-0",
          "footer-1",
          "footer-2",
          "footer-3",
          "1540298984231"
        ],
        "settings": {
          "copyright_text": "",
          "display_designed_by": true,
          "display_payment_methods": true
        }
      },
      "1489283919239": {
        "type": "featured-collection",
        "settings": {
          "title": "Featured Collection",
          "collection_description": true,
          "collection": "frontpage",
          "collection_style": "grid",
          "products_per": 3,
          "products_limit": 6
        }
      },
      "1489285418400": {
        "type": "featured-blog",
        "settings": {
          "title": "The Latest",
          "blog_widget_select": "news",
          "home_page_articles": 4,
          "blog_tags": false,
          "blog_author": false,
          "read_time": true,
          "blog_date": false,
          "blog_comment_count": false,
          "read_more_link": false
        }
      },
      "product-template": {
        "type": "product-template",
        "settings": {
          "product_breadcrumb": false,
          "display_vendor": false,
          "display_sku": false,
          "display_savings": true,
          "display_collections": false,
          "display_type": false,
          "display_tags": false,
          "display_social_buttons": true,
          "product_description_position": "top",
          "gallery_arrows": true,
          "activate_zoom": true,
          "enable_product_lightbox": true,
          "activate_autoplay": false,
          "slideshow_animation": "slide",
          "product_images_position": "left",
          "product_thumbs": true,
          "thumbnail_position": "bottom-slider",
          "enable_shopify_product_badges": false,
          "review_position": "below_gallery",
          "show_payment_button": false,
          "display_recently_viewed": false,
          "rv_title": "Recently Viewed Items",
          "rv_products_style": "grid",
          "rv_max_display": 4,
          "rv_per": 5,
          "toggle": false
        }
      },
      "mega-menu-1": {
        "type": "mega-menu-1",
        "blocks": {
          "mega-menu-1-0": {
            "type": "column",
            "settings": {
              "richtext_top": "",
              "image_top": "shopify:\/\/shop_images\/rectangle-12.jpg",
              "image_caption_top": "Discover Fall 2019 Collection",
              "image_link_top": "shopify:\/\/collections\/fall-2018-collection",
              "menu_1": "",
              "menu_1_link": "",
              "menu_2": "",
              "menu_2_link": "",
              "menu_3": "",
              "menu_3_link": "",
              "menu_4": "",
              "menu_4_link": "",
              "image_bottom": "",
              "image_caption_bottom": "",
              "image_link_bottom": "",
              "richtext_bottom": ""
            }
          },
          "mega-menu-1-1": {
            "type": "column",
            "settings": {
              "richtext_top": "",
              "image_top": "",
              "image_caption_top": "",
              "image_link_top": "",
              "menu_1": "leather-bracelets",
              "menu_1_link": "shopify:\/\/collections\/leather-bracelets",
              "menu_2": "",
              "menu_2_link": "",
              "menu_3": "",
              "menu_3_link": "",
              "menu_4": "",
              "menu_4_link": "",
              "image_bottom": "",
              "image_caption_bottom": "",
              "image_link_bottom": "",
              "richtext_bottom": ""
            }
          },
          "mega-menu-1-2": {
            "type": "column",
            "settings": {
              "richtext_top": "",
              "image_top": "",
              "image_caption_top": "",
              "image_link_top": "",
              "menu_1": "bangle-bracelets",
              "menu_1_link": "shopify:\/\/collections\/silver-and-gold",
              "menu_2": "",
              "menu_2_link": "",
              "menu_3": "",
              "menu_3_link": "",
              "menu_4": "",
              "menu_4_link": "",
              "image_bottom": "",
              "image_caption_bottom": "",
              "image_link_bottom": "",
              "richtext_bottom": ""
            }
          },
          "mega-menu-1-3": {
            "type": "column",
            "settings": {
              "richtext_top": "",
              "image_top": "",
              "image_caption_top": "",
              "image_link_top": "",
              "menu_1": "handbags",
              "menu_1_link": "shopify:\/\/collections\/bags-purses",
              "menu_2": "",
              "menu_2_link": "",
              "menu_3": "",
              "menu_3_link": "",
              "menu_4": "",
              "menu_4_link": "",
              "image_bottom": "",
              "image_caption_bottom": "",
              "image_link_bottom": "",
              "richtext_bottom": ""
            }
          },
          "mega-menu-1-4": {
            "type": "column",
            "settings": {
              "richtext_top": "",
              "image_top": "",
              "image_caption_top": "",
              "image_link_top": "",
              "menu_1": "rings",
              "menu_1_link": "shopify:\/\/collections\/women",
              "menu_2": "",
              "menu_2_link": "",
              "menu_3": "",
              "menu_3_link": "",
              "menu_4": "",
              "menu_4_link": "",
              "image_bottom": "",
              "image_caption_bottom": "",
              "image_link_bottom": "",
              "richtext_bottom": ""
            }
          }
        },
        "block_order": [
          "mega-menu-1-0",
          "mega-menu-1-1",
          "mega-menu-1-2",
          "mega-menu-1-3",
          "mega-menu-1-4"
        ],
        "settings": {
          "parent": "Shop"
        }
      },
      "cart-template": {
        "type": "cart-template",
        "blocks": {
          "1541165606190": {
            "type": "featured_collection",
            "settings": {
              "title": "You may also be interested in",
              "collection_description": false,
              "collection": "leather-bracelets",
              "collection_style": "grid",
              "products_per": 3,
              "products_limit": 3
            }
          }
        },
        "block_order": [
          "1541165606190"
        ],
        "settings": {
          "display_special_instructions": false,
          "display_savings": true,
          "cart_message": ""
        }
      },
      "1540193892753": {
        "type": "slideshow",
        "blocks": {
          "1540193892753-1": {
            "type": "image",
            "settings": {
              "image": "shopify:\/\/shop_images\/fall-collection-banner_e396280e-16b3-47c7-b703-a6650411c8bf.jpg",
              "pretext": "",
              "title": "Fall for us",
              "subtitle": "<p>A new modern collection for your favorite season<\/p>",
              "caption_background": false,
              "caption_background_transparency": false,
              "button1": "Shop Now",
              "button1_link": "shopify:\/\/collections\/men",
              "button1_highlight": false,
              "button2": "",
              "button2_link": "",
              "button2_highlight": false,
              "text_position": "left",
              "text_align": "left"
            }
          },
          "1540194107958": {
            "type": "image",
            "settings": {
              "image": "shopify:\/\/shop_images\/banner-26.jpg",
              "pretext": "",
              "title": "Discover Our Luxury Leather Handbags",
              "subtitle": "",
              "caption_background": false,
              "caption_background_transparency": false,
              "button1": "",
              "button1_link": "shopify:\/\/collections\/bags-purses",
              "button1_highlight": false,
              "button2": "",
              "button2_link": "",
              "button2_highlight": false,
              "text_position": "center",
              "text_align": "center"
            }
          },
          "1540193892753-0": {
            "type": "image",
            "settings": {
              "image": "shopify:\/\/shop_images\/banner-33.jpg",
              "pretext": "",
              "title": "Your favorite handbag is back for a limited time",
              "subtitle": "<p>Bring the office anywhere with our Top Flap Tote<\/p>",
              "caption_background": false,
              "caption_background_transparency": false,
              "button1": "SHOP NOW",
              "button1_link": "shopify:\/\/products\/handmade-leather-large-top-folding-tote-black",
              "button1_highlight": false,
              "button2": "",
              "button2_link": "",
              "button2_highlight": false,
              "text_position": "center",
              "text_align": "left"
            }
          }
        },
        "block_order": [
          "1540193892753-1",
          "1540194107958",
          "1540193892753-0"
        ],
        "settings": {
          "wide_display": true,
          "slideshow_text_animation": "fadeIn",
          "slideshow_animation": "fade",
          "slideshow_speed": 6,
          "activate_adaptiveHeight": false
        }
      },
      "1540296954532": {
        "type": "featured-promotions",
        "blocks": {
          "1540296954532-0": {
            "type": "image",
            "settings": {
              "image": "shopify:\/\/shop_images\/leather-bracelets.jpg",
              "link": "shopify:\/\/collections\/leather-bracelets",
              "title": "Leather bracelets collection",
              "text": "",
              "button_label": ""
            }
          },
          "1540296954532-1": {
            "type": "image",
            "settings": {
              "image": "shopify:\/\/shop_images\/bags-collection.jpg",
              "link": "shopify:\/\/collections\/men",
              "title": "Fall 2019 Collection",
              "text": "",
              "button_label": ""
            }
          }
        },
        "block_order": [
          "1540296954532-0",
          "1540296954532-1"
        ],
        "settings": {
          "featured_promos_grid": false,
          "promo_text_on_image_enabled": true,
          "featured_promos_per_row": 2,
          "featured_links_animation": "fadeIn",
          "feature_style": "square"
        }
      },
      "collection-template": {
        "type": "collection-template",
        "settings": {
          "display_collection_title": false,
          "collection_breadcrumb": true,
          "collection_tags": false,
          "collection_sort": false,
          "image": "",
          "featured_collection_image": false,
          "image_darken": false,
          "products_per_row": 4,
          "pagination_limit": 48,
          "toggle": false
        }
      },
      "list-collections-template": {
        "type": "list-collections-template",
        "settings": {
          "image": "",
          "image_darken": false,
          "collection_breadcrumb": true,
          "display_collection_title": false,
          "align_height": false,
          "collection_height": 200,
          "collections_per_row": 3,
          "pagination_limit": 48,
          "toggle": false
        }
      },
      "page-details-template": {
        "type": "page-details-template",
        "blocks": {
          "page-details-template-6": {
            "type": "featured_video",
            "settings": {
              "wide_display": true,
              "aspect_ratio": "16:9",
              "autoplay": false,
              "autoloop": true,
              "video_dark_overlay": false,
              "video": "https:\/\/www.youtube.com\/watch?v=mIK55-6a9fk&feature=youtu.be",
              "mp4": "",
              "ogv": "",
              "image": "shopify:\/\/shop_images\/dubai-video-placeholder.jpg",
              "display_text_over_video": false,
              "pretext": "",
              "title": "",
              "subtitle": "",
              "text_position": "center",
              "text_align": "center",
              "caption_background": false,
              "caption_background_transparency": false,
              "button1_label": "",
              "button1_link": "",
              "button1_highlight": false,
              "button2_label": "",
              "button2_link": "",
              "button2_highlight": false
            }
          },
          "page-details-template-1": {
            "type": "divider",
            "settings": {
              "divider_spacing": 30,
              "divider_border": false
            }
          },
          "page-details-template-3": {
            "type": "divider",
            "settings": {
              "divider_spacing": 10,
              "divider_border": false
            }
          },
          "1540833618208": {
            "type": "image_with_text",
            "settings": {
              "layout": false,
              "frontpage_text_align": "left",
              "frontpage_image_position": "left",
              "image": "shopify:\/\/shop_images\/geoffrey.jpg",
              "image_crop": "none",
              "title": "THE BRAND",
              "text": "<p>Launched in 2016 by Geoffrey and Alex Ciantar, DUBAI is a luxury leather goods and jewelry label that explores the relationship between high end functionality and artisanal craftsmanship.<\/p>\n<p>Designer Alex Ciantar studied the art of bag making in Florence under some of Italy&rsquo;s leading leather workers and designers. Geoffrey worked under his father from a young age, and has designed collections for other leading brands in the industry. Inspired to carry on this enduring tradition, DUBAI practises traditional Italian expertise under ultramodern design sensibility.<\/p>\n<p><\/p>",
              "link": "",
              "button_label": ""
            }
          },
          "1540834832942": {
            "type": "quote",
            "settings": {
              "quote_text": "\"High end functionality and artisanal craftsmanship.\"",
              "quote_link": ""
            }
          },
          "page-details-template-9": {
            "type": "divider",
            "settings": {
              "divider_spacing": 10,
              "divider_border": false
            }
          },
          "1540834704528": {
            "type": "image_with_text",
            "settings": {
              "layout": false,
              "frontpage_text_align": "left",
              "frontpage_image_position": "right",
              "image": "shopify:\/\/shop_images\/alex.jpg",
              "image_crop": "none",
              "title": "",
              "text": "<p>With a design-led approach to luxury, DUBAI goes beyond fashion trends and offers timeless, exceptional pieces that complement a modern lifestyle. DUBAI encourages those who delve away from the limitations of fast fashion and run toward the openness and honesty of consciously produced products. Based on the southeast coast of the Persian Gulf, DUBAI heralds a slower approach to manufacturing and a strong commitment to sustainability.<\/p>\n<p>With their first release of leather handbags and jewelry, DUBAI reconnects their customer with artisanship, quality and subtlety. The products' blank canvas-like quality encourages true freedom for the wearer&rsquo;s own creativity and individualism. The DUBAI collector wears a bag, bracelet or ring, not as a sign of inclusion, but as a way of self-expression.<\/p>",
              "link": "",
              "button_label": ""
            }
          },
          "page-details-template-13": {
            "type": "divider",
            "settings": {
              "divider_spacing": 30,
              "divider_border": false
            }
          },
          "page-details-template-14": {
            "type": "map",
            "settings": {
              "wide_display": true,
              "map_address": "6 Al Droor St, Dubai - United Arab Emirates",
              "map_height": 400,
              "zoom_level": 14,
              "map_image": "",
              "api_key": "AIzaSyB5YRYbKL_3UI0TVoI8bBR3_xDzdLiV7Zg",
              "show_pin": false,
              "map_style": "silver"
            }
          }
        },
        "block_order": [
          "page-details-template-6",
          "page-details-template-1",
          "page-details-template-3",
          "1540833618208",
          "1540834832942",
          "page-details-template-9",
          "1540834704528",
          "page-details-template-13",
          "page-details-template-14"
        ],
        "settings": {}
      },
      "blog-template": {
        "type": "blog-template",
        "settings": {
          "image": "",
          "image_darken": false,
          "subtitle": "From our latest designs to our process, people and places behind them – explore what we’ve been up to and what’s yet to come.",
          "blog_posts_per_row": 3,
          "blog_posts_per_page": 12,
          "blog_tags": false,
          "blog_author": false,
          "read_time": true,
          "blog_date": true,
          "blog_comment_count": true,
          "read_more_link": true,
          "toggle": false
        }
      },
      "article-template": {
        "type": "article-template",
        "settings": {
          "image_darken": false,
          "blog_breadcrumb": true,
          "blog_pagination": true,
          "blog_tags": false,
          "blog_byline": false,
          "read_time": true,
          "blog_date": true,
          "blog_author": false,
          "display_social_buttons": true,
          "blog_comment_count": true,
          "blog_additional_posts": false,
          "read_more_link": true,
          "toggle": false
        }
      },
      "page-faq-template": {
        "type": "page-faq-template",
        "blocks": {
          "page-faq-template-0": {
            "type": "heading",
            "settings": {
              "heading": "Leather"
            }
          },
          "page-faq-template-1": {
            "type": "Content",
            "settings": {
              "title": "Where is the best place to store my leather bag?",
              "subtitle": "<p>Leather can be damaged by exposure to extreme heat, sunlight or moisture. Ideally you should keep your bag in a fabric dust bag and then store it in a cool, dry, dark place. Leave plenty of space around the bag and wrap buckles and zippers to prevent them marking the bag. You may wish to stuff the bag with acid free paper in order to maintain its shape.&nbsp;<\/p>"
            }
          },
          "page-faq-template-2": {
            "type": "Content",
            "settings": {
              "title": "How do I clean my leather bag?",
              "subtitle": "<p>Empty your bag and remove loose dirt with a soft brush, a lint roller or the brush attachment of a vacuum cleaner. Use either a specialist leather cleaner or a small quantity of warm soapy water and gently wipe the bag with a soft cloth. If you are using soapy water, towel dry the bag immediately. Never saturate leather with water and never apply chemical cleaners. Depending on the conditions to which it is exposed, leather will dry out over time and its fibres become brittle and crack. To prevent this, you need to replace the leather&rsquo;s oils after cleaning.<\/p>\n<p>Use a conditioner which is an emulsion of natural oils and waxes and which is easily absorbed into the leather. The application of beeswax will help waterproof the leather.<\/p>"
            }
          },
          "page-faq-template-3": {
            "type": "Content",
            "settings": {
              "title": "Can leather bags be washed in a washing machine?",
              "subtitle": "<p><strong>NO.<\/strong> Saturating leather causes it long term damage and will irrevocably shorten the life of the item. Cared for properly your leather bag should give a lifetime of service without ever needing to be submerged in water. If you do spill bright yellow curry all over your bag, you may feel that you have no alternative, but it is a last resort and your bag will never be the same again.<\/p>"
            }
          },
          "1540818503850": {
            "type": "Content",
            "settings": {
              "title": "Can leather bags get wet?",
              "subtitle": "<p>You should avoid getting a leather bag wet. A good quality leather bag will not be affected by a rain shower, but you should never allow your bag to become saturated with water. If your bag does become very wet you should stuff it with paper towel, not newspaper because the ink may mark the lining, and replace it as it becomes saturated. Dry the bag in warm conditions but do not use high heat such as a hairdryer or tumble dryer. When the bag is dry, replenish the oils which have been washed out by using a conditioner.<\/p>"
            }
          },
          "page-faq-template-6": {
            "type": "Content",
            "settings": {
              "title": "Can I iron my leather bag?",
              "subtitle": "<p>Ironing a leather bag is possible, but it&rsquo;s not a good idea. A crease or indentation will disappear over time with the application of conditioner but if you really can&rsquo;t wait then proceed with extreme caution. Use the lowest setting on your iron, place brown paper or 100% cotton cloth over the leather and iron quickly and lightly. Condition the leather afterwards to replenish the oils it will have lost.<\/p>"
            }
          },
          "page-faq-template-7": {
            "type": "Content",
            "settings": {
              "title": "How long will my leather bag last?",
              "subtitle": "<p>Our bags are&nbsp;made from good quality full grain leather with sturdy brass fittings and strong zips, which will last you <strong>a lifetime<\/strong>, if you look after it.<\/p>"
            }
          },
          "page-faq-template-4": {
            "type": "heading",
            "settings": {
              "heading": "Jewelry"
            }
          },
          "page-faq-template-5": {
            "type": "Content",
            "settings": {
              "title": "Are Gold Casting Grains Gluten Free?",
              "subtitle": "<p>There is no grain in gold. Gold casting grain is the fresh gold newly mixed with the alloy metals that strengthen the gold enough for jewelry making. This is the form they use in preparing for casting.<\/p>\n<p>They use this size so it melts quickly, and because it is easy to measure out to track how much the jeweler needs.<\/p>"
            }
          },
          "1540819031397": {
            "type": "Content",
            "settings": {
              "title": "How do I remove a bangle that fits too tightly?",
              "subtitle": "<p>Massage lotion or oil into your hand and wrist. Make sure to relax your hand muscles. Now slide the bracelet off of your wrist while gently twisting the band.<\/p>"
            }
          },
          "1540819082177": {
            "type": "Content",
            "settings": {
              "title": "How do I determine my bracelet size?",
              "subtitle": "<p><strong>Step 1:<\/strong>&nbsp;Measure your wrist just below the wrist bone, where one would normally wear a bracelet, with a flexible measuring tape or a strip of paper.<\/p>\n<p><strong>Step 2:<\/strong>&nbsp;If you are using a plain strip of paper, then measure that paper strip with a ruler to determine your wrist size.<\/p>\n<p><strong>Step 3:<\/strong>&nbsp;Add 1\/4 inch to 1 inch (average is 1\/2 inch) to your wrist size, depending on whether you would like a snug, comfort, or loose fit. This is the ideal bracelet length for you.<\/p>"
            }
          },
          "1540819204887": {
            "type": "heading",
            "settings": {
              "heading": "Orders"
            }
          },
          "1540819285043": {
            "type": "Content",
            "settings": {
              "title": "How can I change or cancel my order?",
              "subtitle": "<p>Due to technical restrictions, you are not able to change or cancel your order prior to delivery once it has been confirmed. If you would like to purchase a different item, or no longer wish to receive your order, please return the item you don't want within 30 days of receipt (&nbsp;see return policy) and place a new order if desired. For further assistance, please contact our Customer Service Team.<\/p>"
            }
          },
          "1540819798924": {
            "type": "Content",
            "settings": {
              "title": "How long does it take for my order to arrive?",
              "subtitle": "<p>All orders ship from a central distribution center; therefore, shipping times differ slightly depending on the country in which you place your order.<\/p>"
            }
          },
          "1540819849304": {
            "type": "Content",
            "settings": {
              "title": "Do you offer free shipping?",
              "subtitle": "<p>Yes, we offer free shipping on all orders over $100 before tax.<\/p>"
            }
          },
          "1540819945607": {
            "type": "Content",
            "settings": {
              "title": "How much are shipping costs?",
              "subtitle": "<p>All orders ship from a central distribution center; therefore, shipping costs differ slightly from country to country.&nbsp;<\/p>"
            }
          },
          "1540819992678": {
            "type": "Content",
            "settings": {
              "title": "Can I order by phone?",
              "subtitle": "<p>Please place your order on our website. If you are having any problems our Customer Service teams can help during business hours.&nbsp;<\/p>"
            }
          }
        },
        "block_order": [
          "page-faq-template-0",
          "page-faq-template-1",
          "page-faq-template-2",
          "page-faq-template-3",
          "1540818503850",
          "page-faq-template-6",
          "page-faq-template-7",
          "page-faq-template-4",
          "page-faq-template-5",
          "1540819031397",
          "1540819082177",
          "1540819204887",
          "1540819285043",
          "1540819798924",
          "1540819849304",
          "1540819945607",
          "1540819992678"
        ],
        "settings": {
          "show_banner": true,
          "image": "shopify:\/\/shop_images\/banner-30_de00c5e2-f1a8-4555-a8d7-95e7f282c57d.jpg",
          "pretext": "",
          "title": "FAQ",
          "subtitle": "",
          "caption_background": false,
          "caption_background_transparency": false,
          "text_position": "center",
          "text_align": "center",
          "button1": "",
          "button1_link": "",
          "button1_highlight": false,
          "button2": "",
          "button2_link": "",
          "button2_highlight": false
        }
      },
      "1540824795000": {
        "type": "image-text",
        "blocks": {
          "1540824795000-0": {
            "type": "image",
            "settings": {
              "image": "shopify:\/\/shop_images\/ring_8b72c6f0-b533-426d-9aed-b83f0df6356f.jpg",
              "image_crop": "none",
              "title": "Big moments come in small packages",
              "text": "<p>Handcrafted&nbsp;by artisan jewellers to bring&nbsp;your special occasions to life.<\/p>",
              "button_label": "shop rings",
              "link": "shopify:\/\/collections\/women",
              "bg_color": "",
              "text_color": ""
            }
          }
        },
        "block_order": [
          "1540824795000-0"
        ],
        "settings": {
          "frontpage_grid_style": false,
          "featured_links_per_row": "1",
          "frontpage_text_align": "left",
          "frontpage_image_position": "right"
        }
      },
      "page-gallery-template": {
        "type": "page-gallery-template",
        "blocks": {
          "page-gallery-template-0": {
            "type": "image",
            "settings": {
              "image": "shopify:\/\/shop_images\/rectangle-1_bb1cd2f6-1cc3-4623-907c-fb913b49e69d.jpg",
              "image_link": ""
            }
          },
          "page-gallery-template-4": {
            "type": "image",
            "settings": {
              "image": "shopify:\/\/shop_images\/rectangle-9.jpg",
              "image_link": ""
            }
          },
          "page-gallery-template-5": {
            "type": "image",
            "settings": {
              "image": "shopify:\/\/shop_images\/10838717_489845887821281_466996311_n.jpg",
              "image_link": ""
            }
          },
          "page-gallery-template-6": {
            "type": "image",
            "settings": {
              "image": "shopify:\/\/shop_images\/14624298_991382337655697_8570306544212639744_n.jpg",
              "image_link": ""
            }
          },
          "page-gallery-template-7": {
            "type": "image",
            "settings": {
              "image": "shopify:\/\/shop_images\/14723735_1080498822071881_7439757820603400192_n.jpg",
              "image_link": ""
            }
          },
          "page-gallery-template-8": {
            "type": "image",
            "settings": {
              "image": "shopify:\/\/shop_images\/16122976_1902902203272078_6211388708566859776_n.jpg",
              "image_link": ""
            }
          },
          "page-gallery-template-9": {
            "type": "image",
            "settings": {
              "image": "shopify:\/\/shop_images\/16584968_1310237502347774_2202286477214220288_n.jpg",
              "image_link": ""
            }
          },
          "1540909341480": {
            "type": "image",
            "settings": {
              "image": "shopify:\/\/shop_images\/16789233_1812604612339327_7043247779866476544_n.jpg",
              "image_link": ""
            }
          },
          "1540909357799": {
            "type": "image",
            "settings": {
              "image": "shopify:\/\/shop_images\/17266064_1687952047886949_887748441340379136_n.jpg",
              "image_link": ""
            }
          },
          "1540909450985": {
            "type": "image",
            "settings": {
              "image": "shopify:\/\/shop_images\/18879384_125579594688212_6087591868307079168_n.jpg",
              "image_link": ""
            }
          },
          "1540909485489": {
            "type": "image",
            "settings": {
              "image": "shopify:\/\/shop_images\/21911532_141934803090978_4443570948238475264_n.jpg",
              "image_link": ""
            }
          },
          "1540909500584": {
            "type": "image",
            "settings": {
              "image": "shopify:\/\/shop_images\/24177851_855807261264337_7685795674989789184_n.jpg",
              "image_link": ""
            }
          },
          "1540909518811": {
            "type": "image",
            "settings": {
              "image": "shopify:\/\/shop_images\/24327246_150592055708012_5712827461738168320_n.jpg",
              "image_link": ""
            }
          },
          "1540909533902": {
            "type": "image",
            "settings": {
              "image": "shopify:\/\/shop_images\/29402807_2481935062032265_3932301245368238080_n.jpg",
              "image_link": ""
            }
          },
          "1540909549177": {
            "type": "image",
            "settings": {
              "image": "shopify:\/\/shop_images\/29717991_2092336054382987_1192835215509159936_n.jpg",
              "image_link": ""
            }
          },
          "1540909559258": {
            "type": "image",
            "settings": {
              "image": "shopify:\/\/shop_images\/30829521_362190380960086_9098637411960750080_n.jpg",
              "image_link": ""
            }
          },
          "1540909575934": {
            "type": "image",
            "settings": {
              "image": "shopify:\/\/shop_images\/31686988_205339813601412_4897723663450636288_n.jpg",
              "image_link": ""
            }
          },
          "1540909595729": {
            "type": "image",
            "settings": {
              "image": "shopify:\/\/shop_images\/36626605_219652785349666_4679719125029748736_n.jpg",
              "image_link": ""
            }
          },
          "1540909606150": {
            "type": "image",
            "settings": {
              "image": "shopify:\/\/shop_images\/38081711_286109645305415_8694722040151670784_n.jpg",
              "image_link": ""
            }
          },
          "1540909620709": {
            "type": "image",
            "settings": {
              "image": "shopify:\/\/shop_images\/38278600_264359377728898_7987926231758667776_n.jpg",
              "image_link": ""
            }
          },
          "1540909635350": {
            "type": "image",
            "settings": {
              "image": "shopify:\/\/shop_images\/38901133_286021928876594_6546942456020074496_n.jpg",
              "image_link": ""
            }
          },
          "1540909657113": {
            "type": "image",
            "settings": {
              "image": "shopify:\/\/shop_images\/39968887_661294850917445_7632161102649884672_n.jpg",
              "image_link": ""
            }
          },
          "1540909671715": {
            "type": "image",
            "settings": {
              "image": "shopify:\/\/shop_images\/41120220_2631976210361404_3073682105452986368_n.jpg",
              "image_link": ""
            }
          },
          "1540909685676": {
            "type": "image",
            "settings": {
              "image": "shopify:\/\/shop_images\/41394482_427743717749151_1087578220057853952_n.jpg",
              "image_link": ""
            }
          },
          "1540909697613": {
            "type": "image",
            "settings": {
              "image": "shopify:\/\/shop_images\/41434209_292183014844582_8360465411476553728_n.jpg",
              "image_link": ""
            }
          },
          "1540909708394": {
            "type": "image",
            "settings": {
              "image": "shopify:\/\/shop_images\/42002658_552820861851690_3598377742946533376_n.jpg",
              "image_link": ""
            }
          },
          "1540909720139": {
            "type": "image",
            "settings": {
              "image": "shopify:\/\/shop_images\/42409720_460660801091729_7720933790280843264_n.jpg",
              "image_link": ""
            }
          },
          "1540909735946": {
            "type": "image",
            "settings": {
              "image": "shopify:\/\/shop_images\/BOX_BAG_1.jpg",
              "image_link": ""
            }
          },
          "1540909750938": {
            "type": "image",
            "settings": {
              "image": "shopify:\/\/shop_images\/BOX_BAG_2.jpg",
              "image_link": ""
            }
          },
          "1540909772894": {
            "type": "image",
            "settings": {
              "image": "shopify:\/\/shop_images\/feature2_1024x_56057d20-a503-4d68-a478-4fa5c006a9bb.jpg",
              "image_link": ""
            }
          },
          "1540909786194": {
            "type": "image",
            "settings": {
              "image": "shopify:\/\/shop_images\/keevil_sydney_beach_elin_bandmann_photography-1_1024x1024_546b99d9-08f8-48fb-8bce-0397b9ab68eb.jpg",
              "image_link": ""
            }
          },
          "1540909817489": {
            "type": "image",
            "settings": {
              "image": "shopify:\/\/shop_images\/keevil_sydney_beach_elin_bandmann_photography-23_1024x1024_5032620c-1677-44c2-b8c4-789d926c8b3f.jpg",
              "image_link": ""
            }
          },
          "1540909829572": {
            "type": "image",
            "settings": {
              "image": "shopify:\/\/shop_images\/keevil_sydney_beach_elin_bandmann_photography-51_2048x2048_cf8df6d7-cc67-4dc6-a628-98c4067798c5.jpg",
              "image_link": ""
            }
          },
          "1540909842789": {
            "type": "image",
            "settings": {
              "image": "shopify:\/\/shop_images\/keevil_sydney_beach_elin_bandmann_photography-82_1024x1024_adb794d2-4a27-4cb1-a759-584e4ff0a01f.jpg",
              "image_link": ""
            }
          },
          "1540909853784": {
            "type": "image",
            "settings": {
              "image": "shopify:\/\/shop_images\/slide1_2000x.progressive_7fae4df9-9cb3-4805-bc92-7d2dfe2f570d.jpg",
              "image_link": ""
            }
          },
          "1540909868350": {
            "type": "image",
            "settings": {
              "image": "shopify:\/\/shop_images\/slide3_2000x.progressive_b7ceb256-6688-4ed6-9eae-faeaa53d13ee.jpg",
              "image_link": ""
            }
          },
          "1540909892074": {
            "type": "image",
            "settings": {
              "image": "shopify:\/\/shop_images\/website_collection_page_1_2048x2048_cfb9cdc3-1d0f-4e61-904a-32e8b8237bbf.jpg",
              "image_link": ""
            }
          },
          "1540909904256": {
            "type": "image",
            "settings": {
              "image": "shopify:\/\/shop_images\/WEBSITE_COLLECTION_PAGE_2048x2048-2.jpg",
              "image_link": ""
            }
          },
          "1540909927483": {
            "type": "image",
            "settings": {
              "image": "shopify:\/\/shop_images\/WEBSITE_COLLECTION_PAGE_2048x2048_91ade1bf-0fb1-481e-9885-cc9ffa5e9fe4.jpg",
              "image_link": ""
            }
          },
          "1540909944818": {
            "type": "image",
            "settings": {
              "image": "shopify:\/\/shop_images\/website_collection_page_red_multi2_2048x2048-2.jpg",
              "image_link": ""
            }
          },
          "1540909956601": {
            "type": "image",
            "settings": {
              "image": "shopify:\/\/shop_images\/website_collection_page_red_multi2_2048x2048_dd99f155-4e8b-4cae-8148-98cbf1df2336.jpg",
              "image_link": ""
            }
          }
        },
        "block_order": [
          "page-gallery-template-0",
          "page-gallery-template-4",
          "page-gallery-template-5",
          "page-gallery-template-6",
          "page-gallery-template-7",
          "page-gallery-template-8",
          "page-gallery-template-9",
          "1540909341480",
          "1540909357799",
          "1540909450985",
          "1540909485489",
          "1540909500584",
          "1540909518811",
          "1540909533902",
          "1540909549177",
          "1540909559258",
          "1540909575934",
          "1540909595729",
          "1540909606150",
          "1540909620709",
          "1540909635350",
          "1540909657113",
          "1540909671715",
          "1540909685676",
          "1540909697613",
          "1540909708394",
          "1540909720139",
          "1540909735946",
          "1540909750938",
          "1540909772894",
          "1540909786194",
          "1540909817489",
          "1540909829572",
          "1540909842789",
          "1540909853784",
          "1540909868350",
          "1540909892074",
          "1540909904256",
          "1540909927483",
          "1540909944818",
          "1540909956601"
        ],
        "settings": {
          "show_divider": false,
          "full_width": false,
          "gallery_type": "masonry",
          "grid-size": 3,
          "enable_lightbox": true
        }
      },
      "contact-template": {
        "type": "contact-template",
        "settings": {
          "image": "",
          "image_darken": false,
          "title": "Get in touch",
          "subtitle": "Subheading",
          "contact_text": "",
          "show_map": false,
          "wide_display": true,
          "map_address": "",
          "map_height": 400,
          "zoom_level": 16,
          "map_image": "",
          "api_key": "",
          "show_pin": true,
          "map_style": "default"
        }
      },
      "search-template": {
        "type": "search-template",
        "settings": {
          "image": "",
          "image_darken": false,
          "search_breadcrumb": false,
          "search_term": "Search...",
          "products_per_row": 3,
          "pagination_limit": 48,
          "blog_author": false,
          "read_more_link": true,
          "blog_date": true,
          "toggle": false
        }
      },
      "1540992885765": {
        "type": "featured-products",
        "blocks": {
          "1540992885765-0": {
            "type": "product",
            "settings": {
              "featured_product": "spartiate-black-leather-cuff"
            }
          }
        },
        "block_order": [
          "1540992885765-0"
        ],
        "settings": {
          "wide_display": false,
          "frontpage_product_stagger": true,
          "activate_autoplay": false,
          "enable_product_lightbox": true,
          "gallery_arrows": false,
          "activate_zoom": false,
          "slideshow_animation": "fade",
          "display_vendor": false,
          "enable_shopify_product_badges": true,
          "display_savings": true,
          "frontpage_display_description": true,
          "product_description_position": "top",
          "show_payment_button": true
        }
      },
      "1540993024550": {
        "type": "testimonial",
        "blocks": {
          "1540993024550-0": {
            "type": "image",
            "settings": {
              "title": "<a href=\"https:\/\/www.jewelers.org\/ja\/events-news\/case-awards\">CASE Award<\/a>",
              "testimonial": "<p><strong>Winner of the 2017 CASE Awards for expressing their individuality and craft through the design and manufacture of one-of-a-kind jewelry pieces.<\/strong><\/p>",
              "name": "",
              "store_name": "",
              "link": "",
              "text_position": "center",
              "text_align": "center",
              "image": "shopify:\/\/shop_images\/dubai-pattern-02.png",
              "darken_bg": true
            }
          },
          "1540993024550-1": {
            "type": "image",
            "settings": {
              "title": "<a href=\"http:\/\/www.saulbellaward.com\/\">Saul Bell Design Award<\/a>",
              "testimonial": "<p>Presented to DUBAI for recognizing distinction in jewelry design.<\/p>",
              "name": "",
              "store_name": "",
              "link": "",
              "text_position": "center",
              "text_align": "center",
              "image": "shopify:\/\/shop_images\/dubai-pattern-03.png",
              "darken_bg": true
            }
          },
          "1541388124617": {
            "type": "image",
            "settings": {
              "title": "<a href=\"https:\/\/www.jnaawards.com\/en-us\/\">JNA Awards<\/a>",
              "testimonial": "<p>Awarded to leather workers that share a strong commitment to raise the standards and to further promote and drive the industry towards excellence, innovation and best business practices.<\/p>",
              "name": "",
              "store_name": "",
              "link": "",
              "text_position": "center",
              "text_align": "center",
              "image": "shopify:\/\/shop_images\/dubai-pattern-04.png",
              "darken_bg": false
            }
          }
        },
        "block_order": [
          "1540993024550-0",
          "1540993024550-1",
          "1541388124617"
        ],
        "settings": {
          "wide_display": true,
          "testimonial_text_animation": "fadeInDown",
          "testimonial_speed": 6
        }
      },
      "page-team-template": {
        "type": "page-team-template",
        "blocks": {
          "page-team-template-0": {
            "type": "employee",
            "settings": {
              "image": "shopify:\/\/shop_images\/team-1.jpg",
              "title": "Jenna Ogilvie",
              "job_title": "Printz, Owner",
              "description": "<p>High quality print 24\/7.<\/p>",
              "twitter": "Shopify"
            }
          },
          "page-team-template-1": {
            "type": "employee",
            "settings": {
              "image": "shopify:\/\/shop_images\/team-2.jpg",
              "title": "Carley Finn",
              "job_title": "Everybody Eats restaurant, Owner",
              "description": "<p>Foodie, bartender, socialite.<\/p>",
              "twitter": "Shopify"
            }
          },
          "page-team-template-2": {
            "type": "employee",
            "settings": {
              "image": "shopify:\/\/shop_images\/team-3.jpg",
              "title": "Marcy Gagné",
              "job_title": "Mayangi Co., Owner",
              "description": "<p>Obsessed with pastels, floral patterns, and always up for a collaborative project.<\/p>",
              "twitter": "Shopify"
            }
          },
          "1541129916598": {
            "type": "employee",
            "settings": {
              "image": "shopify:\/\/shop_images\/team-4.jpg",
              "title": "Tim Mayangi",
              "job_title": "Mayangi Co., Clothing Designer",
              "description": "<p>Loves the smell of leather in the morning.<\/p>",
              "twitter": "Shopify"
            }
          },
          "1541160971832": {
            "type": "employee",
            "settings": {
              "image": "shopify:\/\/shop_images\/team-5.jpg",
              "title": "Lori Costella",
              "job_title": "Costella Eyeware, Owner",
              "description": "<p>Making the world a better place one pair of eyewear at a time.<\/p>",
              "twitter": "Shopify"
            }
          },
          "1541160996275": {
            "type": "employee",
            "settings": {
              "image": "shopify:\/\/shop_images\/team-9.jpg",
              "title": "Jay Abdala",
              "job_title": "barney's, tailor",
              "description": "<p>Sewing is my superpower.<\/p>",
              "twitter": "Shopify"
            }
          },
          "1541161025427": {
            "type": "employee",
            "settings": {
              "image": "shopify:\/\/shop_images\/team-7.jpg",
              "title": "Jamie Charlebois",
              "job_title": "group-x, social media manager",
              "description": "<p>Creating engaging online campaigns for my favorite fashionistas.<\/p>",
              "twitter": "Shopify"
            }
          },
          "1541161011119": {
            "type": "employee",
            "settings": {
              "image": "shopify:\/\/shop_images\/team-8.jpg",
              "title": "Anne Nadobmy",
              "job_title": "nadobny studio, owner",
              "description": "<p>Let no special moment go uncaptured.<\/p>",
              "twitter": "Shopify"
            }
          }
        },
        "block_order": [
          "page-team-template-0",
          "page-team-template-1",
          "page-team-template-2",
          "1541129916598",
          "1541160971832",
          "1541160996275",
          "1541161025427",
          "1541161011119"
        ],
        "settings": {
          "image": "shopify:\/\/shop_images\/team-together.jpg",
          "image_position": "left",
          "title": "we collaborate with the best",
          "text": "<p>We are fortunate enough to call these people our neighbours and friends. They have welcomed us into the space we now call our home. We are the craftspeople of the southeast coast, sharing similar visions by creating beautiful, consciously produced products for the world we love.<\/p>",
          "text_position": "left",
          "employee_per_row": 4,
          "member_color": "#fff",
          "member_accent_color": "#e8bf67",
          "member_overlay_color": "#000"
        }
      },
      "product-details-template": {
        "type": "product-details-template",
        "blocks": {
          "1541186012730": {
            "type": "divider",
            "settings": {
              "divider_spacing": 20,
              "divider_border": false
            }
          },
          "product-details-template-4": {
            "type": "image_with_text_overlay",
            "settings": {
              "wide_display": true,
              "image": "shopify:\/\/shop_images\/fall-collection-banner-3.jpg",
              "pretext": "<p>Discover our&nbsp;Limited Edition<\/p>",
              "title": "Fall 2018 Collection",
              "subtitle": "",
              "caption_background": false,
              "caption_background_transparency": false,
              "text_position": "center",
              "text_align": "center",
              "button1": "Shop Now",
              "button1_link": "shopify:\/\/collections\/men",
              "button1_highlight": true,
              "button2": "",
              "button2_link": "",
              "button2_highlight": false
            }
          },
          "product-details-template-3": {
            "type": "divider",
            "settings": {
              "divider_spacing": 20,
              "divider_border": false
            }
          },
          "1541186093979": {
            "type": "contact_form",
            "settings": {
              "contact_heading": "",
              "contact_subheading": "do you have a Question about this product or any others?",
              "contact_content": "<p>Reach out today and get in touch! We're alway super happy to discuss our catalog and we keep close ties with all our suppliers, so we can definitely find whatever answers you may be seeking. We are closed on weekends but are happy to reply to your inquiries throughout the business week. Please allow 48 hours for a response.<\/p>",
              "contact_text_position": "left",
              "contact_text_alignment": "left"
            }
          }
        },
        "block_order": [
          "1541186012730",
          "product-details-template-4",
          "product-details-template-3",
          "1541186093979"
        ],
        "settings": {
          "product_breadcrumb": false,
          "display_vendor": false,
          "display_sku": false,
          "display_savings": true,
          "display_collections": false,
          "display_type": false,
          "display_tags": false,
          "display_social_buttons": true,
          "product_description_position": "top",
          "gallery_arrows": false,
          "activate_zoom": false,
          "enable_product_lightbox": true,
          "activate_autoplay": false,
          "slideshow_animation": "slide",
          "product_images_position": "left",
          "product_thumbs": true,
          "thumbnail_position": "bottom-slider",
          "enable_shopify_product_badges": false,
          "enable_reviews_in_description": false,
          "show_payment_button": false
        }
      },
      "page-details-2-template": {
        "type": "page-details-2-template",
        "blocks": {
          "page-details-2-template-0": {
            "type": "image_with_text_overlay",
            "settings": {
              "image": "shopify:\/\/shop_images\/theme-info-banner_7bd89daa-4a05-4375-97c1-f1e85dd75010.jpg",
              "pretext": "<p>Build an online presence using our<\/p>",
              "title": "Turbo Shopify Theme",
              "subtitle": "",
              "caption_background": false,
              "caption_background_transparency": false,
              "text_position": "right",
              "text_align": "center",
              "button1": "get started",
              "button1_link": "https:\/\/outofthesandbox.com\/products\/turbo-theme-dubai",
              "button1_highlight": false,
              "button2": "",
              "button2_link": "",
              "button2_highlight": false
            }
          },
          "page-details-2-template-1": {
            "type": "divider",
            "settings": {
              "divider_spacing": 20,
              "divider_border": false
            }
          },
          "page-details-2-template-2": {
            "type": "rich_text_and_image",
            "settings": {
              "image": "",
              "title": "Built for speed. Styled with love.",
              "content": "<p>Turbo is a highly configurable, blazing fast theme that has been optimized for both speed and mobile experience. Turbo fully supports sections and is packed with features like product row sliders, mega menus, testimonials, homepage image gallery, FAQ template, interactive mini cart and infinite scrolling. It also boasts features like instantaneous page transitions for ultra-fast navigation and two separate speed modes.<\/p>",
              "text_size": "regular_text",
              "text_alignment": "center",
              "button_label": "",
              "button_link": ""
            }
          },
          "page-details-2-template-3": {
            "type": "divider",
            "settings": {
              "divider_spacing": 10,
              "divider_border": false
            }
          },
          "page-details-2-template-5": {
            "type": "divider",
            "settings": {
              "divider_spacing": 10,
              "divider_border": false
            }
          },
          "page-details-2-template-7": {
            "type": "image_with_text",
            "settings": {
              "layout": false,
              "frontpage_text_align": "left",
              "frontpage_image_position": "right",
              "image": "shopify:\/\/shop_images\/velocity-refined.jpg",
              "image_crop": "none",
              "title": "Velocity, refined.",
              "text": "<p>Turbo is a fully-loaded theme that can easily accommodate high volume, large catalog shops and especially&nbsp;<strong>Shopify Plus<\/strong>&nbsp;merchants. But it's also an excellent choice for any size shop that's looking for an edge - one that won't sacrifice style and flexibility for enhanced performance.<\/p>",
              "link": "https:\/\/outofthesandbox.com\/products\/turbo-theme-dubai",
              "button_label": "purchase theme"
            }
          },
          "page-details-2-template-18": {
            "type": "quote",
            "settings": {
              "quote_text": "••• 40% OF ONLINE SHOPPERS ABANDON A SITE THAT TAKES MORE THAN 3 SECONDS TO LOAD •••",
              "quote_link": ""
            }
          },
          "page-details-2-template-11": {
            "type": "divider",
            "settings": {
              "divider_spacing": 10,
              "divider_border": false
            }
          },
          "1540920503782": {
            "type": "image_with_text_overlay",
            "settings": {
              "image": "shopify:\/\/shop_images\/banner-24.jpg",
              "pretext": "",
              "title": "Feature-rich and elegant",
              "subtitle": "",
              "caption_background": true,
              "caption_background_transparency": false,
              "text_position": "left",
              "text_align": "center",
              "button1": "View shops using Turbo",
              "button1_link": "https:\/\/help.outofthesandbox.com\/hc\/en-us\/articles\/115006912387-Featured-Shops-using-Turbo",
              "button1_highlight": false,
              "button2": "",
              "button2_link": "",
              "button2_highlight": false
            }
          },
          "1541187308982": {
            "type": "divider",
            "settings": {
              "divider_spacing": 20,
              "divider_border": false
            }
          },
          "1540920637197": {
            "type": "page",
            "settings": {
              "content_page": "turbo-features-list"
            }
          },
          "1540920642170": {
            "type": "page",
            "settings": {
              "content_page": "turbo-styles-2"
            }
          },
          "1541187325317": {
            "type": "divider",
            "settings": {
              "divider_spacing": 15,
              "divider_border": false
            }
          },
          "1540920649134": {
            "type": "featured_video",
            "settings": {
              "source": "youtube",
              "aspect_ratio": "16:9",
              "autoplay": false,
              "autoloop": false,
              "video_dark_overlay": false,
              "video": "https:\/\/www.youtube.com\/watch?v=ETSA944NIXg",
              "mp4": "",
              "ogv": "",
              "image": "shopify:\/\/shop_images\/video-cover_df2c8f7f-8ebc-413f-a441-a647521f61d5.jpg",
              "display_text_over_video": false,
              "pretext": "",
              "title": "Getting started with Turbo:<br> A video guide",
              "subtitle": "",
              "text_position": "center",
              "text_align": "center",
              "caption_background": false,
              "caption_background_transparency": false,
              "button1_label": "Play Video",
              "button1_link": "",
              "button1_highlight": true,
              "button2_label": "",
              "button2_link": "",
              "button2_highlight": false
            }
          },
          "1541158310096": {
            "type": "divider",
            "settings": {
              "divider_spacing": 20,
              "divider_border": false
            }
          },
          "1540920654186": {
            "type": "page",
            "settings": {
              "content_page": "turbo-support"
            }
          },
          "1541157829826": {
            "type": "divider",
            "settings": {
              "divider_spacing": 20,
              "divider_border": false
            }
          }
        },
        "block_order": [
          "page-details-2-template-0",
          "page-details-2-template-1",
          "page-details-2-template-2",
          "page-details-2-template-3",
          "page-details-2-template-5",
          "page-details-2-template-7",
          "page-details-2-template-18",
          "page-details-2-template-11",
          "1540920503782",
          "1541187308982",
          "1540920637197",
          "1540920642170",
          "1541187325317",
          "1540920649134",
          "1541158310096",
          "1540920654186",
          "1541157829826"
        ],
        "settings": {}
      },
      "product-recommendations": {
        "type": "product-recommendations",
        "settings": {
          "show_product_recommendations": true,
          "product_recommendations_style": "grid",
          "product_recommendations_heading": "You may also like",
          "products_per_row": 4,
          "recommended_products_limit": 4
        }
      },
      "1565992031040": {
        "type": "divider",
        "settings": {
          "divider_spacing": 15,
          "divider_border": false
        }
      }
    },
    "content_for_index": [
      "1540193892753",
      "1565992031040",
      "1540296954532",
      "1540824795000",
      "1540992885765",
      "1489283919239",
      "1540993024550",
      "1489285418400"
    ]
  }
}