{"current":{"color_background":"#ffffff","color_headings":"#000000","color_text":"#000000","color_links":"#0f2632","color_button_background":"#00a21f","color_button_text":"#ffffff","color_header_background":"#0f2632","color_header_text":"#ffffff","color_footer_background":"#0f2632","color_footer_text":"#ffffff","product_show_vendor":false,"product_sales_badge":true,"product_sales_badge_style":"percentile","product_ratings_reviews":false,"product_social_sharing":true,"product_grid_emphasize_price":true,"product_grid_image_style":"small","product_grid_quick_buy":true,"social_facebook":"https:\/\/www.facebook.com\/ForbeDeals\/","social_twitter":"https:\/\/www.facebook.com\/ForbeDeals\/","social_google":"","social_pinterest":"https:\/\/www.facebook.com\/ForbeDeals\/","social_instagram":"https:\/\/www.facebook.com\/ForbeDeals\/","social_tumblr":"","social_vimeo":"","social_youtube":"https:\/\/www.facebook.com\/ForbeDeals\/","social_email":"support@forbedeal.com","favicon":"","enable_currency_converter":true,"currency_display_format":"money_format","currency_converter_currencies":"INR GBP CAD USD AUD EUR JPY","currency_converter_default":"USD","checkout_header_image":"","checkout_logo_image":"","checkout_logo_position":"center","checkout_logo_size":"large","checkout_body_background_image":"","checkout_body_background_color":"#fff","checkout_input_background_color_mode":"white","checkout_sidebar_background_image":"","checkout_sidebar_background_color":"#fafafa","checkout_heading_font":"Helvetica Neue","checkout_body_font":"Helvetica Neue","checkout_accent_color":"#1990c6","checkout_button_color":"#00a21f","checkout_error_color":"#ff6d6d","font_body":"Google_Cabin_400,400i,700,700i","font_heading":"Google_Cabin_400,400i,700,700i","product_cart_redirect":false,"product_grid_quick_look":false,"show_multiple_currencies":true,"show_decimal_places":true,"hide_decimal_places":false,"currency_format":"money_with_currency_format","supported_currencies":"INR GBP CAD USD AUD EUR JPY","default_currency":"USD","sections":{"static-header":{"type":"static-header","settings":{"sticky_header":true,"logo":"","enable_live_search":true,"enable_live_search_images":true,"enable_live_search_articles_pages":false,"quick_links":"","menu":"main-menu"}},"static-footer":{"type":"static-footer","blocks":{"1505952414301":{"type":"rich_text","settings":{"title":"ABOUT US","text":"<p>Shop around for some of the best deals online. We work closely with many suppliers to get you low prices for high quality products. Have a look and see. Take advantage of our prices while stock lasts!<\/p>"}},"1505957932701":{"type":"menu","settings":{"menu":""}},"1505952721829":{"type":"social_accounts","settings":{}},"static-footer-1":{"type":"newsletter","settings":{"title":"Sign up for our newsletter","text":"<p>Be the first to know about coupons and special promotions.<\/p>"}}},"block_order":["1505952414301","1505957932701","1505952721829","static-footer-1"],"settings":{"payment_icons":true,"additional_menu":"footer"}},"1505953216622":{"type":"dynamic-featured-collection","settings":{"title":"","collection":"","banner_color":"#ffffff","banner_image":""}},"static-product":{"type":"static-product","settings":{"layout":"layout--two-col","enable_related_products":true}},"static-collection":{"type":"static-collection","settings":{"show_collection_image":true,"products_per_page_range":48,"sort_by":true,"show_by":true,"show_sidebar":true,"filter_style":"none","filter_limit":"999","filter_position":"above_menus","menu_depth_range":1}},"static-cart":{"type":"static-cart","settings":{"enable_order_notes":false,"enable_shipping_calc":true,"shipping_calc_default_country":"United States"}},"1509844822158":{"type":"dynamic-featured-collection","settings":{"title":"","collection":"","banner_color":"#ffffff","banner_image":""}},"1510553356965":{"type":"dynamic-featured-collection","settings":{"title":"","collection":"","banner_color":"#ffffff","banner_image":""}},"1510553397187":{"type":"dynamic-featured-collection","disabled":true,"settings":{"title":"","collection":"","banner_color":"#ffffff","banner_image":""}},"1510553436926":{"type":"dynamic-featured-collection","disabled":true,"settings":{"title":"","collection":"","banner_color":"#ffffff","banner_image":""}},"1510553468517":{"type":"dynamic-featured-collection","disabled":true,"settings":{"title":"","collection":"","banner_color":"#ffffff","banner_image":""}},"1510618581868":{"type":"dynamic-promo-mosaic","blocks":{"1510618581868-0":{"type":"promotion","settings":{"image":"","title":"","text":"","color":"#4d4d4d","block_link":"","button_text":"","button_style":"primary"}}},"block_order":["1510618581868-0"],"settings":{"title":"","section_height":"small"}},"1511208399697":{"type":"dynamic-featured-collection","settings":{"title":"","collection":"","banner_color":"#ffffff","banner_image":""}},"static-search":{"type":"static-search","settings":{"results_per_page_range":24,"enable_search_articles_pages":true}}},"content_for_index":["1510618581868","1511208399697","1509844822158","1505953216622","1510553356965","1510553397187","1510553436926","1510553468517"]},"presets":{"Supply":{"color_background":"#ffffff","color_headings":"#222222","color_text":"#4d4d4d","color_links":"#29927d","color_button_background":"#ffab41","color_button_text":"#1a390c","color_header_background":"#30656b","color_header_text":"#ffffff","color_footer_background":"#f8f8f8","color_footer_text":"#5c5c5c","font_body":"Google_Cabin_400,400i,700,700i","font_heading":"Google_Cabin_400,400i,700,700i","content_for_index":[]},"Graphic":{"color_background":"#ffffff","color_headings":"#484848","color_text":"#4d4d4d","color_links":"#e32619","color_button_background":"#e32619","color_button_text":"#ffffff","color_header_background":"#ffffff","color_header_text":"#484848","color_footer_background":"#ffffff","color_footer_text":"#686868","font_body":"Google_Cabin_400,400i,700,700i","font_heading":"Google_Cabin_400,400i,700,700i","content_for_index":[]},"Industrial":{"color_background":"#ffffff","color_headings":"#4c4c4c","color_text":"#4c5154","color_links":"#0076de","color_button_background":"#0076de","color_button_text":"#ffffff","color_header_background":"#1d2236","color_header_text":"#ffffff","color_footer_background":"#edeff3","color_footer_text":"#5c5c5c","font_body":"Google_Libre+Franklin_400,400i,700,700i","font_heading":"Google_Arimo_400,400i,700,700i","content_for_index":[]}}}